# Made in Blockbench 5.1.5
mtllib rubber_duck.mtl

o body
v 0 0 -0.0625
v 0 1 -0.0625
v 0.024170454101692464 0.9755282581475768 0.0901062411949444
v 0.04597493575045509 0.9045084971874737 0.2277743202315236
v 0.06327907036175019 0.7938926261462366 0.33702832634372887
v 0.07438900867482898 0.6545084971874737 0.4071737161958764
v 0.07821723252011543 0.5 0.4313441702975689
v 0.07438900867482899 0.34549150281252633 0.40717371619587645
v 0.06327907036175019 0.2061073738537635 0.33702832634372887
v 0.045974935750455095 0.09549150281252633 0.22777432023152366
v 0.02417045410169247 0.024471741852423234 0.09010624119494445
v 0.07014538985214754 0.9755282581475768 0.07516807903657916
v 0.13342446021389773 0.9045084971874737 0.19936024730714969
v 0.18364301478703424 0.7938926261462366 0.29791971008367113
v 0.21588531155669458 0.6545084971874737 0.3611987804454213
v 0.22699524986977337 0.5 0.38300326209418395
v 0.2158853115566946 0.34549150281252633 0.36119878044542136
v 0.18364301478703424 0.2061073738537635 0.29791971008367113
v 0.13342446021389776 0.09549150281252633 0.19936024730714974
v 0.07014538985214756 0.024471741852423234 0.07516807903657921
v 0.10925400611220525 0.9755282581475768 0.04675400611220526
v 0.2078134688887267 0.9045084971874737 0.14531346888872673
v 0.2860307014088421 0.7938926261462366 0.22353070140884218
v 0.33624925598197863 0.6545084971874737 0.2737492559819787
v 0.35355339059327373 0.5 0.2910533905932738
v 0.33624925598197863 0.34549150281252633 0.2737492559819787
v 0.2860307014088421 0.2061073738537635 0.22353070140884218
v 0.20781346888872673 0.09549150281252633 0.14531346888872676
v 0.10925400611220529 0.024471741852423234 0.0467540061122053
v 0.13766807903657913 0.9755282581475768 0.007645389852147549
v 0.2618602473071497 0.9045084971874737 0.07092446021389773
v 0.36041971008367113 0.7938926261462366 0.12114301478703426
v 0.42369878044542125 0.6545084971874737 0.1533853115566946
v 0.4455032620941839 0.5 0.1644952498697734
v 0.4236987804454213 0.34549150281252633 0.15338531155669463
v 0.36041971008367113 0.2061073738537635 0.12114301478703426
v 0.26186024730714974 0.09549150281252633 0.07092446021389776
v 0.13766807903657918 0.024471741852423234 0.007645389852147577
v 0.1526062411949444 0.9755282581475768 -0.03832954589830753
v 0.2902743202315236 0.9045084971874737 -0.016525064249544898
v 0.39952832634372887 0.7938926261462366 0.0007790703617502059
v 0.4696737161958764 0.6545084971874737 0.011889008674829005
v 0.4938441702975689 0.5 0.015717232520115462
v 0.46967371619587645 0.34549150281252633 0.011889008674829019
v 0.39952832634372887 0.2061073738537635 0.0007790703617502059
v 0.29027432023152366 0.09549150281252633 -0.01652506424954489
v 0.15260624119494445 0.024471741852423234 -0.03832954589830752
v 0.1526062411949444 0.9755282581475768 -0.0866704541016925
v 0.29027432023152355 0.9045084971874737 -0.10847493575045514
v 0.3995283263437288 0.7938926261462366 -0.12577907036175023
v 0.46967371619587633 0.6545084971874737 -0.13688900867482906
v 0.49384417029756883 0.5 -0.14071723252011553
v 0.4696737161958764 0.34549150281252633 -0.13688900867482906
v 0.3995283263437288 0.2061073738537635 -0.12577907036175023
v 0.2902743202315236 0.09549150281252633 -0.10847493575045514
v 0.15260624119494445 0.024471741852423234 -0.0866704541016925
v 0.13766807903657916 0.9755282581475768 -0.13264538985214752
v 0.2618602473071497 0.9045084971874737 -0.1959244602138977
v 0.36041971008367113 0.7938926261462366 -0.2461430147870342
v 0.4236987804454213 0.6545084971874737 -0.27838531155669455
v 0.44550326209418395 0.5 -0.2894952498697734
v 0.42369878044542136 0.34549150281252633 -0.27838531155669455
v 0.36041971008367113 0.2061073738537635 -0.2461430147870342
v 0.26186024730714974 0.09549150281252633 -0.19592446021389773
v 0.1376680790365792 0.024471741852423234 -0.13264538985214755
v 0.10925400611220526 0.9755282581475768 -0.17175400611220526
v 0.20781346888872673 0.9045084971874737 -0.2703134688887267
v 0.2860307014088422 0.7938926261462366 -0.3485307014088421
v 0.3362492559819787 0.6545084971874737 -0.39874925598197863
v 0.3535533905932738 0.5 -0.41605339059327373
v 0.3362492559819787 0.34549150281252633 -0.39874925598197863
v 0.2860307014088422 0.2061073738537635 -0.3485307014088421
v 0.20781346888872676 0.09549150281252633 -0.27031346888872676
v 0.1092540061122053 0.024471741852423234 -0.1717540061122053
v 0.07014538985214755 0.9755282581475768 -0.20016807903657913
v 0.13342446021389776 0.9045084971874737 -0.3243602473071497
v 0.1836430147870343 0.7938926261462366 -0.42291971008367113
v 0.21588531155669463 0.6545084971874737 -0.48619878044542125
v 0.22699524986977343 0.5 -0.5080032620941839
v 0.21588531155669466 0.34549150281252633 -0.4861987804454213
v 0.1836430147870343 0.2061073738537635 -0.42291971008367113
v 0.13342446021389778 0.09549150281252633 -0.32436024730714974
v 0.07014538985214758 0.024471741852423234 -0.20016807903657918
v 0.024170454101692482 0.9755282581475768 -0.2151062411949444
v 0.045974935750455116 0.9045084971874737 -0.35277432023152355
v 0.06327907036175023 0.7938926261462366 -0.4620283263437288
v 0.07438900867482903 0.6545084971874737 -0.5321737161958764
v 0.07821723252011549 0.5 -0.5563441702975689
v 0.07438900867482903 0.34549150281252633 -0.5321737161958764
v 0.06327907036175023 0.2061073738537635 -0.4620283263437288
v 0.04597493575045512 0.09549150281252633 -0.3527743202315236
v 0.02417045410169249 0.024471741852423234 -0.21510624119494445
v -0.024170454101692444 0.9755282581475768 -0.2151062411949444
v -0.04597493575045505 0.9045084971874737 -0.3527743202315236
v -0.06327907036175012 0.7938926261462366 -0.46202832634372887
v -0.07438900867482891 0.6545084971874737 -0.5321737161958764
v -0.07821723252011537 0.5 -0.5563441702975689
v -0.07438900867482892 0.34549150281252633 -0.5321737161958764
v -0.06327907036175012 0.2061073738537635 -0.46202832634372887
v -0.045974935750455054 0.09549150281252633 -0.35277432023152366
v -0.02417045410169245 0.024471741852423234 -0.21510624119494445
v -0.07014538985214747 0.9755282581475768 -0.20016807903657918
v -0.1334244602138976 0.9045084971874737 -0.32436024730714974
v -0.18364301478703404 0.7938926261462366 -0.42291971008367124
v -0.21588531155669433 0.6545084971874737 -0.4861987804454214
v -0.22699524986977312 0.5 -0.5080032620941841
v -0.21588531155669435 0.34549150281252633 -0.4861987804454215
v -0.18364301478703404 0.2061073738537635 -0.42291971008367124
v -0.1334244602138976 0.09549150281252633 -0.3243602473071498
v -0.07014538985214748 0.024471741852423234 -0.20016807903657924
v -0.10925400611220525 0.9755282581475768 -0.1717540061122053
v -0.2078134688887267 0.9045084971874737 -0.27031346888872676
v -0.2860307014088421 0.7938926261462366 -0.34853070140884224
v -0.33624925598197863 0.6545084971874737 -0.39874925598197875
v -0.35355339059327373 0.5 -0.41605339059327384
v -0.33624925598197863 0.34549150281252633 -0.39874925598197875
v -0.2860307014088421 0.2061073738537635 -0.34853070140884224
v -0.20781346888872673 0.09549150281252633 -0.2703134688887268
v -0.10925400611220529 0.024471741852423234 -0.17175400611220532
v -0.13766807903657913 0.9755282581475768 -0.13264538985214758
v -0.2618602473071497 0.9045084971874737 -0.19592446021389778
v -0.36041971008367113 0.7938926261462366 -0.2461430147870343
v -0.42369878044542125 0.6545084971874737 -0.27838531155669466
v -0.4455032620941839 0.5 -0.2894952498697735
v -0.4236987804454213 0.34549150281252633 -0.27838531155669466
v -0.36041971008367113 0.2061073738537635 -0.2461430147870343
v -0.26186024730714974 0.09549150281252633 -0.1959244602138978
v -0.13766807903657918 0.024471741852423234 -0.13264538985214758
v -0.1526062411949444 0.9755282581475768 -0.0866704541016925
v -0.29027432023152355 0.9045084971874737 -0.10847493575045514
v -0.3995283263437288 0.7938926261462366 -0.12577907036175023
v -0.46967371619587633 0.6545084971874737 -0.13688900867482906
v -0.49384417029756883 0.5 -0.14071723252011553
v -0.4696737161958764 0.34549150281252633 -0.13688900867482906
v -0.3995283263437288 0.2061073738537635 -0.12577907036175023
v -0.2902743202315236 0.09549150281252633 -0.10847493575045514
v -0.15260624119494445 0.024471741852423234 -0.0866704541016925
v -0.1526062411949444 0.9755282581475768 -0.03832954589830757
v -0.2902743202315236 0.9045084971874737 -0.016525064249544974
v -0.39952832634372887 0.7938926261462366 0.0007790703617501088
v -0.4696737161958764 0.6545084971874737 0.01188900867482888
v -0.4938441702975689 0.5 0.015717232520115337
v -0.46967371619587645 0.34549150281252633 0.011889008674828894
v -0.39952832634372887 0.2061073738537635 0.0007790703617501088
v -0.29027432023152366 0.09549150281252633 -0.01652506424954496
v -0.15260624119494445 0.024471741852423234 -0.03832954589830756
v -0.13766807903657916 0.9755282581475768 0.007645389852147522
v -0.2618602473071497 0.9045084971874737 0.0709244602138977
v -0.36041971008367113 0.7938926261462366 0.12114301478703418
v -0.4236987804454213 0.6545084971874737 0.15338531155669452
v -0.44550326209418395 0.5 0.16449524986977332
v -0.42369878044542136 0.34549150281252633 0.15338531155669455
v -0.36041971008367113 0.2061073738537635 0.12114301478703418
v -0.26186024730714974 0.09549150281252633 0.07092446021389773
v -0.1376680790365792 0.024471741852423234 0.007645389852147549
v -0.10925400611220529 0.9755282581475768 0.04675400611220523
v -0.20781346888872676 0.9045084971874737 0.14531346888872668
v -0.28603070140884224 0.7938926261462366 0.22353070140884207
v -0.33624925598197875 0.6545084971874737 0.2737492559819786
v -0.35355339059327384 0.5 0.2910533905932737
v -0.33624925598197875 0.34549150281252633 0.2737492559819786
v -0.28603070140884224 0.2061073738537635 0.22353070140884207
v -0.20781346888872682 0.09549150281252633 0.1453134688887267
v -0.10925400611220532 0.024471741852423234 0.046754006112205274
v -0.07014538985214758 0.9755282581475768 0.07516807903657913
v -0.13342446021389778 0.9045084971874737 0.19936024730714969
v -0.18364301478703432 0.7938926261462366 0.29791971008367113
v -0.2158853115566947 0.6545084971874737 0.36119878044542125
v -0.22699524986977349 0.5 0.3830032620941839
v -0.2158853115566947 0.34549150281252633 0.3611987804454213
v -0.18364301478703432 0.2061073738537635 0.29791971008367113
v -0.1334244602138978 0.09549150281252633 0.19936024730714974
v -0.07014538985214759 0.024471741852423234 0.07516807903657918
v -0.024170454101692503 0.9755282581475768 0.0901062411949444
v -0.04597493575045516 0.9045084971874737 0.22777432023152355
v -0.06327907036175029 0.7938926261462366 0.3370283263437288
v -0.0743890086748291 0.6545084971874737 0.40717371619587633
v -0.07821723252011556 0.5 0.43134417029756883
v -0.0743890086748291 0.34549150281252633 0.4071737161958764
v -0.06327907036175029 0.2061073738537635 0.3370283263437288
v -0.045974935750455165 0.09549150281252633 0.2277743202315236
v -0.02417045410169251 0.024471741852423234 0.09010624119494445
vt 0 1
vt 0 1
vt 0 1
vt 0 1
vt 0 1
vt 0 1
vt 0 1
vt 0 1
vt 0 1
vt 0 1
vt 0 1
vt 0 1
vt 0 1
vt 0 1
vt 0 1
vt 0 1
vt 0 1
vt 0 1
vt 0 1
vt 0 1
vt 0 1
vt 0 1
vt 0 1
vt 0 1
vt 0 1
vt 0 1
vt 0 1
vt 0 1
vt 0 1
vt 0 1
vt 0 1
vt 0 1
vt 0 1
vt 0 1
vt 0 1
vt 0 1
vt 0 1
vt 0 1
vt 0 1
vt 0 1
vt 0 1
vt 0 1
vt 0 1
vt 0 1
vt 0 1
vt 0 1
vt 0 1
vt 0 1
vt 0 1
vt 0 1
vt 0 1
vt 0 1
vt 0 1
vt 0 1
vt 0 1
vt 0 1
vt 0 1
vt 0 1
vt 0 1
vt 0 1
vt 0 1
vt 0 1
vt 0 1
vt 0 1
vt 0 1
vt 0 1
vt 0 1
vt 0 1
vt 0 1
vt 0 1
vt 0 1
vt 0 1
vt 0 1
vt 0 1
vt 0 1
vt 0 1
vt 0 1
vt 0 1
vt 0 1
vt 0 1
vt 0 1
vt 0 1
vt 0 1
vt 0 1
vt 0 1
vt 0 1
vt 0 1
vt 0 1
vt 0 1
vt 0 1
vt 0 1
vt 0 1
vt 0 1
vt 0 1
vt 0 1
vt 0 1
vt 0 1
vt 0 1
vt 0 1
vt 0 1
vt 0 1
vt 0 1
vt 0 1
vt 0 1
vt 0 1
vt 0 1
vt 0 1
vt 0 1
vt 0 1
vt 0 1
vt 0 1
vt 0 1
vt 0 1
vt 0 1
vt 0 1
vt 0 1
vt 0 1
vt 0 1
vt 0 1
vt 0 1
vt 0 1
vt 0 1
vt 0 1
vt 0 1
vt 0 1
vt 0 1
vt 0 1
vt 0 1
vt 0 1
vt 0 1
vt 0 1
vt 0 1
vt 0 1
vt 0 1
vt 0 1
vt 0 1
vt 0 1
vt 0 1
vt 0 1
vt 0 1
vt 0 1
vt 0 1
vt 0 1
vt 0 1
vt 0 1
vt 0 1
vt 0 1
vt 0 1
vt 0 1
vt 0 1
vt 0 1
vt 0 1
vt 0 1
vt 0 1
vt 0 1
vt 0 1
vt 0 1
vt 0 1
vt 0 1
vt 0 1
vt 0 1
vt 0 1
vt 0 1
vt 0 1
vt 0 1
vt 0 1
vt 0 1
vt 0 1
vt 0 1
vt 0 1
vt 0 1
vt 0 1
vt 0 1
vt 0 1
vt 0 1
vt 0 1
vt 0 1
vt 0 1
vt 0 1
vt 0 1
vt 0 1
vt 0 1
vt 0 1
vt 0 1
vt 0 1
vt 0 1
vt 0 1
vt 0 1
vt 0 1
vt 0 1
vt 0 1
vt 0 1
vt 0 1
vt 0 1
vt 0 1
vt 0 1
vt 0 1
vt 0 1
vt 0 1
vt 0 1
vt 0 1
vt 0 1
vt 0 1
vt 0 1
vt 0 1
vt 0 1
vt 0 1
vt 0 1
vt 0 1
vt 0 1
vt 0 1
vt 0 1
vt 0 1
vt 0 1
vt 0 1
vt 0 1
vt 0 1
vt 0 1
vt 0 1
vt 0 1
vt 0 1
vt 0 1
vt 0 1
vt 0 1
vt 0 1
vt 0 1
vt 0 1
vt 0 1
vt 0 1
vt 0 1
vt 0 1
vt 0 1
vt 0 1
vt 0 1
vt 0 1
vt 0 1
vt 0 1
vt 0 1
vt 0 1
vt 0 1
vt 0 1
vt 0 1
vt 0 1
vt 0 1
vt 0 1
vt 0 1
vt 0 1
vt 0 1
vt 0 1
vt 0 1
vt 0 1
vt 0 1
vt 0 1
vt 0 1
vt 0 1
vt 0 1
vt 0 1
vt 0 1
vt 0 1
vt 0 1
vt 0 1
vt 0 1
vt 0 1
vt 0 1
vt 0 1
vt 0 1
vt 0 1
vt 0 1
vt 0 1
vt 0 1
vt 0 1
vt 0 1
vt 0 1
vt 0 1
vt 0 1
vt 0 1
vt 0 1
vt 0 1
vt 0 1
vt 0 1
vt 0 1
vt 0 1
vt 0 1
vt 0 1
vt 0 1
vt 0 1
vt 0 1
vt 0 1
vt 0 1
vt 0 1
vt 0 1
vt 0 1
vt 0 1
vt 0 1
vt 0 1
vt 0 1
vt 0 1
vt 0 1
vt 0 1
vt 0 1
vt 0 1
vt 0 1
vt 0 1
vt 0 1
vt 0 1
vt 0 1
vt 0 1
vt 0 1
vt 0 1
vt 0 1
vt 0 1
vt 0 1
vt 0 1
vt 0 1
vt 0 1
vt 0 1
vt 0 1
vt 0 1
vt 0 1
vt 0 1
vt 0 1
vt 0 1
vt 0 1
vt 0 1
vt 0 1
vt 0 1
vt 0 1
vt 0 1
vt 0 1
vt 0 1
vt 0 1
vt 0 1
vt 0 1
vt 0 1
vt 0 1
vt 0 1
vt 0 1
vt 0 1
vt 0 1
vt 0 1
vt 0 1
vt 0 1
vt 0 1
vt 0 1
vt 0 1
vt 0 1
vt 0 1
vt 0 1
vt 0 1
vt 0 1
vt 0 1
vt 0 1
vt 0 1
vt 0 1
vt 0 1
vt 0 1
vt 0 1
vt 0 1
vt 0 1
vt 0 1
vt 0 1
vt 0 1
vt 0 1
vt 0 1
vt 0 1
vt 0 1
vt 0 1
vt 0 1
vt 0 1
vt 0 1
vt 0 1
vt 0 1
vt 0 1
vt 0 1
vt 0 1
vt 0 1
vt 0 1
vt 0 1
vt 0 1
vt 0 1
vt 0 1
vt 0 1
vt 0 1
vt 0 1
vt 0 1
vt 0 1
vt 0 1
vt 0 1
vt 0 1
vt 0 1
vt 0 1
vt 0 1
vt 0 1
vt 0 1
vt 0 1
vt 0 1
vt 0 1
vt 0 1
vt 0 1
vt 0 1
vt 0 1
vt 0 1
vt 0 1
vt 0 1
vt 0 1
vt 0 1
vt 0 1
vt 0 1
vt 0 1
vt 0 1
vt 0 1
vt 0 1
vt 0 1
vt 0 1
vt 0 1
vt 0 1
vt 0 1
vt 0 1
vt 0 1
vt 0 1
vt 0 1
vt 0 1
vt 0 1
vt 0 1
vt 0 1
vt 0 1
vt 0 1
vt 0 1
vt 0 1
vt 0 1
vt 0 1
vt 0 1
vt 0 1
vt 0 1
vt 0 1
vt 0 1
vt 0 1
vt 0 1
vt 0 1
vt 0 1
vt 0 1
vt 0 1
vt 0 1
vt 0 1
vt 0 1
vt 0 1
vt 0 1
vt 0 1
vt 0 1
vt 0 1
vt 0 1
vt 0 1
vt 0 1
vt 0 1
vt 0 1
vt 0 1
vt 0 1
vt 0 1
vt 0 1
vt 0 1
vt 0 1
vt 0 1
vt 0 1
vt 0 1
vt 0 1
vt 0 1
vt 0 1
vt 0 1
vt 0 1
vt 0 1
vt 0 1
vt 0 1
vt 0 1
vt 0 1
vt 0 1
vt 0 1
vt 0 1
vt 0 1
vt 0 1
vt 0 1
vt 0 1
vt 0 1
vt 0 1
vt 0 1
vt 0 1
vt 0 1
vt 0 1
vt 0 1
vt 0 1
vt 0 1
vt 0 1
vt 0 1
vt 0 1
vt 0 1
vt 0 1
vt 0 1
vt 0 1
vt 0 1
vt 0 1
vt 0 1
vt 0 1
vt 0 1
vt 0 1
vt 0 1
vt 0 1
vt 0 1
vt 0 1
vt 0 1
vt 0 1
vt 0 1
vt 0 1
vt 0 1
vt 0 1
vt 0 1
vt 0 1
vt 0 1
vt 0 1
vt 0 1
vt 0 1
vt 0 1
vt 0 1
vt 0 1
vt 0 1
vt 0 1
vt 0 1
vt 0 1
vt 0 1
vt 0 1
vt 0 1
vt 0 1
vt 0 1
vt 0 1
vt 0 1
vt 0 1
vt 0 1
vt 0 1
vt 0 1
vt 0 1
vt 0 1
vt 0 1
vt 0 1
vt 0 1
vt 0 1
vt 0 1
vt 0 1
vt 0 1
vt 0 1
vt 0 1
vt 0 1
vt 0 1
vt 0 1
vt 0 1
vt 0 1
vt 0 1
vt 0 1
vt 0 1
vt 0 1
vt 0 1
vt 0 1
vt 0 1
vt 0 1
vt 0 1
vt 0 1
vt 0 1
vt 0 1
vt 0 1
vt 0 1
vt 0 1
vt 0 1
vt 0 1
vt 0 1
vt 0 1
vt 0 1
vt 0 1
vt 0 1
vt 0 1
vt 0 1
vt 0 1
vt 0 1
vt 0 1
vt 0 1
vt 0 1
vt 0 1
vt 0 1
vt 0 1
vt 0 1
vt 0 1
vt 0 1
vt 0 1
vt 0 1
vt 0 1
vt 0 1
vt 0 1
vt 0 1
vt 0 1
vt 0 1
vt 0 1
vt 0 1
vt 0 1
vt 0 1
vt 0 1
vt 0 1
vt 0 1
vt 0 1
vt 0 1
vt 0 1
vt 0 1
vt 0 1
vt 0 1
vt 0 1
vt 0 1
vt 0 1
vt 0 1
vt 0 1
vt 0 1
vt 0 1
vt 0 1
vt 0 1
vt 0 1
vt 0 1
vt 0 1
vt 0 1
vt 0 1
vt 0 1
vt 0 1
vt 0 1
vt 0 1
vt 0 1
vt 0 1
vt 0 1
vt 0 1
vt 0 1
vt 0 1
vt 0 1
vt 0 1
vt 0 1
vt 0 1
vt 0 1
vt 0 1
vt 0 1
vt 0 1
vt 0 1
vt 0 1
vt 0 1
vt 0 1
vt 0 1
vt 0 1
vt 0 1
vt 0 1
vt 0 1
vt 0 1
vt 0 1
vt 0 1
vt 0 1
vt 0 1
vt 0 1
vt 0 1
vt 0 1
vt 0 1
vt 0 1
vt 0 1
vt 0 1
vt 0 1
vt 0 1
vt 0 1
vt 0 1
vt 0 1
vt 0 1
vt 0 1
vt 0 1
vt 0 1
vt 0 1
vt 0 1
vt 0 1
vt 0 1
vt 0 1
vt 0 1
vt 0 1
vt 0 1
vt 0 1
vt 0 1
vt 0 1
vt 0 1
vt 0 1
vt 0 1
vt 0 1
vt 0 1
vt 0 1
vt 0 1
vt 0 1
vt 0 1
vt 0 1
vt 0 1
vt 0 1
vt 0 1
vt 0 1
vt 0 1
vt 0 1
vt 0 1
vt 0 1
vt 0 1
vt 0 1
vt 0 1
vt 0 1
vt 0 1
vt 0 1
vt 0 1
vt 0 1
vt 0 1
vt 0 1
vt 0 1
vt 0 1
vt 0 1
vt 0 1
vt 0 1
vt 0 1
vt 0 1
vt 0 1
vt 0 1
vt 0 1
vt 0 1
vt 0 1
vt 0 1
vt 0 1
vt 0 1
vt 0 1
vt 0 1
vt 0 1
vt 0 1
vt 0 1
vt 0 1
vt 0 1
vt 0 1
vt 0 1
vt 0 1
vt 0 1
vt 0 1
vt 0 1
vt 0 1
vt 0 1
vt 0 1
vt 0 1
vt 0 1
vt 0 1
vt 0 1
vt 0 1
vt 0 1
vt 0 1
vt 0 1
vt 0 1
vt 0 1
vt 0 1
vt 0 1
vt 0 1
vt 0 1
vt 0 1
vt 0 1
vt 0 1
vt 0 1
vt 0 1
vn 0.04892846768292012 0.9873853145606974 0.1505863394869347
vn 0.14167374385634673 0.888712017441951 0.4360269491166617
vn 0.21985722443400346 0.702713511301559 0.6766509601695767
vn 0.27603316701240904 0.44953624337577375 0.8495427338284383
vn 0.30530391417051006 0.15455478293210773 0.9396288304777451
vn 0.30530391417050995 -0.15455478293210737 0.9396288304777451
vn 0.2760331670124091 -0.44953624337577397 0.8495427338284381
vn 0.21985722443400346 -0.7027135113015588 0.6766509601695768
vn 0.1416737438563465 -0.8887120174419508 0.43602694911666184
vn 0.048928467682920064 -0.9873853145606973 0.15058633948693464
vn 0.09306747604435604 0.9873853145606974 0.1280963914113357
vn 0.2694794745650179 0.888712017441951 0.3709066767293621
vn 0.41819329190504967 0.7027135113015591 0.5755936862404344
vn 0.5250462844014798 0.4495362433757737 0.722664213260763
vn 0.5807225540445596 0.15455478293210767 0.7992960241967759
vn 0.5807225540445599 -0.15455478293210728 0.7992960241967757
vn 0.5250462844014797 -0.4495362433757741 0.7226642132607628
vn 0.41819329190505006 -0.7027135113015588 0.5755936862404345
vn 0.269479474565018 -0.8887120174419509 0.3709066767293624
vn 0.09306747604435602 -0.9873853145606974 0.12809639141133564
vn 0.12809639141133572 0.9873853145606974 0.09306747604435603
vn 0.3709066767293621 0.8887120174419509 0.26947947456501775
vn 0.5755936862404344 0.7027135113015591 0.41819329190504984
vn 0.722664213260763 0.4495362433757738 0.5250462844014797
vn 0.7992960241967759 0.15455478293210753 0.5807225540445596
vn 0.7992960241967757 -0.1545547829321075 0.5807225540445596
vn 0.7226642132607629 -0.44953624337577386 0.52504628440148
vn 0.5755936862404344 -0.702713511301559 0.4181932919050499
vn 0.37090667672936223 -0.8887120174419509 0.26947947456501814
vn 0.12809639141133566 -0.9873853145606974 0.09306747604435599
vn 0.15058633948693464 0.9873853145606973 0.04892846768292018
vn 0.4360269491166616 0.8887120174419509 0.1416737438563467
vn 0.6766509601695767 0.7027135113015591 0.21985722443400343
vn 0.8495427338284384 0.44953624337577364 0.2760331670124093
vn 0.939628830477745 0.15455478293210767 0.30530391417051034
vn 0.939628830477745 -0.1545547829321073 0.3053039141705104
vn 0.8495427338284384 -0.44953624337577386 0.27603316701240915
vn 0.6766509601695767 -0.7027135113015589 0.21985722443400346
vn 0.4360269491166618 -0.8887120174419508 0.14167374385634687
vn 0.15058633948693462 -0.9873853145606973 0.048928467682920154
vn 0.15833584745683113 0.9873853145606973 0
vn 0.4584658657460308 0.8887120174419509 -2.4357736344135313e-16
vn 0.7114729236128623 0.7027135113015589 -3.5264773156798484e-16
vn 0.893262092496708 0.44953624337577364 -2.988939049455054e-16
vn 0.9879842200525316 0.1545547829321077 -3.545401781052495e-16
vn 0.9879842200525316 -0.15455478293210737 -3.7278560425237704e-16
vn 0.893262092496708 -0.449536243375774 -3.5137085865415273e-16
vn 0.7114729236128624 -0.7027135113015588 -4.853779620253458e-16
vn 0.4584658657460312 -0.8887120174419509 0
vn 0.1583358474568311 -0.9873853145606973 0
vn 0.15058633948693467 0.9873853145606973 -0.04892846768292013
vn 0.43602694911666184 0.888712017441951 -0.14167374385634665
vn 0.6766509601695767 0.702713511301559 -0.2198572244340033
vn 0.8495427338284384 0.44953624337577375 -0.2760331670124089
vn 0.9396288304777453 0.15455478293210773 -0.30530391417050995
vn 0.9396288304777454 -0.1545547829321074 -0.3053039141705098
vn 0.8495427338284381 -0.44953624337577397 -0.2760331670124088
vn 0.6766509601695768 -0.7027135113015589 -0.21985722443400332
vn 0.436026949116662 -0.8887120174419507 -0.14167374385634693
vn 0.15058633948693462 -0.9873853145606974 -0.04892846768292011
vn 0.1280963914113357 0.9873853145606974 -0.09306747604435604
vn 0.37090667672936223 0.8887120174419508 -0.26947947456501786
vn 0.5755936862404344 0.7027135113015591 -0.41819329190504956
vn 0.7226642132607631 0.4495362433757738 -0.5250462844014798
vn 0.7992960241967759 0.15455478293210767 -0.5807225540445595
vn 0.7992960241967759 -0.15455478293210728 -0.5807225540445597
vn 0.722664213260763 -0.4495362433757741 -0.5250462844014796
vn 0.5755936862404345 -0.7027135113015588 -0.4181932919050499
vn 0.3709066767293625 -0.8887120174419508 -0.269479474565018
vn 0.1280963914113357 -0.9873853145606974 -0.093067476044356
vn 0.09306747604435603 0.9873853145606974 -0.12809639141133572
vn 0.2694794745650179 0.888712017441951 -0.3709066767293621
vn 0.4181932919050498 0.702713511301559 -0.5755936862404344
vn 0.5250462844014798 0.44953624337577375 -0.722664213260763
vn 0.5807225540445596 0.1545547829321075 -0.7992960241967757
vn 0.5807225540445597 -0.1545547829321075 -0.7992960241967757
vn 0.52504628440148 -0.44953624337577375 -0.7226642132607628
vn 0.41819329190504995 -0.7027135113015589 -0.5755936862404343
vn 0.26947947456501814 -0.8887120174419509 -0.37090667672936223
vn 0.09306747604435599 -0.9873853145606974 -0.12809639141133566
vn 0.0489284676829202 0.9873853145606974 -0.15058633948693467
vn 0.14167374385634648 0.8887120174419509 -0.4360269491166617
vn 0.21985722443400305 0.702713511301559 -0.6766509601695767
vn 0.27603316701240904 0.4495362433757735 -0.8495427338284384
vn 0.30530391417051 0.15455478293210767 -0.9396288304777451
vn 0.30530391417050995 -0.15455478293210728 -0.9396288304777451
vn 0.27603316701240876 -0.4495362433757738 -0.8495427338284385
vn 0.21985722443400305 -0.7027135113015588 -0.6766509601695769
vn 0.1416737438563469 -0.8887120174419507 -0.4360269491166619
vn 0.04892846768292016 -0.9873853145606973 -0.15058633948693462
vn 0 0.9873853145606972 -0.15833584745683113
vn 2.435773634413534e-16 0.8887120174419508 -0.45846586574603093
vn 2.6448579867598882e-16 0.702713511301559 -0.7114729236128622
vn 3.736173811818821e-16 0.44953624337577375 -0.893262092496708
vn 3.5454017810524984e-16 0.15455478293210773 -0.9879842200525317
vn 3.7278560425237733e-16 -0.1545547829321074 -0.9879842200525316
vn 4.392135733176912e-16 -0.449536243375774 -0.893262092496708
vn 4.853779620253463e-16 -0.7027135113015589 -0.7114729236128624
vn 0 -0.8887120174419507 -0.4584658657460313
vn 0 -0.9873853145606973 -0.15833584745683107
vn -0.04892846768292008 0.9873853145606974 -0.1505863394869347
vn -0.14167374385634665 0.888712017441951 -0.43602694911666173
vn -0.21985722443400307 0.702713511301559 -0.6766509601695767
vn -0.2760331670124087 0.4495362433757737 -0.8495427338284384
vn -0.30530391417050984 0.15455478293210775 -0.9396288304777453
vn -0.3053039141705096 -0.15455478293210737 -0.9396288304777453
vn -0.27603316701240865 -0.449536243375774 -0.8495427338284384
vn -0.21985722443400343 -0.7027135113015588 -0.6766509601695768
vn -0.1416737438563465 -0.8887120174419508 -0.43602694911666195
vn -0.04892846768292005 -0.9873853145606973 -0.15058633948693462
vn -0.09306747604435595 0.9873853145606974 -0.12809639141133577
vn -0.26947947456501764 0.8887120174419508 -0.3709066767293623
vn -0.4181932919050493 0.7027135113015591 -0.5755936862404347
vn -0.5250462844014795 0.4495362433757738 -0.7226642132607634
vn -0.5807225540445591 0.15455478293210767 -0.7992960241967761
vn -0.5807225540445592 -0.15455478293210728 -0.7992960241967761
vn -0.5250462844014794 -0.4495362433757741 -0.7226642132607632
vn -0.4181932919050491 -0.702713511301559 -0.5755936862404348
vn -0.26947947456501775 -0.8887120174419508 -0.3709066767293625
vn -0.09306747604435592 -0.9873853145606974 -0.12809639141133572
vn -0.12809639141133575 0.9873853145606974 -0.093067476044356
vn -0.3709066767293621 0.888712017441951 -0.2694794745650179
vn -0.5755936862404344 0.7027135113015591 -0.4181932919050496
vn -0.722664213260763 0.4495362433757738 -0.5250462844014797
vn -0.7992960241967759 0.15455478293210753 -0.5807225540445596
vn -0.7992960241967757 -0.1545547829321075 -0.5807225540445596
vn -0.7226642132607629 -0.44953624337577375 -0.5250462844014798
vn -0.5755936862404344 -0.702713511301559 -0.4181932919050499
vn -0.37090667672936245 -0.8887120174419509 -0.26947947456501803
vn -0.12809639141133566 -0.9873853145606974 -0.09306747604435599
vn -0.15058633948693467 0.9873853145606974 -0.048928467682920196
vn -0.43602694911666173 0.8887120174419509 -0.14167374385634648
vn -0.6766509601695768 0.702713511301559 -0.21985722443400316
vn -0.8495427338284384 0.4495362433757736 -0.27603316701240904
vn -0.9396288304777451 0.15455478293210767 -0.30530391417051
vn -0.9396288304777451 -0.15455478293210728 -0.30530391417050995
vn -0.8495427338284383 -0.4495362433757738 -0.27603316701240876
vn -0.6766509601695769 -0.7027135113015588 -0.21985722443400302
vn -0.43602694911666184 -0.8887120174419508 -0.14167374385634685
vn -0.15058633948693462 -0.9873853145606973 -0.048928467682920154
vn -0.15833584745683113 0.9873853145606972 0
vn -0.45846586574603093 0.888712017441951 -2.435773634413534e-16
vn -0.7114729236128623 0.702713511301559 -2.6448579867598882e-16
vn -0.8932620924967081 0.4495362433757738 -3.736173811818821e-16
vn -0.9879842200525317 0.15455478293210773 -3.5454017810524984e-16
vn -0.9879842200525316 -0.1545547829321074 -3.7278560425237733e-16
vn -0.893262092496708 -0.449536243375774 -4.392135733176912e-16
vn -0.7114729236128624 -0.7027135113015588 -4.853779620253462e-16
vn -0.45846586574603126 -0.8887120174419507 0
vn -0.1583358474568311 -0.9873853145606973 0
vn -0.1505863394869347 0.9873853145606974 0.0489284676829201
vn -0.4360269491166617 0.888712017441951 0.14167374385634668
vn -0.6766509601695767 0.702713511301559 0.2198572244340034
vn -0.8495427338284384 0.44953624337577364 0.2760331670124089
vn -0.939628830477745 0.1545547829321077 0.30530391417050995
vn -0.9396288304777453 -0.15455478293210737 0.3053039141705099
vn -0.8495427338284381 -0.44953624337577397 0.27603316701240904
vn -0.6766509601695768 -0.7027135113015588 0.21985722443400338
vn -0.43602694911666195 -0.8887120174419508 0.1416737438563465
vn -0.15058633948693464 -0.9873853145606974 0.048928467682920064
vn -0.12809639141133575 0.9873853145606974 0.09306747604435599
vn -0.3709066767293621 0.8887120174419508 0.2694794745650178
vn -0.5755936862404346 0.7027135113015589 0.41819329190504945
vn -0.7226642132607632 0.44953624337577375 0.5250462844014796
vn -0.799296024196776 0.15455478293210767 0.5807225540445594
vn -0.7992960241967759 -0.1545547829321073 0.5807225540445596
vn -0.722664213260763 -0.44953624337577414 0.5250462844014795
vn -0.5755936862404347 -0.7027135113015588 0.4181932919050498
vn -0.3709066767293624 -0.8887120174419507 0.26947947456501803
vn -0.12809639141133566 -0.9873853145606974 0.09306747604435599
vn -0.09306747604435604 0.9873853145606974 0.1280963914113357
vn -0.26947947456501803 0.8887120174419509 0.37090667672936195
vn -0.41819329190505 0.702713511301559 0.5755936862404343
vn -0.5250462844014799 0.4495362433757738 0.7226642132607628
vn -0.5807225540445599 0.1545547829321075 0.7992960241967756
vn -0.5807225540445599 -0.15455478293210753 0.7992960241967756
vn -0.5250462844014802 -0.44953624337577375 0.7226642132607627
vn -0.41819329190505017 -0.7027135113015588 0.5755936862404343
vn -0.26947947456501803 -0.8887120174419507 0.3709066767293623
vn -0.09306747604435603 -0.9873853145606974 0.12809639141133566
vn -0.048928467682920196 0.9873853145606974 0.15058633948693467
vn -0.1416737438563465 0.888712017441951 0.43602694911666173
vn -0.2198572244340031 0.702713511301559 0.6766509601695767
vn -0.2760331670124091 0.44953624337577364 0.8495427338284385
vn -0.30530391417051 0.15455478293210767 0.9396288304777451
vn -0.30530391417051006 -0.15455478293210734 0.939628830477745
vn -0.2760331670124088 -0.4495362433757738 0.8495427338284385
vn -0.21985722443400316 -0.7027135113015589 0.6766509601695769
vn -0.1416737438563469 -0.8887120174419509 0.43602694911666195
vn -0.04892846768292017 -0.9873853145606973 0.15058633948693462
vn 0 0.9873853145606973 0.15833584745683113
vn -2.435773634413532e-16 0.888712017441951 0.458465865746031
vn -2.6448579867598853e-16 0.702713511301559 0.7114729236128622
vn -3.7361738118188164e-16 0.4495362433757737 0.893262092496708
vn -3.545401781052495e-16 0.1545547829321077 0.9879842200525316
vn -3.727856042523771e-16 -0.1545547829321074 0.9879842200525316
vn -4.392135733176907e-16 -0.449536243375774 0.8932620924967078
vn -4.853779620253458e-16 -0.7027135113015588 0.7114729236128624
vn 0 -0.8887120174419507 0.45846586574603115
vn 0 -0.9873853145606973 0.1583358474568311
usemtl m_b8e00a4c-843b-4628-b292-0fe528d9dcaf
f 3/1/1 12/2/1 2/3/1
f 3/4/2 4/5/2 13/6/2 12/7/2
f 4/8/3 5/9/3 14/10/3 13/11/3
f 5/12/4 6/13/4 15/14/4 14/15/4
f 6/16/5 7/17/5 16/18/5 15/19/5
f 7/20/6 8/21/6 17/22/6 16/23/6
f 8/24/7 9/25/7 18/26/7 17/27/7
f 9/28/8 10/29/8 19/30/8 18/31/8
f 10/32/9 11/33/9 20/34/9 19/35/9
f 20/36/10 11/37/10 1/38/10
f 12/39/11 21/40/11 2/41/11
f 12/42/12 13/43/12 22/44/12 21/45/12
f 13/46/13 14/47/13 23/48/13 22/49/13
f 14/50/14 15/51/14 24/52/14 23/53/14
f 15/54/15 16/55/15 25/56/15 24/57/15
f 16/58/16 17/59/16 26/60/16 25/61/16
f 17/62/17 18/63/17 27/64/17 26/65/17
f 18/66/18 19/67/18 28/68/18 27/69/18
f 19/70/19 20/71/19 29/72/19 28/73/19
f 29/74/20 20/75/20 1/76/20
f 21/77/21 30/78/21 2/79/21
f 21/80/22 22/81/22 31/82/22 30/83/22
f 22/84/23 23/85/23 32/86/23 31/87/23
f 23/88/24 24/89/24 33/90/24 32/91/24
f 24/92/25 25/93/25 34/94/25 33/95/25
f 25/96/26 26/97/26 35/98/26 34/99/26
f 26/100/27 27/101/27 36/102/27 35/103/27
f 27/104/28 28/105/28 37/106/28 36/107/28
f 28/108/29 29/109/29 38/110/29 37/111/29
f 38/112/30 29/113/30 1/114/30
f 30/115/31 39/116/31 2/117/31
f 30/118/32 31/119/32 40/120/32 39/121/32
f 31/122/33 32/123/33 41/124/33 40/125/33
f 32/126/34 33/127/34 42/128/34 41/129/34
f 33/130/35 34/131/35 43/132/35 42/133/35
f 34/134/36 35/135/36 44/136/36 43/137/36
f 35/138/37 36/139/37 45/140/37 44/141/37
f 36/142/38 37/143/38 46/144/38 45/145/38
f 37/146/39 38/147/39 47/148/39 46/149/39
f 47/150/40 38/151/40 1/152/40
f 39/153/41 48/154/41 2/155/41
f 39/156/42 40/157/42 49/158/42 48/159/42
f 40/160/43 41/161/43 50/162/43 49/163/43
f 41/164/44 42/165/44 51/166/44 50/167/44
f 42/168/45 43/169/45 52/170/45 51/171/45
f 43/172/46 44/173/46 53/174/46 52/175/46
f 44/176/47 45/177/47 54/178/47 53/179/47
f 45/180/48 46/181/48 55/182/48 54/183/48
f 46/184/49 47/185/49 56/186/49 55/187/49
f 56/188/50 47/189/50 1/190/50
f 48/191/51 57/192/51 2/193/51
f 48/194/52 49/195/52 58/196/52 57/197/52
f 49/198/53 50/199/53 59/200/53 58/201/53
f 50/202/54 51/203/54 60/204/54 59/205/54
f 51/206/55 52/207/55 61/208/55 60/209/55
f 52/210/56 53/211/56 62/212/56 61/213/56
f 53/214/57 54/215/57 63/216/57 62/217/57
f 54/218/58 55/219/58 64/220/58 63/221/58
f 55/222/59 56/223/59 65/224/59 64/225/59
f 65/226/60 56/227/60 1/228/60
f 57/229/61 66/230/61 2/231/61
f 57/232/62 58/233/62 67/234/62 66/235/62
f 58/236/63 59/237/63 68/238/63 67/239/63
f 59/240/64 60/241/64 69/242/64 68/243/64
f 60/244/65 61/245/65 70/246/65 69/247/65
f 61/248/66 62/249/66 71/250/66 70/251/66
f 62/252/67 63/253/67 72/254/67 71/255/67
f 63/256/68 64/257/68 73/258/68 72/259/68
f 64/260/69 65/261/69 74/262/69 73/263/69
f 74/264/70 65/265/70 1/266/70
f 66/267/71 75/268/71 2/269/71
f 66/270/72 67/271/72 76/272/72 75/273/72
f 67/274/73 68/275/73 77/276/73 76/277/73
f 68/278/74 69/279/74 78/280/74 77/281/74
f 69/282/75 70/283/75 79/284/75 78/285/75
f 70/286/76 71/287/76 80/288/76 79/289/76
f 71/290/77 72/291/77 81/292/77 80/293/77
f 72/294/78 73/295/78 82/296/78 81/297/78
f 73/298/79 74/299/79 83/300/79 82/301/79
f 83/302/80 74/303/80 1/304/80
f 75/305/81 84/306/81 2/307/81
f 75/308/82 76/309/82 85/310/82 84/311/82
f 76/312/83 77/313/83 86/314/83 85/315/83
f 77/316/84 78/317/84 87/318/84 86/319/84
f 78/320/85 79/321/85 88/322/85 87/323/85
f 79/324/86 80/325/86 89/326/86 88/327/86
f 80/328/87 81/329/87 90/330/87 89/331/87
f 81/332/88 82/333/88 91/334/88 90/335/88
f 82/336/89 83/337/89 92/338/89 91/339/89
f 92/340/90 83/341/90 1/342/90
f 84/343/91 93/344/91 2/345/91
f 84/346/92 85/347/92 94/348/92 93/349/92
f 85/350/93 86/351/93 95/352/93 94/353/93
f 86/354/94 87/355/94 96/356/94 95/357/94
f 87/358/95 88/359/95 97/360/95 96/361/95
f 88/362/96 89/363/96 98/364/96 97/365/96
f 89/366/97 90/367/97 99/368/97 98/369/97
f 90/370/98 91/371/98 100/372/98 99/373/98
f 91/374/99 92/375/99 101/376/99 100/377/99
f 101/378/100 92/379/100 1/380/100
f 93/381/101 102/382/101 2/383/101
f 93/384/102 94/385/102 103/386/102 102/387/102
f 94/388/103 95/389/103 104/390/103 103/391/103
f 95/392/104 96/393/104 105/394/104 104/395/104
f 96/396/105 97/397/105 106/398/105 105/399/105
f 97/400/106 98/401/106 107/402/106 106/403/106
f 98/404/107 99/405/107 108/406/107 107/407/107
f 99/408/108 100/409/108 109/410/108 108/411/108
f 100/412/109 101/413/109 110/414/109 109/415/109
f 110/416/110 101/417/110 1/418/110
f 102/419/111 111/420/111 2/421/111
f 102/422/112 103/423/112 112/424/112 111/425/112
f 103/426/113 104/427/113 113/428/113 112/429/113
f 104/430/114 105/431/114 114/432/114 113/433/114
f 105/434/115 106/435/115 115/436/115 114/437/115
f 106/438/116 107/439/116 116/440/116 115/441/116
f 107/442/117 108/443/117 117/444/117 116/445/117
f 108/446/118 109/447/118 118/448/118 117/449/118
f 109/450/119 110/451/119 119/452/119 118/453/119
f 119/454/120 110/455/120 1/456/120
f 111/457/121 120/458/121 2/459/121
f 111/460/122 112/461/122 121/462/122 120/463/122
f 112/464/123 113/465/123 122/466/123 121/467/123
f 113/468/124 114/469/124 123/470/124 122/471/124
f 114/472/125 115/473/125 124/474/125 123/475/125
f 115/476/126 116/477/126 125/478/126 124/479/126
f 116/480/127 117/481/127 126/482/127 125/483/127
f 117/484/128 118/485/128 127/486/128 126/487/128
f 118/488/129 119/489/129 128/490/129 127/491/129
f 128/492/130 119/493/130 1/494/130
f 120/495/131 129/496/131 2/497/131
f 120/498/132 121/499/132 130/500/132 129/501/132
f 121/502/133 122/503/133 131/504/133 130/505/133
f 122/506/134 123/507/134 132/508/134 131/509/134
f 123/510/135 124/511/135 133/512/135 132/513/135
f 124/514/136 125/515/136 134/516/136 133/517/136
f 125/518/137 126/519/137 135/520/137 134/521/137
f 126/522/138 127/523/138 136/524/138 135/525/138
f 127/526/139 128/527/139 137/528/139 136/529/139
f 137/530/140 128/531/140 1/532/140
f 129/533/141 138/534/141 2/535/141
f 129/536/142 130/537/142 139/538/142 138/539/142
f 130/540/143 131/541/143 140/542/143 139/543/143
f 131/544/144 132/545/144 141/546/144 140/547/144
f 132/548/145 133/549/145 142/550/145 141/551/145
f 133/552/146 134/553/146 143/554/146 142/555/146
f 134/556/147 135/557/147 144/558/147 143/559/147
f 135/560/148 136/561/148 145/562/148 144/563/148
f 136/564/149 137/565/149 146/566/149 145/567/149
f 146/568/150 137/569/150 1/570/150
f 138/571/151 147/572/151 2/573/151
f 138/574/152 139/575/152 148/576/152 147/577/152
f 139/578/153 140/579/153 149/580/153 148/581/153
f 140/582/154 141/583/154 150/584/154 149/585/154
f 141/586/155 142/587/155 151/588/155 150/589/155
f 142/590/156 143/591/156 152/592/156 151/593/156
f 143/594/157 144/595/157 153/596/157 152/597/157
f 144/598/158 145/599/158 154/600/158 153/601/158
f 145/602/159 146/603/159 155/604/159 154/605/159
f 155/606/160 146/607/160 1/608/160
f 147/609/161 156/610/161 2/611/161
f 147/612/162 148/613/162 157/614/162 156/615/162
f 148/616/163 149/617/163 158/618/163 157/619/163
f 149/620/164 150/621/164 159/622/164 158/623/164
f 150/624/165 151/625/165 160/626/165 159/627/165
f 151/628/166 152/629/166 161/630/166 160/631/166
f 152/632/167 153/633/167 162/634/167 161/635/167
f 153/636/168 154/637/168 163/638/168 162/639/168
f 154/640/169 155/641/169 164/642/169 163/643/169
f 164/644/170 155/645/170 1/646/170
f 156/647/171 165/648/171 2/649/171
f 156/650/172 157/651/172 166/652/172 165/653/172
f 157/654/173 158/655/173 167/656/173 166/657/173
f 158/658/174 159/659/174 168/660/174 167/661/174
f 159/662/175 160/663/175 169/664/175 168/665/175
f 160/666/176 161/667/176 170/668/176 169/669/176
f 161/670/177 162/671/177 171/672/177 170/673/177
f 162/674/178 163/675/178 172/676/178 171/677/178
f 163/678/179 164/679/179 173/680/179 172/681/179
f 173/682/180 164/683/180 1/684/180
f 165/685/181 174/686/181 2/687/181
f 165/688/182 166/689/182 175/690/182 174/691/182
f 166/692/183 167/693/183 176/694/183 175/695/183
f 167/696/184 168/697/184 177/698/184 176/699/184
f 168/700/185 169/701/185 178/702/185 177/703/185
f 169/704/186 170/705/186 179/706/186 178/707/186
f 170/708/187 171/709/187 180/710/187 179/711/187
f 171/712/188 172/713/188 181/714/188 180/715/188
f 172/716/189 173/717/189 182/718/189 181/719/189
f 182/720/190 173/721/190 1/722/190
f 174/723/191 3/724/191 2/725/191
f 174/726/192 175/727/192 4/728/192 3/729/192
f 175/730/193 176/731/193 5/732/193 4/733/193
f 176/734/194 177/735/194 6/736/194 5/737/194
f 177/738/195 178/739/195 7/740/195 6/741/195
f 178/742/196 179/743/196 8/744/196 7/745/196
f 179/746/197 180/747/197 9/748/197 8/749/197
f 180/750/198 181/751/198 10/752/198 9/753/198
f 181/754/199 182/755/199 11/756/199 10/757/199
f 11/758/200 182/759/200 1/760/200
o head
v 0 0.703125 0.28125
v 0 1.296875 0.28125
v 0.01763175496349702 1.2789712467958165 0.38124465137243496
v 0.033136860061406925 1.2274194440509465 0.46917847202547325
v 0.044645170787941724 1.1484375 0.5344453454233815
v 0.05076861502490395 1.05155180274487 0.5691731233979083
v 0.05076861502490395 0.9484481972551301 0.5691731233979083
v 0.04464517078794173 0.8515625 0.5344453454233816
v 0.03313686006140694 0.7725805559490535 0.46917847202547336
v 0.017631754963497028 0.7210287532041835 0.381244651372435
v 0.05076861502490394 1.2789712467958165 0.36918382065303834
v 0.09541378581284565 1.2274194440509465 0.4465115247703432
v 0.12855064587425258 1.1484375 0.50390625
v 0.1461824008377496 1.05155180274487 0.5344453454233816
v 0.1461824008377496 0.9484481972551301 0.5344453454233816
v 0.1285506458742526 0.8515625 0.50390625
v 0.0954137858128457 0.7725805559490535 0.4465115247703433
v 0.050768615024903964 0.7210287532041835 0.36918382065303834
v 0.07778203084934865 1.2789712467958165 0.34651687339790826
v 0.1461824008377496 1.2274194440509465 0.403911598627565
v 0.19695101586265357 1.1484375 0.4465115247703433
v 0.2239644316870983 1.05155180274487 0.46917847202547336
v 0.2239644316870983 0.9484481972551301 0.46917847202547336
v 0.19695101586265362 0.8515625 0.4465115247703433
v 0.14618240083774967 0.7725805559490535 0.4039115986275651
v 0.07778203084934869 0.7210287532041835 0.3465168733979083
v 0.09541378581284567 1.2789712467958165 0.3159777779745267
v 0.17931926089915654 1.2274194440509465 0.34651687339790826
v 0.2415961866505953 1.1484375 0.36918382065303834
v 0.2747330467120022 1.05155180274487 0.381244651372435
v 0.2747330467120022 0.9484481972551301 0.381244651372435
v 0.24159618665059535 0.8515625 0.36918382065303834
v 0.1793192608991566 0.7725805559490535 0.3465168733979083
v 0.09541378581284571 0.7210287532041835 0.3159777779745267
v 0.1015372300498079 1.2789712467958165 0.28125
v 0.19082757162569133 1.2274194440509465 0.28125
v 0.2571012917485052 1.1484375 0.28125
v 0.2923648016754993 1.05155180274487 0.28125
v 0.2923648016754993 0.9484481972551301 0.28125
v 0.25710129174850527 0.8515625 0.28125
v 0.19082757162569142 0.7725805559490535 0.28125
v 0.10153723004980794 0.7210287532041835 0.28125
v 0.09541378581284568 1.2789712467958165 0.2465222220254733
v 0.17931926089915654 1.2274194440509465 0.21598312660209174
v 0.24159618665059532 1.1484375 0.1933161793469617
v 0.27473304671200227 1.05155180274487 0.18125534862756504
v 0.27473304671200227 0.9484481972551301 0.18125534862756504
v 0.24159618665059537 0.8515625 0.19331617934696166
v 0.17931926089915662 0.7725805559490535 0.2159831266020917
v 0.09541378581284572 0.7210287532041835 0.2465222220254733
v 0.07778203084934865 1.2789712467958165 0.21598312660209174
v 0.1461824008377496 1.2274194440509465 0.158588401372435
v 0.19695101586265357 1.1484375 0.11598847522965675
v 0.2239644316870983 1.05155180274487 0.09332152797452667
v 0.2239644316870983 0.9484481972551301 0.09332152797452667
v 0.19695101586265362 0.8515625 0.11598847522965672
v 0.14618240083774967 0.7725805559490535 0.15858840137243493
v 0.07778203084934869 0.7210287532041835 0.21598312660209168
v 0.05076861502490394 1.2789712467958165 0.19331617934696166
v 0.09541378581284565 1.2274194440509465 0.11598847522965677
v 0.12855064587425258 1.1484375 0.05859375
v 0.1461824008377496 1.05155180274487 0.028054654576618376
v 0.1461824008377496 0.9484481972551301 0.028054654576618376
v 0.1285506458742526 0.8515625 0.058593749999999944
v 0.0954137858128457 0.7725805559490535 0.11598847522965669
v 0.050768615024903964 0.7210287532041835 0.19331617934696163
v 0.017631754963497056 1.2789712467958165 0.18125534862756504
v 0.03313686006140699 1.2274194440509465 0.09332152797452672
v 0.044645170787941814 1.1484375 0.028054654576618432
v 0.050768615024904054 1.05155180274487 -0.006673123397908265
v 0.050768615024904054 0.9484481972551301 -0.006673123397908265
v 0.04464517078794183 0.8515625 0.028054654576618376
v 0.03313686006140701 0.7725805559490535 0.09332152797452664
v 0.017631754963497063 0.7210287532041835 0.18125534862756498
v -0.017631754963497035 1.2789712467958165 0.18125534862756504
v -0.033136860061406946 1.2274194440509465 0.09332152797452672
v -0.04464517078794176 1.1484375 0.028054654576618432
v -0.05076861502490399 1.05155180274487 -0.006673123397908265
v -0.05076861502490399 0.9484481972551301 -0.006673123397908265
v -0.044645170787941765 0.8515625 0.028054654576618376
v -0.03313686006140696 0.7725805559490535 0.09332152797452664
v -0.017631754963497042 0.7210287532041835 0.18125534862756498
v -0.050768615024903964 1.2789712467958165 0.1933161793469617
v -0.0954137858128457 1.2274194440509465 0.11598847522965677
v -0.12855064587425263 1.1484375 0.05859375000000003
v -0.14618240083774967 1.05155180274487 0.028054654576618432
v -0.14618240083774967 0.9484481972551301 0.028054654576618432
v -0.12855064587425266 0.8515625 0.05859374999999997
v -0.09541378581284574 0.7725805559490535 0.11598847522965672
v -0.050768615024903985 0.7210287532041835 0.19331617934696166
v -0.07778203084934864 1.2789712467958165 0.2159831266020917
v -0.14618240083774958 1.2274194440509465 0.15858840137243496
v -0.19695101586265354 1.1484375 0.11598847522965672
v -0.22396443168709826 1.05155180274487 0.09332152797452664
v -0.22396443168709826 0.9484481972551301 0.09332152797452664
v -0.1969510158626536 0.8515625 0.11598847522965669
v -0.14618240083774964 0.7725805559490535 0.1585884013724349
v -0.07778203084934868 0.7210287532041835 0.21598312660209168
v -0.09541378581284565 1.2789712467958165 0.24652222202547325
v -0.1793192608991565 1.2274194440509465 0.21598312660209162
v -0.24159618665059526 1.1484375 0.1933161793469615
v -0.2747330467120022 1.05155180274487 0.18125534862756482
v -0.2747330467120022 0.9484481972551301 0.18125534862756482
v -0.24159618665059532 0.8515625 0.1933161793469615
v -0.1793192608991566 0.7725805559490535 0.21598312660209157
v -0.0954137858128457 0.7210287532041835 0.24652222202547322
v -0.1015372300498079 1.2789712467958165 0.28125
v -0.19082757162569133 1.2274194440509465 0.28124999999999994
v -0.2571012917485052 1.1484375 0.28124999999999994
v -0.2923648016754993 1.05155180274487 0.28124999999999994
v -0.2923648016754993 0.9484481972551301 0.28124999999999994
v -0.25710129174850527 0.8515625 0.28124999999999994
v -0.19082757162569142 0.7725805559490535 0.28124999999999994
v -0.10153723004980794 0.7210287532041835 0.28125
v -0.09541378581284567 1.2789712467958165 0.31597777797452675
v -0.17931926089915654 1.2274194440509465 0.3465168733979083
v -0.2415961866505953 1.1484375 0.3691838206530384
v -0.2747330467120022 1.05155180274487 0.381244651372435
v -0.2747330467120022 0.9484481972551301 0.381244651372435
v -0.24159618665059535 0.8515625 0.3691838206530384
v -0.1793192608991566 0.7725805559490535 0.3465168733979084
v -0.09541378581284571 0.7210287532041835 0.31597777797452675
v -0.07778203084934866 1.2789712467958165 0.34651687339790826
v -0.14618240083774964 1.2274194440509465 0.403911598627565
v -0.1969510158626536 1.1484375 0.4465115247703432
v -0.22396443168709831 1.05155180274487 0.46917847202547325
v -0.22396443168709831 0.9484481972551301 0.46917847202547325
v -0.19695101586265365 0.8515625 0.4465115247703433
v -0.1461824008377497 0.7725805559490535 0.40391159862756504
v -0.07778203084934869 0.7210287532041835 0.34651687339790826
v -0.05076861502490399 1.2789712467958165 0.3691838206530383
v -0.09541378581284575 1.2274194440509465 0.44651152477034317
v -0.12855064587425272 1.1484375 0.5039062499999999
v -0.14618240083774978 1.05155180274487 0.5344453454233815
v -0.14618240083774978 0.9484481972551301 0.5344453454233815
v -0.12855064587425274 0.8515625 0.50390625
v -0.09541378581284579 0.7725805559490535 0.4465115247703433
v -0.05076861502490401 0.7210287532041835 0.36918382065303834
v -0.017631754963497025 1.2789712467958165 0.38124465137243496
v -0.03313686006140693 1.2274194440509465 0.46917847202547325
v -0.04464517078794174 1.1484375 0.5344453454233815
v -0.050768615024903964 1.05155180274487 0.5691731233979083
v -0.050768615024903964 0.9484481972551301 0.5691731233979083
v -0.044645170787941744 0.8515625 0.5344453454233816
v -0.033136860061406946 0.7725805559490535 0.46917847202547336
v -0.01763175496349703 0.7210287532041835 0.381244651372435
vt 0 1
vt 0 1
vt 0 1
vt 0 1
vt 0 1
vt 0 1
vt 0 1
vt 0 1
vt 0 1
vt 0 1
vt 0 1
vt 0 1
vt 0 1
vt 0 1
vt 0 1
vt 0 1
vt 0 1
vt 0 1
vt 0 1
vt 0 1
vt 0 1
vt 0 1
vt 0 1
vt 0 1
vt 0 1
vt 0 1
vt 0 1
vt 0 1
vt 0 1
vt 0 1
vt 0 1
vt 0 1
vt 0 1
vt 0 1
vt 0 1
vt 0 1
vt 0 1
vt 0 1
vt 0 1
vt 0 1
vt 0 1
vt 0 1
vt 0 1
vt 0 1
vt 0 1
vt 0 1
vt 0 1
vt 0 1
vt 0 1
vt 0 1
vt 0 1
vt 0 1
vt 0 1
vt 0 1
vt 0 1
vt 0 1
vt 0 1
vt 0 1
vt 0 1
vt 0 1
vt 0 1
vt 0 1
vt 0 1
vt 0 1
vt 0 1
vt 0 1
vt 0 1
vt 0 1
vt 0 1
vt 0 1
vt 0 1
vt 0 1
vt 0 1
vt 0 1
vt 0 1
vt 0 1
vt 0 1
vt 0 1
vt 0 1
vt 0 1
vt 0 1
vt 0 1
vt 0 1
vt 0 1
vt 0 1
vt 0 1
vt 0 1
vt 0 1
vt 0 1
vt 0 1
vt 0 1
vt 0 1
vt 0 1
vt 0 1
vt 0 1
vt 0 1
vt 0 1
vt 0 1
vt 0 1
vt 0 1
vt 0 1
vt 0 1
vt 0 1
vt 0 1
vt 0 1
vt 0 1
vt 0 1
vt 0 1
vt 0 1
vt 0 1
vt 0 1
vt 0 1
vt 0 1
vt 0 1
vt 0 1
vt 0 1
vt 0 1
vt 0 1
vt 0 1
vt 0 1
vt 0 1
vt 0 1
vt 0 1
vt 0 1
vt 0 1
vt 0 1
vt 0 1
vt 0 1
vt 0 1
vt 0 1
vt 0 1
vt 0 1
vt 0 1
vt 0 1
vt 0 1
vt 0 1
vt 0 1
vt 0 1
vt 0 1
vt 0 1
vt 0 1
vt 0 1
vt 0 1
vt 0 1
vt 0 1
vt 0 1
vt 0 1
vt 0 1
vt 0 1
vt 0 1
vt 0 1
vt 0 1
vt 0 1
vt 0 1
vt 0 1
vt 0 1
vt 0 1
vt 0 1
vt 0 1
vt 0 1
vt 0 1
vt 0 1
vt 0 1
vt 0 1
vt 0 1
vt 0 1
vt 0 1
vt 0 1
vt 0 1
vt 0 1
vt 0 1
vt 0 1
vt 0 1
vt 0 1
vt 0 1
vt 0 1
vt 0 1
vt 0 1
vt 0 1
vt 0 1
vt 0 1
vt 0 1
vt 0 1
vt 0 1
vt 0 1
vt 0 1
vt 0 1
vt 0 1
vt 0 1
vt 0 1
vt 0 1
vt 0 1
vt 0 1
vt 0 1
vt 0 1
vt 0 1
vt 0 1
vt 0 1
vt 0 1
vt 0 1
vt 0 1
vt 0 1
vt 0 1
vt 0 1
vt 0 1
vt 0 1
vt 0 1
vt 0 1
vt 0 1
vt 0 1
vt 0 1
vt 0 1
vt 0 1
vt 0 1
vt 0 1
vt 0 1
vt 0 1
vt 0 1
vt 0 1
vt 0 1
vt 0 1
vt 0 1
vt 0 1
vt 0 1
vt 0 1
vt 0 1
vt 0 1
vt 0 1
vt 0 1
vt 0 1
vt 0 1
vt 0 1
vt 0 1
vt 0 1
vt 0 1
vt 0 1
vt 0 1
vt 0 1
vt 0 1
vt 0 1
vt 0 1
vt 0 1
vt 0 1
vt 0 1
vt 0 1
vt 0 1
vt 0 1
vt 0 1
vt 0 1
vt 0 1
vt 0 1
vt 0 1
vt 0 1
vt 0 1
vt 0 1
vt 0 1
vt 0 1
vt 0 1
vt 0 1
vt 0 1
vt 0 1
vt 0 1
vt 0 1
vt 0 1
vt 0 1
vt 0 1
vt 0 1
vt 0 1
vt 0 1
vt 0 1
vt 0 1
vt 0 1
vt 0 1
vt 0 1
vt 0 1
vt 0 1
vt 0 1
vt 0 1
vt 0 1
vt 0 1
vt 0 1
vt 0 1
vt 0 1
vt 0 1
vt 0 1
vt 0 1
vt 0 1
vt 0 1
vt 0 1
vt 0 1
vt 0 1
vt 0 1
vt 0 1
vt 0 1
vt 0 1
vt 0 1
vt 0 1
vt 0 1
vt 0 1
vt 0 1
vt 0 1
vt 0 1
vt 0 1
vt 0 1
vt 0 1
vt 0 1
vt 0 1
vt 0 1
vt 0 1
vt 0 1
vt 0 1
vt 0 1
vt 0 1
vt 0 1
vt 0 1
vt 0 1
vt 0 1
vt 0 1
vt 0 1
vt 0 1
vt 0 1
vt 0 1
vt 0 1
vt 0 1
vt 0 1
vt 0 1
vt 0 1
vt 0 1
vt 0 1
vt 0 1
vt 0 1
vt 0 1
vt 0 1
vt 0 1
vt 0 1
vt 0 1
vt 0 1
vt 0 1
vt 0 1
vt 0 1
vt 0 1
vt 0 1
vt 0 1
vt 0 1
vt 0 1
vt 0 1
vt 0 1
vt 0 1
vt 0 1
vt 0 1
vt 0 1
vt 0 1
vt 0 1
vt 0 1
vt 0 1
vt 0 1
vt 0 1
vt 0 1
vt 0 1
vt 0 1
vt 0 1
vt 0 1
vt 0 1
vt 0 1
vt 0 1
vt 0 1
vt 0 1
vt 0 1
vt 0 1
vt 0 1
vt 0 1
vt 0 1
vt 0 1
vt 0 1
vt 0 1
vt 0 1
vt 0 1
vt 0 1
vt 0 1
vt 0 1
vt 0 1
vt 0 1
vt 0 1
vt 0 1
vt 0 1
vt 0 1
vt 0 1
vt 0 1
vt 0 1
vt 0 1
vt 0 1
vt 0 1
vt 0 1
vt 0 1
vt 0 1
vt 0 1
vt 0 1
vt 0 1
vt 0 1
vt 0 1
vt 0 1
vt 0 1
vt 0 1
vt 0 1
vt 0 1
vt 0 1
vt 0 1
vt 0 1
vt 0 1
vt 0 1
vt 0 1
vt 0 1
vt 0 1
vt 0 1
vt 0 1
vt 0 1
vt 0 1
vt 0 1
vt 0 1
vt 0 1
vt 0 1
vt 0 1
vt 0 1
vt 0 1
vt 0 1
vt 0 1
vt 0 1
vt 0 1
vt 0 1
vt 0 1
vt 0 1
vt 0 1
vt 0 1
vt 0 1
vt 0 1
vt 0 1
vt 0 1
vt 0 1
vt 0 1
vt 0 1
vt 0 1
vt 0 1
vt 0 1
vt 0 1
vt 0 1
vt 0 1
vt 0 1
vt 0 1
vt 0 1
vt 0 1
vt 0 1
vt 0 1
vt 0 1
vt 0 1
vt 0 1
vt 0 1
vt 0 1
vt 0 1
vt 0 1
vt 0 1
vt 0 1
vt 0 1
vt 0 1
vt 0 1
vt 0 1
vt 0 1
vt 0 1
vt 0 1
vt 0 1
vt 0 1
vt 0 1
vt 0 1
vt 0 1
vt 0 1
vt 0 1
vt 0 1
vt 0 1
vt 0 1
vt 0 1
vt 0 1
vt 0 1
vt 0 1
vt 0 1
vt 0 1
vt 0 1
vt 0 1
vt 0 1
vt 0 1
vt 0 1
vt 0 1
vt 0 1
vt 0 1
vt 0 1
vt 0 1
vt 0 1
vt 0 1
vt 0 1
vt 0 1
vt 0 1
vt 0 1
vt 0 1
vt 0 1
vt 0 1
vt 0 1
vt 0 1
vt 0 1
vt 0 1
vt 0 1
vt 0 1
vt 0 1
vt 0 1
vt 0 1
vt 0 1
vt 0 1
vt 0 1
vt 0 1
vt 0 1
vt 0 1
vt 0 1
vt 0 1
vt 0 1
vt 0 1
vt 0 1
vt 0 1
vt 0 1
vt 0 1
vt 0 1
vt 0 1
vt 0 1
vt 0 1
vt 0 1
vt 0 1
vt 0 1
vt 0 1
vt 0 1
vt 0 1
vt 0 1
vt 0 1
vt 0 1
vt 0 1
vt 0 1
vt 0 1
vt 0 1
vt 0 1
vt 0 1
vt 0 1
vt 0 1
vt 0 1
vt 0 1
vt 0 1
vt 0 1
vt 0 1
vt 0 1
vt 0 1
vt 0 1
vt 0 1
vt 0 1
vt 0 1
vt 0 1
vt 0 1
vt 0 1
vt 0 1
vt 0 1
vt 0 1
vt 0 1
vt 0 1
vt 0 1
vt 0 1
vt 0 1
vt 0 1
vt 0 1
vt 0 1
vt 0 1
vt 0 1
vt 0 1
vt 0 1
vt 0 1
vt 0 1
vt 0 1
vt 0 1
vt 0 1
vt 0 1
vt 0 1
vt 0 1
vt 0 1
vt 0 1
vt 0 1
vt 0 1
vt 0 1
vt 0 1
vt 0 1
vt 0 1
vt 0 1
vt 0 1
vt 0 1
vt 0 1
vt 0 1
vt 0 1
vt 0 1
vt 0 1
vt 0 1
vt 0 1
vt 0 1
vt 0 1
vt 0 1
vt 0 1
vt 0 1
vt 0 1
vt 0 1
vt 0 1
vt 0 1
vt 0 1
vn 0.060279129554090635 0.9843464415682136 0.16561554731424394
vn 0.1729772201901625 0.862679176789447 0.4752510065525017
vn 0.26365015726947033 0.6370027969685267 0.7243728537335298
vn 0.32196213685060204 0.3374197067565241 0.884583700916389
vn 0.3420201433256683 0 0.9396926207859085
vn 0.3219621368506023 -0.33741970675652366 0.884583700916389
vn 0.26365015726947033 -0.6370027969685264 0.72437285373353
vn 0.17297722019016223 -0.8626791767894474 0.47525100655250163
vn 0.06027912955409079 -0.9843464415682137 0.16561554731424438
vn 0.11328770645875354 0.9843464415682136 0.1350110311689778
vn 0.3250908347535099 0.862679176789447 0.38742817023694615
vn 0.495500214510331 0.6370027969685267 0.5905141607738889
vn 0.6050908883419476 0.33741970675652433 0.721119240027538
vn 0.6427876096865394 0 0.766044443118978
vn 0.6050908883419475 -0.337419706756524 0.7211192400275381
vn 0.4955002145103312 -0.6370027969685264 0.5905141607738887
vn 0.32509083475350986 -0.8626791767894473 0.38742817023694603
vn 0.11328770645875383 -0.9843464415682136 0.13501103116897822
vn 0.15263211401601093 0.9843464415682136 0.08812219211412554
vn 0.43799369681584627 0.862679176789447 0.25287577875998823
vn 0.6675856330769151 0.6370027969685267 0.38543074496408364
vn 0.8152367485088341 0.33741970675652416 0.47067715620485046
vn 0.8660254037844388 0 0.49999999999999983
vn 0.8152367485088342 -0.33741970675652383 0.47067715620485057
vn 0.6675856330769153 -0.6370027969685265 0.38543074496408364
vn 0.43799369681584627 -0.8626791767894472 0.2528757787599882
vn 0.15263211401601137 -0.9843464415682137 0.08812219211412577
vn 0.1735668360128442 0.9843464415682136 0.030604516145266134
vn 0.49806805494367246 0.862679176789447 0.0878228363155556
vn 0.7591503717798014 0.6370027969685267 0.13385869295964123
vn 0.9270530251925501 0.337419706756524 0.1634644608888512
vn 0.984807753012208 0 0.17364817766693066
vn 0.9270530251925502 -0.33741970675652366 0.163464460888851
vn 0.7591503717798014 -0.6370027969685266 0.13385869295964126
vn 0.4980680549436724 -0.8626791767894473 0.08782283631555564
vn 0.1735668360128447 -0.9843464415682137 0.03060451614526621
vn 0.17356683601284423 0.9843464415682136 -0.030604516145266058
vn 0.4980680549436725 0.862679176789447 -0.0878228363155556
vn 0.7591503717798015 0.6370027969685267 -0.13385869295964095
vn 0.9270530251925501 0.33741970675652416 -0.1634644608888507
vn 0.9848077530122081 0 -0.17364817766693016
vn 0.9270530251925502 -0.3374197067565239 -0.16346446088885064
vn 0.7591503717798017 -0.6370027969685265 -0.133858692959641
vn 0.4980680549436723 -0.8626791767894472 -0.08782283631555536
vn 0.17356683601284467 -0.9843464415682137 -0.03060451614526613
vn 0.1526321140160109 0.9843464415682136 -0.08812219211412557
vn 0.43799369681584627 0.862679176789447 -0.2528757787599882
vn 0.6675856330769151 0.6370027969685268 -0.38543074496408386
vn 0.8152367485088341 0.3374197067565242 -0.47067715620485073
vn 0.8660254037844386 0 -0.5000000000000001
vn 0.8152367485088342 -0.3374197067565239 -0.4706771562048508
vn 0.6675856330769153 -0.6370027969685265 -0.38543074496408397
vn 0.43799369681584616 -0.8626791767894472 -0.252875778759988
vn 0.15263211401601134 -0.9843464415682137 -0.0881221921141258
vn 0.11328770645875354 0.9843464415682136 -0.1350110311689778
vn 0.32509083475350986 0.862679176789447 -0.3874281702369461
vn 0.49550021451033094 0.6370027969685267 -0.5905141607738889
vn 0.6050908883419477 0.3374197067565243 -0.721119240027538
vn 0.6427876096865394 0 -0.766044443118978
vn 0.6050908883419476 -0.3374197067565239 -0.7211192400275381
vn 0.49550021451033116 -0.6370027969685265 -0.5905141607738889
vn 0.3250908347535098 -0.8626791767894473 -0.3874281702369462
vn 0.11328770645875383 -0.9843464415682136 -0.13501103116897822
vn 0.0602791295540907 0.9843464415682136 -0.1656155473142439
vn 0.17297722019016273 0.8626791767894472 -0.4752510065525017
vn 0.2636501572694706 0.6370027969685268 -0.7243728537335296
vn 0.3219621368506022 0.3374197067565244 -0.8845837009163888
vn 0.3420201433256686 0 -0.9396926207859084
vn 0.32196213685060265 -0.33741970675652405 -0.8845837009163889
vn 0.2636501572694706 -0.6370027969685265 -0.7243728537335299
vn 0.17297722019016235 -0.8626791767894472 -0.47525100655250146
vn 0.060279129554090836 -0.9843464415682136 -0.16561554731424433
vn 0 0.9843464415682137 -0.17624438422825114
vn 0 0.862679176789447 -0.5057515575199764
vn 0 0.6370027969685267 -0.7708614899281674
vn 0 0.33741970675652405 -0.9413543124097014
vn 0 0 -1
vn 0 -0.3374197067565236 -0.9413543124097015
vn 0 -0.6370027969685265 -0.7708614899281677
vn 0 -0.8626791767894472 -0.5057515575199762
vn 0 -0.9843464415682137 -0.1762443842282516
vn -0.0602791295540907 0.9843464415682136 -0.1656155473142439
vn -0.17297722019016243 0.862679176789447 -0.47525100655250174
vn -0.26365015726947044 0.6370027969685267 -0.7243728537335297
vn -0.3219621368506024 0.33741970675652405 -0.8845837009163889
vn -0.34202014332566877 0 -0.9396926207859084
vn -0.32196213685060243 -0.33741970675652366 -0.8845837009163889
vn -0.26365015726947055 -0.6370027969685264 -0.72437285373353
vn -0.1729772201901624 -0.8626791767894472 -0.4752510065525015
vn -0.060279129554090836 -0.9843464415682137 -0.16561554731424435
vn -0.11328770645875354 0.9843464415682137 -0.13501103116897784
vn -0.32509083475350997 0.8626791767894473 -0.3874281702369461
vn -0.4955002145103311 0.6370027969685266 -0.5905141607738886
vn -0.6050908883419476 0.3374197067565242 -0.7211192400275381
vn -0.6427876096865394 0 -0.7660444431189781
vn -0.6050908883419478 -0.3374197067565238 -0.7211192400275381
vn -0.4955002145103311 -0.6370027969685265 -0.5905141607738887
vn -0.32509083475350975 -0.8626791767894472 -0.387428170236946
vn -0.11328770645875381 -0.9843464415682136 -0.13501103116897817
vn -0.15263211401601087 0.9843464415682137 -0.08812219211412564
vn -0.4379936968158461 0.862679176789447 -0.2528757787599885
vn -0.6675856330769149 0.6370027969685267 -0.38543074496408414
vn -0.8152367485088339 0.33741970675652433 -0.4706771562048513
vn -0.8660254037844384 0 -0.5000000000000007
vn -0.8152367485088339 -0.33741970675652394 -0.4706771562048512
vn -0.6675856330769149 -0.6370027969685266 -0.3854307449640843
vn -0.43799369681584593 -0.8626791767894473 -0.2528757787599883
vn -0.1526321140160113 -0.9843464415682136 -0.08812219211412584
vn -0.1735668360128442 0.9843464415682136 -0.030604516145266165
vn -0.4980680549436724 0.862679176789447 -0.08782283631555572
vn -0.7591503717798015 0.6370027969685268 -0.13385869295964126
vn -0.92705302519255 0.3374197067565243 -0.16346446088885094
vn -0.984807753012208 0 -0.17364817766693047
vn -0.92705302519255 -0.3374197067565239 -0.16346446088885103
vn -0.7591503717798017 -0.6370027969685265 -0.13385869295964126
vn -0.4980680549436722 -0.8626791767894472 -0.08782283631555574
vn -0.1735668360128447 -0.9843464415682137 -0.030604516145266242
vn -0.17356683601284423 0.9843464415682136 0.030604516145266096
vn -0.49806805494367257 0.862679176789447 0.0878228363155555
vn -0.7591503717798015 0.6370027969685268 0.13385869295964098
vn -0.92705302519255 0.3374197067565241 0.163464460888851
vn -0.984807753012208 0 0.17364817766693047
vn -0.9270530251925502 -0.33741970675652383 0.1634644608888508
vn -0.7591503717798017 -0.6370027969685265 0.13385869295964112
vn -0.4980680549436723 -0.8626791767894472 0.08782283631555553
vn -0.1735668360128447 -0.9843464415682137 0.030604516145266165
vn -0.15263211401601093 0.9843464415682137 0.08812219211412557
vn -0.43799369681584627 0.862679176789447 0.2528757787599882
vn -0.6675856330769151 0.6370027969685267 0.3854307449640838
vn -0.8152367485088341 0.33741970675652394 0.4706771562048506
vn -0.8660254037844387 0 0.5000000000000001
vn -0.8152367485088342 -0.33741970675652366 0.47067715620485073
vn -0.6675856330769152 -0.6370027969685266 0.38543074496408386
vn -0.43799369681584616 -0.862679176789447 0.25287577875998835
vn -0.1526321140160113 -0.9843464415682136 0.08812219211412582
vn -0.11328770645875356 0.9843464415682136 0.13501103116897778
vn -0.32509083475350986 0.862679176789447 0.3874281702369461
vn -0.4955002145103311 0.6370027969685266 0.5905141607738886
vn -0.605090888341948 0.3374197067565241 0.7211192400275377
vn -0.6427876096865398 0 0.7660444431189779
vn -0.6050908883419479 -0.3374197067565237 0.7211192400275381
vn -0.4955002145103313 -0.6370027969685264 0.5905141607738889
vn -0.3250908347535098 -0.8626791767894473 0.38742817023694587
vn -0.11328770645875386 -0.9843464415682136 0.13501103116897817
vn -0.060279129554090705 0.9843464415682136 0.16561554731424394
vn -0.1729772201901627 0.8626791767894472 0.47525100655250174
vn -0.2636501572694706 0.6370027969685267 0.7243728537335296
vn -0.3219621368506024 0.3374197067565243 0.8845837009163888
vn -0.34202014332566877 0 0.9396926207859084
vn -0.32196213685060265 -0.33741970675652394 0.8845837009163888
vn -0.2636501572694706 -0.6370027969685264 0.72437285373353
vn -0.17297722019016262 -0.8626791767894472 0.47525100655250146
vn -0.0602791295540909 -0.9843464415682137 0.16561554731424435
vn 0 0.9843464415682136 0.17624438422825112
vn 0 0.862679176789447 0.5057515575199764
vn 0 0.6370027969685267 0.7708614899281675
vn 0 0.337419706756524 0.9413543124097012
vn 0 0 1
vn 0 -0.3374197067565236 0.9413543124097014
vn 0 -0.6370027969685264 0.7708614899281676
vn 0 -0.8626791767894472 0.5057515575199761
vn 0 -0.9843464415682137 0.1762443842282516
usemtl m_b8e00a4c-843b-4628-b292-0fe528d9dcaf
f 185/761/201 193/762/201 184/763/201
f 185/764/202 186/765/202 194/766/202 193/767/202
f 186/768/203 187/769/203 195/770/203 194/771/203
f 187/772/204 188/773/204 196/774/204 195/775/204
f 188/776/205 189/777/205 197/778/205 196/779/205
f 189/780/206 190/781/206 198/782/206 197/783/206
f 190/784/207 191/785/207 199/786/207 198/787/207
f 191/788/208 192/789/208 200/790/208 199/791/208
f 200/792/209 192/793/209 183/794/209
f 193/795/210 201/796/210 184/797/210
f 193/798/211 194/799/211 202/800/211 201/801/211
f 194/802/212 195/803/212 203/804/212 202/805/212
f 195/806/213 196/807/213 204/808/213 203/809/213
f 196/810/214 197/811/214 205/812/214 204/813/214
f 197/814/215 198/815/215 206/816/215 205/817/215
f 198/818/216 199/819/216 207/820/216 206/821/216
f 199/822/217 200/823/217 208/824/217 207/825/217
f 208/826/218 200/827/218 183/828/218
f 201/829/219 209/830/219 184/831/219
f 201/832/220 202/833/220 210/834/220 209/835/220
f 202/836/221 203/837/221 211/838/221 210/839/221
f 203/840/222 204/841/222 212/842/222 211/843/222
f 204/844/223 205/845/223 213/846/223 212/847/223
f 205/848/224 206/849/224 214/850/224 213/851/224
f 206/852/225 207/853/225 215/854/225 214/855/225
f 207/856/226 208/857/226 216/858/226 215/859/226
f 216/860/227 208/861/227 183/862/227
f 209/863/228 217/864/228 184/865/228
f 209/866/229 210/867/229 218/868/229 217/869/229
f 210/870/230 211/871/230 219/872/230 218/873/230
f 211/874/231 212/875/231 220/876/231 219/877/231
f 212/878/232 213/879/232 221/880/232 220/881/232
f 213/882/233 214/883/233 222/884/233 221/885/233
f 214/886/234 215/887/234 223/888/234 222/889/234
f 215/890/235 216/891/235 224/892/235 223/893/235
f 224/894/236 216/895/236 183/896/236
f 217/897/237 225/898/237 184/899/237
f 217/900/238 218/901/238 226/902/238 225/903/238
f 218/904/239 219/905/239 227/906/239 226/907/239
f 219/908/240 220/909/240 228/910/240 227/911/240
f 220/912/241 221/913/241 229/914/241 228/915/241
f 221/916/242 222/917/242 230/918/242 229/919/242
f 222/920/243 223/921/243 231/922/243 230/923/243
f 223/924/244 224/925/244 232/926/244 231/927/244
f 232/928/245 224/929/245 183/930/245
f 225/931/246 233/932/246 184/933/246
f 225/934/247 226/935/247 234/936/247 233/937/247
f 226/938/248 227/939/248 235/940/248 234/941/248
f 227/942/249 228/943/249 236/944/249 235/945/249
f 228/946/250 229/947/250 237/948/250 236/949/250
f 229/950/251 230/951/251 238/952/251 237/953/251
f 230/954/252 231/955/252 239/956/252 238/957/252
f 231/958/253 232/959/253 240/960/253 239/961/253
f 240/962/254 232/963/254 183/964/254
f 233/965/255 241/966/255 184/967/255
f 233/968/256 234/969/256 242/970/256 241/971/256
f 234/972/257 235/973/257 243/974/257 242/975/257
f 235/976/258 236/977/258 244/978/258 243/979/258
f 236/980/259 237/981/259 245/982/259 244/983/259
f 237/984/260 238/985/260 246/986/260 245/987/260
f 238/988/261 239/989/261 247/990/261 246/991/261
f 239/992/262 240/993/262 248/994/262 247/995/262
f 248/996/263 240/997/263 183/998/263
f 241/999/264 249/1000/264 184/1001/264
f 241/1002/265 242/1003/265 250/1004/265 249/1005/265
f 242/1006/266 243/1007/266 251/1008/266 250/1009/266
f 243/1010/267 244/1011/267 252/1012/267 251/1013/267
f 244/1014/268 245/1015/268 253/1016/268 252/1017/268
f 245/1018/269 246/1019/269 254/1020/269 253/1021/269
f 246/1022/270 247/1023/270 255/1024/270 254/1025/270
f 247/1026/271 248/1027/271 256/1028/271 255/1029/271
f 256/1030/272 248/1031/272 183/1032/272
f 249/1033/273 257/1034/273 184/1035/273
f 249/1036/274 250/1037/274 258/1038/274 257/1039/274
f 250/1040/275 251/1041/275 259/1042/275 258/1043/275
f 251/1044/276 252/1045/276 260/1046/276 259/1047/276
f 252/1048/277 253/1049/277 261/1050/277 260/1051/277
f 253/1052/278 254/1053/278 262/1054/278 261/1055/278
f 254/1056/279 255/1057/279 263/1058/279 262/1059/279
f 255/1060/280 256/1061/280 264/1062/280 263/1063/280
f 264/1064/281 256/1065/281 183/1066/281
f 257/1067/282 265/1068/282 184/1069/282
f 257/1070/283 258/1071/283 266/1072/283 265/1073/283
f 258/1074/284 259/1075/284 267/1076/284 266/1077/284
f 259/1078/285 260/1079/285 268/1080/285 267/1081/285
f 260/1082/286 261/1083/286 269/1084/286 268/1085/286
f 261/1086/287 262/1087/287 270/1088/287 269/1089/287
f 262/1090/288 263/1091/288 271/1092/288 270/1093/288
f 263/1094/289 264/1095/289 272/1096/289 271/1097/289
f 272/1098/290 264/1099/290 183/1100/290
f 265/1101/291 273/1102/291 184/1103/291
f 265/1104/292 266/1105/292 274/1106/292 273/1107/292
f 266/1108/293 267/1109/293 275/1110/293 274/1111/293
f 267/1112/294 268/1113/294 276/1114/294 275/1115/294
f 268/1116/295 269/1117/295 277/1118/295 276/1119/295
f 269/1120/296 270/1121/296 278/1122/296 277/1123/296
f 270/1124/297 271/1125/297 279/1126/297 278/1127/297
f 271/1128/298 272/1129/298 280/1130/298 279/1131/298
f 280/1132/299 272/1133/299 183/1134/299
f 273/1135/300 281/1136/300 184/1137/300
f 273/1138/301 274/1139/301 282/1140/301 281/1141/301
f 274/1142/302 275/1143/302 283/1144/302 282/1145/302
f 275/1146/303 276/1147/303 284/1148/303 283/1149/303
f 276/1150/304 277/1151/304 285/1152/304 284/1153/304
f 277/1154/305 278/1155/305 286/1156/305 285/1157/305
f 278/1158/306 279/1159/306 287/1160/306 286/1161/306
f 279/1162/307 280/1163/307 288/1164/307 287/1165/307
f 288/1166/308 280/1167/308 183/1168/308
f 281/1169/309 289/1170/309 184/1171/309
f 281/1172/310 282/1173/310 290/1174/310 289/1175/310
f 282/1176/311 283/1177/311 291/1178/311 290/1179/311
f 283/1180/312 284/1181/312 292/1182/312 291/1183/312
f 284/1184/313 285/1185/313 293/1186/313 292/1187/313
f 285/1188/314 286/1189/314 294/1190/314 293/1191/314
f 286/1192/315 287/1193/315 295/1194/315 294/1195/315
f 287/1196/316 288/1197/316 296/1198/316 295/1199/316
f 296/1200/317 288/1201/317 183/1202/317
f 289/1203/318 297/1204/318 184/1205/318
f 289/1206/319 290/1207/319 298/1208/319 297/1209/319
f 290/1210/320 291/1211/320 299/1212/320 298/1213/320
f 291/1214/321 292/1215/321 300/1216/321 299/1217/321
f 292/1218/322 293/1219/322 301/1220/322 300/1221/322
f 293/1222/323 294/1223/323 302/1224/323 301/1225/323
f 294/1226/324 295/1227/324 303/1228/324 302/1229/324
f 295/1230/325 296/1231/325 304/1232/325 303/1233/325
f 304/1234/326 296/1235/326 183/1236/326
f 297/1237/327 305/1238/327 184/1239/327
f 297/1240/328 298/1241/328 306/1242/328 305/1243/328
f 298/1244/329 299/1245/329 307/1246/329 306/1247/329
f 299/1248/330 300/1249/330 308/1250/330 307/1251/330
f 300/1252/331 301/1253/331 309/1254/331 308/1255/331
f 301/1256/332 302/1257/332 310/1258/332 309/1259/332
f 302/1260/333 303/1261/333 311/1262/333 310/1263/333
f 303/1264/334 304/1265/334 312/1266/334 311/1267/334
f 312/1268/335 304/1269/335 183/1270/335
f 305/1271/336 313/1272/336 184/1273/336
f 305/1274/337 306/1275/337 314/1276/337 313/1277/337
f 306/1278/338 307/1279/338 315/1280/338 314/1281/338
f 307/1282/339 308/1283/339 316/1284/339 315/1285/339
f 308/1286/340 309/1287/340 317/1288/340 316/1289/340
f 309/1290/341 310/1291/341 318/1292/341 317/1293/341
f 310/1294/342 311/1295/342 319/1296/342 318/1297/342
f 311/1298/343 312/1299/343 320/1300/343 319/1301/343
f 320/1302/344 312/1303/344 183/1304/344
f 313/1305/345 321/1306/345 184/1307/345
f 313/1308/346 314/1309/346 322/1310/346 321/1311/346
f 314/1312/347 315/1313/347 323/1314/347 322/1315/347
f 315/1316/348 316/1317/348 324/1318/348 323/1319/348
f 316/1320/349 317/1321/349 325/1322/349 324/1323/349
f 317/1324/350 318/1325/350 326/1326/350 325/1327/350
f 318/1328/351 319/1329/351 327/1330/351 326/1331/351
f 319/1332/352 320/1333/352 328/1334/352 327/1335/352
f 328/1336/353 320/1337/353 183/1338/353
f 321/1339/354 185/1340/354 184/1341/354
f 321/1342/355 322/1343/355 186/1344/355 185/1345/355
f 322/1346/356 323/1347/356 187/1348/356 186/1349/356
f 323/1350/357 324/1351/357 188/1352/357 187/1353/357
f 324/1354/358 325/1355/358 189/1356/358 188/1357/358
f 325/1358/359 326/1359/359 190/1360/359 189/1361/359
f 326/1362/360 327/1363/360 191/1364/360 190/1365/360
f 327/1366/361 328/1367/361 192/1368/361 191/1369/361
f 192/1370/362 328/1371/362 183/1372/362
o tail
v 0 0.42674517158573283 -0.376302255244222
v 0 0.8232548284142671 -0.561197744755778
v 0.021119921999946195 0.8427273205952294 -0.468179683299925
v 0.03805678442895784 0.8190762466819546 -0.3752745800609971
v 0.04745603396598292 0.7569859919243531 -0.30088343014178176
v 0.04745603396598292 0.66875429276417 -0.25974031313136037
v 0.03805678442895784 0.5718565193108573 -0.2599941279408635
v 0.021119921999946202 0.4854844639700481 -0.3015946034344347
v 0.05917670642890403 0.8349819190263579 -0.4847897505664956
v 0.10663274039488696 0.8051195153160431 -0.40520488706288743
v 0.13296885236092368 0.7395822325764976 -0.33820591250614107
v 0.13296885236092368 0.6513505334163143 -0.2970627954957197
v 0.10663274039488696 0.5578997879449457 -0.28992443494275383
v 0.059176706428904054 0.4777390624011766 -0.31820467070100533
v 0.08551281839494076 0.8210251876604462 -0.5147200575683859
v 0.1540887743608699 0.779970354399316 -0.4591374366938173
v 0.19214555878982773 0.7082217418627303 -0.4054587018723905
v 0.19214555878982773 0.6199900427025472 -0.3643155848619692
v 0.1540887743608699 0.5327506270282185 -0.34385698457368363
v 0.08551281839494079 0.46378233103526495 -0.3481349777028956
v 0.09491206793196584 0.8036214283125906 -0.5520425399327451
v 0.17102563678988153 0.7486098636855487 -0.5263902260600668
v 0.21326548078977392 0.6691158495800916 -0.4893215585052107
v 0.21326548078977392 0.5808841504199085 -0.4481784414947893
v 0.17102563678988153 0.5013901363144514 -0.4111097739399332
v 0.09491206793196587 0.44637857168740935 -0.3854574600672549
v 0.08551281839494076 0.7862176689647351 -0.5893650222971044
v 0.1540887743608699 0.7172493729717815 -0.5936430154263164
v 0.19214555878982773 0.6300099572974529 -0.5731844151380308
v 0.19214555878982773 0.5417782581372697 -0.5320412981276095
v 0.1540887743608699 0.47002964560068416 -0.4783625633061827
v 0.08551281839494079 0.42897481233955376 -0.42277994243161415
v 0.05917670642890405 0.7722609375988234 -0.6192953292989947
v 0.10663274039488697 0.6921002120550543 -0.6475755650572461
v 0.1329688523609237 0.5986494665836857 -0.6404372045042803
v 0.1329688523609237 0.5104177674235024 -0.599294087493859
v 0.10663274039488697 0.444880484683957 -0.5322951129371125
v 0.05917670642890406 0.4150180809736421 -0.45271024943350446
v 0.021119921999946206 0.7645155360299519 -0.6359053965655652
v 0.03805678442895786 0.6781434806891428 -0.6775058720591365
v 0.04745603396598294 0.58124570723583 -0.6777596868686396
v 0.04745603396598294 0.4930140080756469 -0.6366165698582182
v 0.03805678442895786 0.4309237533180454 -0.5622254199390029
v 0.021119921999946212 0.40727267940477063 -0.46932031670007507
v -0.021119921999946185 0.7645155360299519 -0.6359053965655652
v -0.038056784428957824 0.6781434806891428 -0.6775058720591365
v -0.04745603396598289 0.58124570723583 -0.6777596868686396
v -0.04745603396598289 0.4930140080756469 -0.6366165698582182
v -0.038056784428957824 0.4309237533180454 -0.5622254199390029
v -0.02111992199994619 0.40727267940477063 -0.46932031670007507
v -0.05917670642890399 0.7722609375988234 -0.6192953292989947
v -0.10663274039488688 0.6921002120550543 -0.6475755650572462
v -0.13296885236092357 0.5986494665836856 -0.6404372045042804
v -0.13296885236092357 0.5104177674235024 -0.599294087493859
v -0.10663274039488688 0.44488048468395697 -0.5322951129371126
v -0.05917670642890401 0.4150180809736421 -0.45271024943350446
v -0.08551281839494075 0.7862176689647351 -0.5893650222971044
v -0.15408877436086987 0.7172493729717815 -0.5936430154263164
v -0.1921455587898277 0.6300099572974528 -0.5731844151380309
v -0.1921455587898277 0.5417782581372697 -0.5320412981276095
v -0.15408877436086987 0.4700296456006841 -0.47836256330618276
v -0.08551281839494078 0.4289748123395537 -0.4227799424316142
v -0.09491206793196584 0.8036214283125906 -0.5520425399327451
v -0.17102563678988153 0.7486098636855487 -0.5263902260600668
v -0.21326548078977392 0.6691158495800916 -0.48932155850521075
v -0.21326548078977392 0.5808841504199084 -0.44817844149478936
v -0.17102563678988153 0.5013901363144513 -0.41110977393993325
v -0.09491206793196587 0.44637857168740935 -0.3854574600672549
v -0.08551281839494078 0.8210251876604462 -0.5147200575683859
v -0.1540887743608699 0.7799703543993158 -0.4591374366938173
v -0.19214555878982775 0.7082217418627303 -0.40545870187239064
v -0.19214555878982775 0.6199900427025471 -0.36431558486196924
v -0.1540887743608699 0.5327506270282185 -0.34385698457368374
v -0.08551281839494079 0.46378233103526495 -0.34813497770289564
v -0.059176706428904054 0.8349819190263579 -0.4847897505664956
v -0.10663274039488699 0.8051195153160431 -0.40520488706288743
v -0.13296885236092373 0.7395822325764976 -0.33820591250614107
v -0.13296885236092373 0.6513505334163143 -0.2970627954957197
v -0.10663274039488699 0.5578997879449457 -0.28992443494275383
v -0.059176706428904075 0.4777390624011766 -0.31820467070100533
v -0.02111992199994622 0.8427273205952294 -0.468179683299925
v -0.038056784428957886 0.8190762466819546 -0.3752745800609971
v -0.04745603396598297 0.7569859919243531 -0.30088343014178176
v -0.04745603396598297 0.66875429276417 -0.2597403131313604
v -0.038056784428957886 0.5718565193108573 -0.2599941279408635
v -0.021119921999946226 0.4854844639700481 -0.3015946034344348
vt 0 1
vt 0 1
vt 0 1
vt 0 1
vt 0 1
vt 0 1
vt 0 1
vt 0 1
vt 0 1
vt 0 1
vt 0 1
vt 0 1
vt 0 1
vt 0 1
vt 0 1
vt 0 1
vt 0 1
vt 0 1
vt 0 1
vt 0 1
vt 0 1
vt 0 1
vt 0 1
vt 0 1
vt 0 1
vt 0 1
vt 0 1
vt 0 1
vt 0 1
vt 0 1
vt 0 1
vt 0 1
vt 0 1
vt 0 1
vt 0 1
vt 0 1
vt 0 1
vt 0 1
vt 0 1
vt 0 1
vt 0 1
vt 0 1
vt 0 1
vt 0 1
vt 0 1
vt 0 1
vt 0 1
vt 0 1
vt 0 1
vt 0 1
vt 0 1
vt 0 1
vt 0 1
vt 0 1
vt 0 1
vt 0 1
vt 0 1
vt 0 1
vt 0 1
vt 0 1
vt 0 1
vt 0 1
vt 0 1
vt 0 1
vt 0 1
vt 0 1
vt 0 1
vt 0 1
vt 0 1
vt 0 1
vt 0 1
vt 0 1
vt 0 1
vt 0 1
vt 0 1
vt 0 1
vt 0 1
vt 0 1
vt 0 1
vt 0 1
vt 0 1
vt 0 1
vt 0 1
vt 0 1
vt 0 1
vt 0 1
vt 0 1
vt 0 1
vt 0 1
vt 0 1
vt 0 1
vt 0 1
vt 0 1
vt 0 1
vt 0 1
vt 0 1
vt 0 1
vt 0 1
vt 0 1
vt 0 1
vt 0 1
vt 0 1
vt 0 1
vt 0 1
vt 0 1
vt 0 1
vt 0 1
vt 0 1
vt 0 1
vt 0 1
vt 0 1
vt 0 1
vt 0 1
vt 0 1
vt 0 1
vt 0 1
vt 0 1
vt 0 1
vt 0 1
vt 0 1
vt 0 1
vt 0 1
vt 0 1
vt 0 1
vt 0 1
vt 0 1
vt 0 1
vt 0 1
vt 0 1
vt 0 1
vt 0 1
vt 0 1
vt 0 1
vt 0 1
vt 0 1
vt 0 1
vt 0 1
vt 0 1
vt 0 1
vt 0 1
vt 0 1
vt 0 1
vt 0 1
vt 0 1
vt 0 1
vt 0 1
vt 0 1
vt 0 1
vt 0 1
vt 0 1
vt 0 1
vt 0 1
vt 0 1
vt 0 1
vt 0 1
vt 0 1
vt 0 1
vt 0 1
vt 0 1
vt 0 1
vt 0 1
vt 0 1
vt 0 1
vt 0 1
vt 0 1
vt 0 1
vt 0 1
vt 0 1
vt 0 1
vt 0 1
vt 0 1
vt 0 1
vt 0 1
vt 0 1
vt 0 1
vt 0 1
vt 0 1
vt 0 1
vt 0 1
vt 0 1
vt 0 1
vt 0 1
vt 0 1
vt 0 1
vt 0 1
vt 0 1
vt 0 1
vt 0 1
vt 0 1
vt 0 1
vt 0 1
vt 0 1
vt 0 1
vt 0 1
vt 0 1
vt 0 1
vt 0 1
vt 0 1
vt 0 1
vt 0 1
vt 0 1
vt 0 1
vt 0 1
vt 0 1
vt 0 1
vt 0 1
vt 0 1
vt 0 1
vt 0 1
vt 0 1
vt 0 1
vt 0 1
vt 0 1
vt 0 1
vt 0 1
vt 0 1
vt 0 1
vt 0 1
vt 0 1
vt 0 1
vt 0 1
vt 0 1
vt 0 1
vt 0 1
vt 0 1
vt 0 1
vt 0 1
vt 0 1
vt 0 1
vt 0 1
vt 0 1
vt 0 1
vt 0 1
vt 0 1
vt 0 1
vt 0 1
vt 0 1
vt 0 1
vt 0 1
vt 0 1
vt 0 1
vt 0 1
vt 0 1
vt 0 1
vt 0 1
vt 0 1
vt 0 1
vt 0 1
vt 0 1
vt 0 1
vt 0 1
vt 0 1
vt 0 1
vt 0 1
vt 0 1
vt 0 1
vt 0 1
vt 0 1
vt 0 1
vt 0 1
vt 0 1
vt 0 1
vt 0 1
vt 0 1
vt 0 1
vt 0 1
vt 0 1
vt 0 1
vt 0 1
vt 0 1
vt 0 1
vt 0 1
vt 0 1
vt 0 1
vt 0 1
vt 0 1
vt 0 1
vt 0 1
vt 0 1
vt 0 1
vt 0 1
vt 0 1
vt 0 1
vt 0 1
vt 0 1
vt 0 1
vt 0 1
vt 0 1
vt 0 1
vt 0 1
vt 0 1
vt 0 1
vt 0 1
vt 0 1
vt 0 1
vt 0 1
vt 0 1
vt 0 1
vt 0 1
vt 0 1
vt 0 1
vt 0 1
vt 0 1
vt 0 1
vt 0 1
vt 0 1
vt 0 1
vt 0 1
vt 0 1
vt 0 1
vt 0 1
vt 0 1
vt 0 1
vt 0 1
vt 0 1
vt 0 1
vt 0 1
vt 0 1
vt 0 1
vt 0 1
vt 0 1
vt 0 1
vt 0 1
vt 0 1
vt 0 1
vt 0 1
vt 0 1
vt 0 1
vt 0 1
vt 0 1
vt 0 1
vt 0 1
vt 0 1
vt 0 1
vt 0 1
vt 0 1
vt 0 1
vt 0 1
vt 0 1
vt 0 1
vt 0 1
vt 0 1
vt 0 1
vt 0 1
vt 0 1
vt 0 1
vt 0 1
vt 0 1
vt 0 1
vt 0 1
vt 0 1
vt 0 1
vt 0 1
vt 0 1
vt 0 1
vt 0 1
vt 0 1
vt 0 1
vt 0 1
vt 0 1
vt 0 1
vt 0 1
vt 0 1
vt 0 1
vn 0.09890365239995799 0.9692428055366367 -0.22535849541878336
vn 0.2747113609338255 0.9425923146777517 0.18987731956272103
vn 0.39275055054267954 0.7298408690993708 0.5595349058286689
vn 0.43388373911755823 0.3807658968354062 0.8165551008575572
vn 0.3927505505426795 -0.04050406235877852 0.9187526467884916
vn 0.27471136093382553 -0.46043219533526525 0.8441183931609557
vn 0.09890365239995806 -0.7956518893019825 0.5976254166215943
vn 0.17821822346840901 0.9425116680764707 -0.2826836046952016
vn 0.4950127677209629 0.8683448326808738 0.03065308059000721
vn 0.7077120377809792 0.6236904014537825 0.33189449334737897
vn 0.7818314824680297 0.26349817627459116 0.5650736625625082
vn 0.7077120377809792 -0.14665453000436665 0.6911122343072016
vn 0.495012767720963 -0.5346796773321434 0.6848941541882416
vn 0.17821822346840915 -0.8223830267621486 0.540300307345176
vn 0.22223448967586776 0.9038840552696032 -0.3655207876822929
vn 0.6172708249277731 0.7610541126082957 -0.19943261111209065
vn 0.8825024764182069 0.47029853140740224 0.0029445664830140272
vn 0.9749279121818236 0.09404141030953457 0.20167245522327584
vn 0.8825024764182071 -0.3000464000507467 0.36216230744283634
vn 0.6172708249277732 -0.6419703974047216 0.45480846248614404
vn 0.2222344896758679 -0.8610106395690161 0.4574631243580846
vn 0.22223448967586767 0.8610106395690162 -0.45746312435808456
vn 0.6172708249277731 0.6419703974047217 -0.4548084624861439
vn 0.8825024764182068 0.30004640005074673 -0.36216230744283645
vn 0.9749279121818236 -0.09404141030953457 -0.20167245522327584
vn 0.8825024764182069 -0.4702985314074023 -0.0029445664830137774
vn 0.6172708249277733 -0.7610541126082956 0.19943261111209054
vn 0.2222344896758679 -0.9038840552696031 0.36552078768229285
vn 0.17821822346840901 0.8223830267621486 -0.5403003073451758
vn 0.49501276772096303 0.5346796773321436 -0.6848941541882416
vn 0.7077120377809797 0.14665453000436665 -0.691112234307201
vn 0.7818314824680299 -0.263498176274591 -0.565073662562508
vn 0.7077120377809795 -0.6236904014537823 -0.3318944933473791
vn 0.4950127677209633 -0.8683448326808737 -0.03065308059000705
vn 0.1782182234684092 -0.9425116680764707 0.2826836046952016
vn 0.09890365239995799 0.7956518893019826 -0.5976254166215941
vn 0.2747113609338254 0.46043219533526547 -0.8441183931609555
vn 0.39275055054267954 0.04050406235877846 -0.9187526467884914
vn 0.43388373911755823 -0.3807658968354062 -0.8165551008575572
vn 0.39275055054267943 -0.7298408690993707 -0.5595349058286688
vn 0.27471136093382553 -0.9425923146777518 -0.1898773195627213
vn 0.09890365239995806 -0.9692428055366368 0.22535849541878317
vn 0 0.7861116567983909 -0.6180845112488172
vn 0 0.4339335758091785 -0.9009448661185989
vn 0 0.002619399081242369 -0.999996569368342
vn 0 -0.42261826174069944 -0.9063077870366499
vn 0 -0.767725532376907 -0.6407788284085194
vn 0 -0.9690909342038387 -0.2467037925203645
vn 0 -0.9787830380402287 0.20489940079156002
vn -0.09890365239995788 0.7956518893019826 -0.5976254166215942
vn -0.27471136093382514 0.46043219533526547 -0.8441183931609558
vn -0.39275055054267916 0.0405040623587784 -0.9187526467884916
vn -0.43388373911755795 -0.3807658968354064 -0.8165551008575576
vn -0.39275055054267904 -0.7298408690993708 -0.5595349058286692
vn -0.27471136093382525 -0.9425923146777517 -0.1898773195627213
vn -0.09890365239995799 -0.9692428055366368 0.22535849541878314
vn -0.17821822346840901 0.8223830267621486 -0.5403003073451759
vn -0.4950127677209628 0.5346796773321435 -0.6848941541882417
vn -0.7077120377809792 0.14665453000436632 -0.6911122343072016
vn -0.7818314824680295 -0.26349817627459127 -0.5650736625625085
vn -0.7077120377809792 -0.6236904014537824 -0.33189449334737925
vn -0.4950127677209631 -0.8683448326808738 -0.030653080590007382
vn -0.17821822346840913 -0.9425116680764708 0.2826836046952015
vn -0.2222344896758677 0.8610106395690164 -0.4574631243580848
vn -0.617270824927773 0.6419703974047217 -0.45480846248614404
vn -0.8825024764182068 0.3000464000507465 -0.3621623074428366
vn -0.9749279121818236 -0.09404141030953468 -0.2016724552232761
vn -0.8825024764182069 -0.47029853140740224 -0.0029445664830141938
vn -0.6172708249277732 -0.7610541126082957 0.19943261111209026
vn -0.2222344896758679 -0.9038840552696031 0.3655207876822928
vn -0.22223448967586767 0.903884055269603 -0.36552078768229296
vn -0.6172708249277731 0.7610541126082955 -0.19943261111209057
vn -0.8825024764182069 0.47029853140740235 0.002944566483013833
vn -0.9749279121818236 0.09404141030953446 0.20167245522327557
vn -0.8825024764182069 -0.3000464000507468 0.3621623074428363
vn -0.6172708249277732 -0.6419703974047216 0.45480846248614387
vn -0.2222344896758679 -0.8610106395690161 0.4574631243580846
vn -0.17821822346840901 0.9425116680764707 -0.2826836046952017
vn -0.49501276772096314 0.8683448326808736 0.030653080590006987
vn -0.7077120377809797 0.6236904014537824 0.33189449334737864
vn -0.7818314824680299 0.263498176274591 0.565073662562508
vn -0.7077120377809795 -0.1466545300043668 0.6911122343072013
vn -0.4950127677209633 -0.5346796773321435 0.6848941541882414
vn -0.1782182234684092 -0.8223830267621486 0.5403003073451758
vn -0.09890365239995802 0.9692428055366367 -0.2253584954187833
vn -0.2747113609338254 0.9425923146777518 0.18987731956272091
vn -0.3927505505426796 0.7298408690993707 0.5595349058286689
vn -0.43388373911755823 0.3807658968354062 0.8165551008575572
vn -0.3927505505426796 -0.04050406235877835 0.9187526467884914
vn -0.27471136093382564 -0.46043219533526536 0.8441183931609557
vn -0.09890365239995808 -0.7956518893019825 0.5976254166215944
vn -7.489225251784454e-17 0.9787830380402286 -0.20489940079156022
vn 0 0.9690909342038388 0.24670379252036445
vn -2.357781443071171e-16 0.7677255323769068 0.6407788284085196
vn -2.924346315531176e-16 0.42261826174069944 0.9063077870366499
vn 0 -0.0026193990812420913 0.9999965693683421
vn -2.1419183677462445e-16 -0.43393357580917824 0.900944866118599
vn -7.489225251784458e-17 -0.7861116567983906 0.6180845112488174
usemtl m_b8e00a4c-843b-4628-b292-0fe528d9dcaf
f 331/1373/363 337/1374/363 330/1375/363
f 331/1376/364 332/1377/364 338/1378/364 337/1379/364
f 332/1380/365 333/1381/365 339/1382/365 338/1383/365
f 333/1384/366 334/1385/366 340/1386/366 339/1387/366
f 334/1388/367 335/1389/367 341/1390/367 340/1391/367
f 335/1392/368 336/1393/368 342/1394/368 341/1395/368
f 342/1396/369 336/1397/369 329/1398/369
f 337/1399/370 343/1400/370 330/1401/370
f 337/1402/371 338/1403/371 344/1404/371 343/1405/371
f 338/1406/372 339/1407/372 345/1408/372 344/1409/372
f 339/1410/373 340/1411/373 346/1412/373 345/1413/373
f 340/1414/374 341/1415/374 347/1416/374 346/1417/374
f 341/1418/375 342/1419/375 348/1420/375 347/1421/375
f 348/1422/376 342/1423/376 329/1424/376
f 343/1425/377 349/1426/377 330/1427/377
f 343/1428/378 344/1429/378 350/1430/378 349/1431/378
f 344/1432/379 345/1433/379 351/1434/379 350/1435/379
f 345/1436/380 346/1437/380 352/1438/380 351/1439/380
f 346/1440/381 347/1441/381 353/1442/381 352/1443/381
f 347/1444/382 348/1445/382 354/1446/382 353/1447/382
f 354/1448/383 348/1449/383 329/1450/383
f 349/1451/384 355/1452/384 330/1453/384
f 349/1454/385 350/1455/385 356/1456/385 355/1457/385
f 350/1458/386 351/1459/386 357/1460/386 356/1461/386
f 351/1462/387 352/1463/387 358/1464/387 357/1465/387
f 352/1466/388 353/1467/388 359/1468/388 358/1469/388
f 353/1470/389 354/1471/389 360/1472/389 359/1473/389
f 360/1474/390 354/1475/390 329/1476/390
f 355/1477/391 361/1478/391 330/1479/391
f 355/1480/392 356/1481/392 362/1482/392 361/1483/392
f 356/1484/393 357/1485/393 363/1486/393 362/1487/393
f 357/1488/394 358/1489/394 364/1490/394 363/1491/394
f 358/1492/395 359/1493/395 365/1494/395 364/1495/395
f 359/1496/396 360/1497/396 366/1498/396 365/1499/396
f 366/1500/397 360/1501/397 329/1502/397
f 361/1503/398 367/1504/398 330/1505/398
f 361/1506/399 362/1507/399 368/1508/399 367/1509/399
f 362/1510/400 363/1511/400 369/1512/400 368/1513/400
f 363/1514/401 364/1515/401 370/1516/401 369/1517/401
f 364/1518/402 365/1519/402 371/1520/402 370/1521/402
f 365/1522/403 366/1523/403 372/1524/403 371/1525/403
f 372/1526/404 366/1527/404 329/1528/404
f 367/1529/405 373/1530/405 330/1531/405
f 367/1532/406 368/1533/406 374/1534/406 373/1535/406
f 368/1536/407 369/1537/407 375/1538/407 374/1539/407
f 369/1540/408 370/1541/408 376/1542/408 375/1543/408
f 370/1544/409 371/1545/409 377/1546/409 376/1547/409
f 371/1548/410 372/1549/410 378/1550/410 377/1551/410
f 378/1552/411 372/1553/411 329/1554/411
f 373/1555/412 379/1556/412 330/1557/412
f 373/1558/413 374/1559/413 380/1560/413 379/1561/413
f 374/1562/414 375/1563/414 381/1564/414 380/1565/414
f 375/1566/415 376/1567/415 382/1568/415 381/1569/415
f 376/1570/416 377/1571/416 383/1572/416 382/1573/416
f 377/1574/417 378/1575/417 384/1576/417 383/1577/417
f 384/1578/418 378/1579/418 329/1580/418
f 379/1581/419 385/1582/419 330/1583/419
f 379/1584/420 380/1585/420 386/1586/420 385/1587/420
f 380/1588/421 381/1589/421 387/1590/421 386/1591/421
f 381/1592/422 382/1593/422 388/1594/422 387/1595/422
f 382/1596/423 383/1597/423 389/1598/423 388/1599/423
f 383/1600/424 384/1601/424 390/1602/424 389/1603/424
f 390/1604/425 384/1605/425 329/1606/425
f 385/1607/426 391/1608/426 330/1609/426
f 385/1610/427 386/1611/427 392/1612/427 391/1613/427
f 386/1614/428 387/1615/428 393/1616/428 392/1617/428
f 387/1618/429 388/1619/429 394/1620/429 393/1621/429
f 388/1622/430 389/1623/430 395/1624/430 394/1625/430
f 389/1626/431 390/1627/431 396/1628/431 395/1629/431
f 396/1630/432 390/1631/432 329/1632/432
f 391/1633/433 397/1634/433 330/1635/433
f 391/1636/434 392/1637/434 398/1638/434 397/1639/434
f 392/1640/435 393/1641/435 399/1642/435 398/1643/435
f 393/1644/436 394/1645/436 400/1646/436 399/1647/436
f 394/1648/437 395/1649/437 401/1650/437 400/1651/437
f 395/1652/438 396/1653/438 402/1654/438 401/1655/438
f 402/1656/439 396/1657/439 329/1658/439
f 397/1659/440 403/1660/440 330/1661/440
f 397/1662/441 398/1663/441 404/1664/441 403/1665/441
f 398/1666/442 399/1667/442 405/1668/442 404/1669/442
f 399/1670/443 400/1671/443 406/1672/443 405/1673/443
f 400/1674/444 401/1675/444 407/1676/444 406/1677/444
f 401/1678/445 402/1679/445 408/1680/445 407/1681/445
f 408/1682/446 402/1683/446 329/1684/446
f 403/1685/447 409/1686/447 330/1687/447
f 403/1688/448 404/1689/448 410/1690/448 409/1691/448
f 404/1692/449 405/1693/449 411/1694/449 410/1695/449
f 405/1696/450 406/1697/450 412/1698/450 411/1699/450
f 406/1700/451 407/1701/451 413/1702/451 412/1703/451
f 407/1704/452 408/1705/452 414/1706/452 413/1707/452
f 414/1708/453 408/1709/453 329/1710/453
f 409/1711/454 331/1712/454 330/1713/454
f 409/1714/455 410/1715/455 332/1716/455 331/1717/455
f 410/1718/456 411/1719/456 333/1720/456 332/1721/456
f 411/1722/457 412/1723/457 334/1724/457 333/1725/457
f 412/1726/458 413/1727/458 335/1728/458 334/1729/458
f 413/1730/459 414/1731/459 336/1732/459 335/1733/459
f 336/1734/460 414/1735/460 329/1736/460
o wing_left
v 0.4703787768735629 0.3550576336026422 -0.09375
v 0.3421212231264371 0.7074423663973578 -0.09375
v 0.37351382012652934 0.6921359396500116 -0.003194453785399856
v 0.413678050086998 0.6337202552999226 0.063096806950839
v 0.4518519400253176 0.5478477487940082 0.08736109242920032
v 0.47780682696056087 0.45752788890256474 0.063096806950839
v 0.48458811989878825 0.38696180914399647 -0.003194453785399856
v 0.41300625865030877 0.7065100117512553 -0.027458739263761175
v 0.4820809601249744 0.6586168784909348 0.02106983169296149
v 0.5308368170728766 0.5765958929964954 0.03883252147247768
v 0.5462097369985373 0.48242451209357695 0.02106983169296149
v 0.5240805584225677 0.4013358812452401 -0.027458739263761175
v 0.4358072286629676 0.7148088861482593 -0.06948571452163868
v 0.5215733986487538 0.6729909505921784 -0.051723024742122495
v 0.5764387570981941 0.5931936417905035 -0.04522142904327736
v 0.5857021755223167 0.4967985841948206 -0.051723024742122495
v 0.5468815284352265 0.40963475564224416 -0.06948571452163868
v 0.4358072286629676 0.7148088861482593 -0.11801428547836132
v 0.5215733986487538 0.6729909505921784 -0.13577697525787752
v 0.5764387570981941 0.5931936417905035 -0.14227857095672267
v 0.5857021755223167 0.4967985841948206 -0.13577697525787752
v 0.5468815284352265 0.40963475564224416 -0.11801428547836132
v 0.41300625865030877 0.7065100117512553 -0.1600412607362388
v 0.4820809601249745 0.6586168784909348 -0.20856983169296145
v 0.5308368170728766 0.5765958929964954 -0.22633252147247765
v 0.5462097369985373 0.48242451209357695 -0.20856983169296145
v 0.5240805584225677 0.4013358812452401 -0.1600412607362388
v 0.37351382012652934 0.6921359396500116 -0.18430554621460013
v 0.41367805008699804 0.6337202552999226 -0.25059680695083897
v 0.45185194002531764 0.5478477487940082 -0.2748610924292003
v 0.4778068269605609 0.45752788890256474 -0.25059680695083897
v 0.4845881198987883 0.38696180914399647 -0.18430554621460013
v 0.32791188010121175 0.6755381908560035 -0.18430554621460016
v 0.3346931730394392 0.6049721110974353 -0.25059680695083897
v 0.36064805997468247 0.5146522512059919 -0.2748610924292003
v 0.398821949913002 0.42877974470007757 -0.25059680695083897
v 0.43898617987347066 0.37036406034998837 -0.18430554621460016
v 0.28841944157743227 0.6611641187547599 -0.16004126073623884
v 0.2662902630014627 0.5800754879064232 -0.2085698316929615
v 0.2816631829271235 0.48590410700350467 -0.22633252147247768
v 0.3304190398750255 0.4038831215090653 -0.2085698316929615
v 0.39949374134969123 0.3559899882487447 -0.16004126073623884
v 0.2656184715647735 0.6528652443577558 -0.1180142854783613
v 0.22679782447768324 0.5657014158051795 -0.1357769752578775
v 0.23606124290180586 0.4693063582094965 -0.1422785709567226
v 0.2909266013512461 0.3895090494078217 -0.1357769752578775
v 0.3766927713370324 0.3476911138517407 -0.1180142854783613
v 0.2656184715647735 0.6528652443577558 -0.06948571452163872
v 0.22679782447768324 0.5657014158051795 -0.051723024742122564
v 0.23606124290180586 0.4693063582094965 -0.045221429043277445
v 0.2909266013512461 0.3895090494078217 -0.051723024742122564
v 0.3766927713370324 0.3476911138517407 -0.06948571452163872
v 0.28841944157743227 0.6611641187547599 -0.02745873926376119
v 0.26629026300146263 0.580075487906423 0.02106983169296145
v 0.28166318292712345 0.48590410700350467 0.03883252147247762
v 0.3304190398750255 0.40388312150906525 0.02106983169296145
v 0.3994937413496912 0.3559899882487447 -0.02745873926376119
v 0.32791188010121175 0.6755381908560035 -0.003194453785399856
v 0.33469317303943913 0.6049721110974353 0.063096806950839
v 0.3606480599746824 0.5146522512059919 0.08736109242920032
v 0.398821949913002 0.4287797447000775 0.063096806950839
v 0.43898617987347066 0.37036406034998837 -0.003194453785399856
vt 0 1
vt 0 1
vt 0 1
vt 0 1
vt 0 1
vt 0 1
vt 0 1
vt 0 1
vt 0 1
vt 0 1
vt 0 1
vt 0 1
vt 0 1
vt 0 1
vt 0 1
vt 0 1
vt 0 1
vt 0 1
vt 0 1
vt 0 1
vt 0 1
vt 0 1
vt 0 1
vt 0 1
vt 0 1
vt 0 1
vt 0 1
vt 0 1
vt 0 1
vt 0 1
vt 0 1
vt 0 1
vt 0 1
vt 0 1
vt 0 1
vt 0 1
vt 0 1
vt 0 1
vt 0 1
vt 0 1
vt 0 1
vt 0 1
vt 0 1
vt 0 1
vt 0 1
vt 0 1
vt 0 1
vt 0 1
vt 0 1
vt 0 1
vt 0 1
vt 0 1
vt 0 1
vt 0 1
vt 0 1
vt 0 1
vt 0 1
vt 0 1
vt 0 1
vt 0 1
vt 0 1
vt 0 1
vt 0 1
vt 0 1
vt 0 1
vt 0 1
vt 0 1
vt 0 1
vt 0 1
vt 0 1
vt 0 1
vt 0 1
vt 0 1
vt 0 1
vt 0 1
vt 0 1
vt 0 1
vt 0 1
vt 0 1
vt 0 1
vt 0 1
vt 0 1
vt 0 1
vt 0 1
vt 0 1
vt 0 1
vt 0 1
vt 0 1
vt 0 1
vt 0 1
vt 0 1
vt 0 1
vt 0 1
vt 0 1
vt 0 1
vt 0 1
vt 0 1
vt 0 1
vt 0 1
vt 0 1
vt 0 1
vt 0 1
vt 0 1
vt 0 1
vt 0 1
vt 0 1
vt 0 1
vt 0 1
vt 0 1
vt 0 1
vt 0 1
vt 0 1
vt 0 1
vt 0 1
vt 0 1
vt 0 1
vt 0 1
vt 0 1
vt 0 1
vt 0 1
vt 0 1
vt 0 1
vt 0 1
vt 0 1
vt 0 1
vt 0 1
vt 0 1
vt 0 1
vt 0 1
vt 0 1
vt 0 1
vt 0 1
vt 0 1
vt 0 1
vt 0 1
vt 0 1
vt 0 1
vt 0 1
vt 0 1
vt 0 1
vt 0 1
vt 0 1
vt 0 1
vt 0 1
vt 0 1
vt 0 1
vt 0 1
vt 0 1
vt 0 1
vt 0 1
vt 0 1
vt 0 1
vt 0 1
vt 0 1
vt 0 1
vt 0 1
vt 0 1
vt 0 1
vt 0 1
vt 0 1
vt 0 1
vt 0 1
vt 0 1
vt 0 1
vt 0 1
vt 0 1
vt 0 1
vt 0 1
vt 0 1
vt 0 1
vt 0 1
vt 0 1
vt 0 1
vt 0 1
vt 0 1
vt 0 1
vt 0 1
vt 0 1
vt 0 1
vt 0 1
vt 0 1
vt 0 1
vt 0 1
vt 0 1
vt 0 1
vt 0 1
vt 0 1
vt 0 1
vt 0 1
vt 0 1
vt 0 1
vt 0 1
vt 0 1
vt 0 1
vt 0 1
vt 0 1
vt 0 1
vt 0 1
vt 0 1
vt 0 1
vt 0 1
vt 0 1
vt 0 1
vt 0 1
vt 0 1
vt 0 1
vt 0 1
vt 0 1
vt 0 1
vt 0 1
vt 0 1
vt 0 1
vt 0 1
vt 0 1
vt 0 1
vt 0 1
vt 0 1
vt 0 1
vt 0 1
vt 0 1
vt 0 1
vt 0 1
vt 0 1
vt 0 1
vt 0 1
vt 0 1
vt 0 1
vt 0 1
vt 0 1
vt 0 1
vt 0 1
vt 0 1
vt 0 1
vt 0 1
vt 0 1
vt 0 1
vt 0 1
vt 0 1
vt 0 1
vt 0 1
vt 0 1
vt 0 1
vt 0 1
vt 0 1
vt 0 1
vt 0 1
vt 0 1
vt 0 1
vt 0 1
vt 0 1
vt 0 1
vt 0 1
vt 0 1
vt 0 1
vt 0 1
vt 0 1
vt 0 1
vt 0 1
vt 0 1
vt 0 1
vt 0 1
vt 0 1
vt 0 1
vt 0 1
vn -0.2039812175473495 0.95121071503725 0.23149479148832822
vn 0.10032178998720051 0.7758480246308953 0.6228927525104958
vn 0.36916084841331226 0.4010069303887087 0.8383994929501025
vn 0.5405559027963998 -0.0698971113350215 0.8383994929501024
vn 0.5755564469759606 -0.5298484643879853 0.622892752510496
vn 0.45516778362422716 -0.859786281737726 0.23149479148832816
vn -0.11204055327383391 0.9846743801514717 0.13365358018178258
vn 0.3477103945807562 0.8658901129996005 0.35962729833820173
vn 0.7021402896043147 0.522201535604827 0.4840501729431875
vn 0.8735353439874023 0.051297493881096806 0.48405017294318753
vn 0.8229450515695163 -0.43980637601927997 0.35962729833820206
vn 0.5471084478977428 -0.8263226166235041 0.13365358018178264
vn -0.07838793450891075 0.9969229316870122 0
vn 0.4382609084687811 0.89884780475235 0
vn 0.8240192240181682 0.5665618399155523 0
vn 0.9954142784012557 0.09565779819182216 0
vn 0.9134955654575413 -0.4068486842665303 0
vn 0.5807610666626659 -0.814074065087964 0
vn -0.11204055327383386 0.9846743801514718 -0.1336535801817826
vn 0.34771039458075603 0.8658901129996006 -0.35962729833820184
vn 0.7021402896043147 0.522201535604827 -0.48405017294318753
vn 0.8735353439874024 0.051297493881096806 -0.4840501729431875
vn 0.8229450515695163 -0.43980637601927997 -0.3596272983382021
vn 0.5471084478977428 -0.8263226166235041 -0.1336535801817826
vn -0.2039812175473495 0.95121071503725 -0.23149479148832816
vn 0.10032178998720062 0.7758480246308953 -0.6228927525104958
vn 0.3691608484133123 0.4010069303887087 -0.8383994929501024
vn 0.5405559027963998 -0.06989711133502151 -0.8383994929501023
vn 0.5755564469759606 -0.5298484643879853 -0.622892752510496
vn 0.4551677836242272 -0.859786281737726 -0.23149479148832816
vn -0.32957450058578824 0.9054984983874882 -0.26730716036356517
vn -0.23761732849437964 0.6528482445094406 -0.7192545966764036
vn -0.08569752719154351 0.23545202086186517 -0.968100345886375
vn 0.08569752719154411 -0.23545202086186504 -0.9681003458863748
vn 0.2376173284943803 -0.6528482445094398 -0.7192545966764039
vn 0.3295745005857885 -0.905498498387488 -0.2673071603635651
vn -0.45516778362422705 0.8597862817377259 -0.23149479148832816
vn -0.5755564469759602 0.5298484643879857 -0.6228927525104961
vn -0.5405559027963994 0.0698971113350215 -0.8383994929501026
vn -0.36916084841331176 -0.40100693038870866 -0.8383994929501027
vn -0.10032178998720065 -0.7758480246308949 -0.6228927525104964
vn 0.20398121754734969 -0.9512107150372501 -0.2314947914883282
vn -0.5471084478977429 0.8263226166235043 -0.13365358018178256
vn -0.8229450515695161 0.4398063760192804 -0.3596272983382017
vn -0.8735353439874023 -0.051297493881096945 -0.48405017294318736
vn -0.7021402896043148 -0.5222015356048271 -0.4840501729431874
vn -0.3477103945807566 -0.8658901129996005 -0.3596272983382019
vn 0.11204055327383386 -0.9846743801514717 -0.13365358018178253
vn -0.5807610666626659 0.814074065087964 -7.64422272879869e-17
vn -0.913495565457541 0.4068486842665311 0
vn -0.9954142784012557 -0.09565779819182227 0
vn -0.8240192240181682 -0.5665618399155524 0
vn -0.4382609084687814 -0.8988478047523498 -1.8731514945784638e-16
vn 0.07838793450891075 -0.9969229316870122 -7.64422272879869e-17
vn -0.5471084478977429 0.8263226166235043 0.1336535801817825
vn -0.8229450515695164 0.43980637601928035 0.3596272983382015
vn -0.8735353439874025 -0.051297493881097 0.4840501729431872
vn -0.7021402896043151 -0.5222015356048272 0.4840501729431871
vn -0.34771039458075675 -0.8658901129996004 0.3596272983382017
vn 0.11204055327383386 -0.9846743801514717 0.13365358018178244
vn -0.4551677836242271 0.8597862817377259 0.23149479148832813
vn -0.5755564469759606 0.5298484643879857 0.6228927525104958
vn -0.5405559027963999 0.06989711133502116 0.8383994929501024
vn -0.36916084841331237 -0.4010069303887088 0.8383994929501025
vn -0.10032178998720087 -0.775848024630895 0.6228927525104963
vn 0.2039812175473496 -0.9512107150372501 0.2314947914883282
vn -0.32957450058578835 0.905498498387488 0.26730716036356506
vn -0.23761732849438 0.6528482445094406 0.7192545966764035
vn -0.08569752719154378 0.2354520208618651 0.968100345886375
vn 0.0856975271915438 -0.23545202086186515 0.9681003458863748
vn 0.23761732849437983 -0.6528482445094401 0.7192545966764038
vn 0.32957450058578835 -0.905498498387488 0.26730716036356506
usemtl m_b8e00a4c-843b-4628-b292-0fe528d9dcaf
f 417/1737/461 422/1738/461 416/1739/461
f 417/1740/462 418/1741/462 423/1742/462 422/1743/462
f 418/1744/463 419/1745/463 424/1746/463 423/1747/463
f 419/1748/464 420/1749/464 425/1750/464 424/1751/464
f 420/1752/465 421/1753/465 426/1754/465 425/1755/465
f 426/1756/466 421/1757/466 415/1758/466
f 422/1759/467 427/1760/467 416/1761/467
f 422/1762/468 423/1763/468 428/1764/468 427/1765/468
f 423/1766/469 424/1767/469 429/1768/469 428/1769/469
f 424/1770/470 425/1771/470 430/1772/470 429/1773/470
f 425/1774/471 426/1775/471 431/1776/471 430/1777/471
f 431/1778/472 426/1779/472 415/1780/472
f 427/1781/473 432/1782/473 416/1783/473
f 427/1784/474 428/1785/474 433/1786/474 432/1787/474
f 428/1788/475 429/1789/475 434/1790/475 433/1791/475
f 429/1792/476 430/1793/476 435/1794/476 434/1795/476
f 430/1796/477 431/1797/477 436/1798/477 435/1799/477
f 436/1800/478 431/1801/478 415/1802/478
f 432/1803/479 437/1804/479 416/1805/479
f 432/1806/480 433/1807/480 438/1808/480 437/1809/480
f 433/1810/481 434/1811/481 439/1812/481 438/1813/481
f 434/1814/482 435/1815/482 440/1816/482 439/1817/482
f 435/1818/483 436/1819/483 441/1820/483 440/1821/483
f 441/1822/484 436/1823/484 415/1824/484
f 437/1825/485 442/1826/485 416/1827/485
f 437/1828/486 438/1829/486 443/1830/486 442/1831/486
f 438/1832/487 439/1833/487 444/1834/487 443/1835/487
f 439/1836/488 440/1837/488 445/1838/488 444/1839/488
f 440/1840/489 441/1841/489 446/1842/489 445/1843/489
f 446/1844/490 441/1845/490 415/1846/490
f 442/1847/491 447/1848/491 416/1849/491
f 442/1850/492 443/1851/492 448/1852/492 447/1853/492
f 443/1854/493 444/1855/493 449/1856/493 448/1857/493
f 444/1858/494 445/1859/494 450/1860/494 449/1861/494
f 445/1862/495 446/1863/495 451/1864/495 450/1865/495
f 451/1866/496 446/1867/496 415/1868/496
f 447/1869/497 452/1870/497 416/1871/497
f 447/1872/498 448/1873/498 453/1874/498 452/1875/498
f 448/1876/499 449/1877/499 454/1878/499 453/1879/499
f 449/1880/500 450/1881/500 455/1882/500 454/1883/500
f 450/1884/501 451/1885/501 456/1886/501 455/1887/501
f 456/1888/502 451/1889/502 415/1890/502
f 452/1891/503 457/1892/503 416/1893/503
f 452/1894/504 453/1895/504 458/1896/504 457/1897/504
f 453/1898/505 454/1899/505 459/1900/505 458/1901/505
f 454/1902/506 455/1903/506 460/1904/506 459/1905/506
f 455/1906/507 456/1907/507 461/1908/507 460/1909/507
f 461/1910/508 456/1911/508 415/1912/508
f 457/1913/509 462/1914/509 416/1915/509
f 457/1916/510 458/1917/510 463/1918/510 462/1919/510
f 458/1920/511 459/1921/511 464/1922/511 463/1923/511
f 459/1924/512 460/1925/512 465/1926/512 464/1927/512
f 460/1928/513 461/1929/513 466/1930/513 465/1931/513
f 466/1932/514 461/1933/514 415/1934/514
f 462/1935/515 467/1936/515 416/1937/515
f 462/1938/516 463/1939/516 468/1940/516 467/1941/516
f 463/1942/517 464/1943/517 469/1944/517 468/1945/517
f 464/1946/518 465/1947/518 470/1948/518 469/1949/518
f 465/1950/519 466/1951/519 471/1952/519 470/1953/519
f 471/1954/520 466/1955/520 415/1956/520
f 467/1957/521 472/1958/521 416/1959/521
f 467/1960/522 468/1961/522 473/1962/522 472/1963/522
f 468/1964/523 469/1965/523 474/1966/523 473/1967/523
f 469/1968/524 470/1969/524 475/1970/524 474/1971/524
f 470/1972/525 471/1973/525 476/1974/525 475/1975/525
f 476/1976/526 471/1977/526 415/1978/526
f 472/1979/527 417/1980/527 416/1981/527
f 472/1982/528 473/1983/528 418/1984/528 417/1985/528
f 473/1986/529 474/1987/529 419/1988/529 418/1989/529
f 474/1990/530 475/1991/530 420/1992/530 419/1993/530
f 475/1994/531 476/1995/531 421/1996/531 420/1997/531
f 421/1998/532 476/1999/532 415/2000/532
o wing_right
v -0.4703787768735629 0.3550576336026422 -0.09375
v -0.3421212231264371 0.7074423663973578 -0.09375
v -0.32791188010121175 0.6755381908560035 -0.003194453785399856
v -0.33469317303943913 0.6049721110974353 0.063096806950839
v -0.36064805997468236 0.5146522512059919 0.08736109242920032
v -0.39882194991300196 0.4287797447000775 0.063096806950839
v -0.43898617987347066 0.37036406034998837 -0.003194453785399856
v -0.28841944157743227 0.6611641187547599 -0.027458739263761175
v -0.2662902630014627 0.5800754879064232 0.02106983169296149
v -0.2816631829271235 0.48590410700350467 0.03883252147247768
v -0.3304190398750255 0.4038831215090653 0.02106983169296149
v -0.39949374134969123 0.3559899882487447 -0.027458739263761175
v -0.2656184715647735 0.6528652443577558 -0.06948571452163868
v -0.22679782447768324 0.5657014158051795 -0.051723024742122495
v -0.23606124290180586 0.4693063582094965 -0.04522142904327736
v -0.2909266013512461 0.3895090494078217 -0.051723024742122495
v -0.3766927713370324 0.3476911138517407 -0.06948571452163868
v -0.2656184715647735 0.6528652443577558 -0.11801428547836132
v -0.22679782447768324 0.5657014158051795 -0.13577697525787752
v -0.23606124290180586 0.4693063582094965 -0.14227857095672267
v -0.2909266013512461 0.3895090494078217 -0.13577697525787752
v -0.3766927713370324 0.3476911138517407 -0.11801428547836132
v -0.28841944157743227 0.6611641187547599 -0.1600412607362388
v -0.26629026300146263 0.5800754879064232 -0.20856983169296145
v -0.28166318292712345 0.48590410700350467 -0.22633252147247765
v -0.3304190398750255 0.4038831215090653 -0.20856983169296145
v -0.39949374134969123 0.3559899882487447 -0.1600412607362388
v -0.3279118801012117 0.6755381908560035 -0.18430554621460013
v -0.3346931730394391 0.6049721110974353 -0.25059680695083897
v -0.3606480599746823 0.5146522512059918 -0.2748610924292003
v -0.3988219499130019 0.4287797447000775 -0.25059680695083897
v -0.43898617987347066 0.37036406034998837 -0.18430554621460013
v -0.37351382012652934 0.6921359396500116 -0.18430554621460016
v -0.41367805008699793 0.6337202552999225 -0.25059680695083897
v -0.45185194002531753 0.5478477487940081 -0.2748610924292003
v -0.4778068269605608 0.4575278889025647 -0.25059680695083897
v -0.48458811989878825 0.38696180914399647 -0.18430554621460016
v -0.41300625865030877 0.7065100117512553 -0.16004126073623884
v -0.4820809601249744 0.6586168784909348 -0.2085698316929615
v -0.5308368170728766 0.5765958929964954 -0.22633252147247768
v -0.5462097369985373 0.48242451209357695 -0.2085698316929615
v -0.5240805584225677 0.4013358812452401 -0.16004126073623884
v -0.4358072286629676 0.7148088861482593 -0.1180142854783613
v -0.5215733986487538 0.6729909505921784 -0.1357769752578775
v -0.5764387570981941 0.5931936417905035 -0.1422785709567226
v -0.5857021755223167 0.4967985841948206 -0.1357769752578775
v -0.5468815284352265 0.40963475564224416 -0.1180142854783613
v -0.4358072286629676 0.7148088861482593 -0.06948571452163872
v -0.5215733986487538 0.6729909505921784 -0.051723024742122564
v -0.5764387570981941 0.5931936417905035 -0.045221429043277445
v -0.5857021755223167 0.4967985841948206 -0.051723024742122564
v -0.5468815284352265 0.40963475564224416 -0.06948571452163872
v -0.4130062586503088 0.7065100117512553 -0.02745873926376119
v -0.4820809601249745 0.6586168784909348 0.02106983169296145
v -0.5308368170728766 0.5765958929964954 0.03883252147247762
v -0.5462097369985374 0.48242451209357695 0.02106983169296145
v -0.5240805584225677 0.4013358812452401 -0.02745873926376119
v -0.37351382012652934 0.6921359396500116 -0.003194453785399856
v -0.413678050086998 0.6337202552999226 0.063096806950839
v -0.4518519400253176 0.5478477487940082 0.08736109242920032
v -0.47780682696056087 0.45752788890256474 0.063096806950839
v -0.48458811989878825 0.38696180914399647 -0.003194453785399856
vt 0 1
vt 0 1
vt 0 1
vt 0 1
vt 0 1
vt 0 1
vt 0 1
vt 0 1
vt 0 1
vt 0 1
vt 0 1
vt 0 1
vt 0 1
vt 0 1
vt 0 1
vt 0 1
vt 0 1
vt 0 1
vt 0 1
vt 0 1
vt 0 1
vt 0 1
vt 0 1
vt 0 1
vt 0 1
vt 0 1
vt 0 1
vt 0 1
vt 0 1
vt 0 1
vt 0 1
vt 0 1
vt 0 1
vt 0 1
vt 0 1
vt 0 1
vt 0 1
vt 0 1
vt 0 1
vt 0 1
vt 0 1
vt 0 1
vt 0 1
vt 0 1
vt 0 1
vt 0 1
vt 0 1
vt 0 1
vt 0 1
vt 0 1
vt 0 1
vt 0 1
vt 0 1
vt 0 1
vt 0 1
vt 0 1
vt 0 1
vt 0 1
vt 0 1
vt 0 1
vt 0 1
vt 0 1
vt 0 1
vt 0 1
vt 0 1
vt 0 1
vt 0 1
vt 0 1
vt 0 1
vt 0 1
vt 0 1
vt 0 1
vt 0 1
vt 0 1
vt 0 1
vt 0 1
vt 0 1
vt 0 1
vt 0 1
vt 0 1
vt 0 1
vt 0 1
vt 0 1
vt 0 1
vt 0 1
vt 0 1
vt 0 1
vt 0 1
vt 0 1
vt 0 1
vt 0 1
vt 0 1
vt 0 1
vt 0 1
vt 0 1
vt 0 1
vt 0 1
vt 0 1
vt 0 1
vt 0 1
vt 0 1
vt 0 1
vt 0 1
vt 0 1
vt 0 1
vt 0 1
vt 0 1
vt 0 1
vt 0 1
vt 0 1
vt 0 1
vt 0 1
vt 0 1
vt 0 1
vt 0 1
vt 0 1
vt 0 1
vt 0 1
vt 0 1
vt 0 1
vt 0 1
vt 0 1
vt 0 1
vt 0 1
vt 0 1
vt 0 1
vt 0 1
vt 0 1
vt 0 1
vt 0 1
vt 0 1
vt 0 1
vt 0 1
vt 0 1
vt 0 1
vt 0 1
vt 0 1
vt 0 1
vt 0 1
vt 0 1
vt 0 1
vt 0 1
vt 0 1
vt 0 1
vt 0 1
vt 0 1
vt 0 1
vt 0 1
vt 0 1
vt 0 1
vt 0 1
vt 0 1
vt 0 1
vt 0 1
vt 0 1
vt 0 1
vt 0 1
vt 0 1
vt 0 1
vt 0 1
vt 0 1
vt 0 1
vt 0 1
vt 0 1
vt 0 1
vt 0 1
vt 0 1
vt 0 1
vt 0 1
vt 0 1
vt 0 1
vt 0 1
vt 0 1
vt 0 1
vt 0 1
vt 0 1
vt 0 1
vt 0 1
vt 0 1
vt 0 1
vt 0 1
vt 0 1
vt 0 1
vt 0 1
vt 0 1
vt 0 1
vt 0 1
vt 0 1
vt 0 1
vt 0 1
vt 0 1
vt 0 1
vt 0 1
vt 0 1
vt 0 1
vt 0 1
vt 0 1
vt 0 1
vt 0 1
vt 0 1
vt 0 1
vt 0 1
vt 0 1
vt 0 1
vt 0 1
vt 0 1
vt 0 1
vt 0 1
vt 0 1
vt 0 1
vt 0 1
vt 0 1
vt 0 1
vt 0 1
vt 0 1
vt 0 1
vt 0 1
vt 0 1
vt 0 1
vt 0 1
vt 0 1
vt 0 1
vt 0 1
vt 0 1
vt 0 1
vt 0 1
vt 0 1
vt 0 1
vt 0 1
vt 0 1
vt 0 1
vt 0 1
vt 0 1
vt 0 1
vt 0 1
vt 0 1
vt 0 1
vt 0 1
vt 0 1
vt 0 1
vt 0 1
vt 0 1
vt 0 1
vt 0 1
vt 0 1
vt 0 1
vt 0 1
vt 0 1
vt 0 1
vt 0 1
vt 0 1
vt 0 1
vt 0 1
vt 0 1
vt 0 1
vt 0 1
vt 0 1
vt 0 1
vt 0 1
vt 0 1
vt 0 1
vt 0 1
vt 0 1
vt 0 1
vn 0.4551677836242272 0.859786281737726 0.23149479148832822
vn 0.5755564469759604 0.5298484643879858 0.6228927525104958
vn 0.5405559027963998 0.06989711133502136 0.8383994929501025
vn 0.3691608484133122 -0.4010069303887088 0.8383994929501024
vn 0.10032178998720093 -0.775848024630895 0.622892752510496
vn -0.20398121754734952 -0.95121071503725 0.23149479148832816
vn 0.5471084478977428 0.8263226166235043 0.1336535801817826
vn 0.822945051569516 0.4398063760192804 0.35962729833820173
vn 0.8735353439874023 -0.05129749388109692 0.4840501729431875
vn 0.7021402896043147 -0.5222015356048271 0.48405017294318753
vn 0.34771039458075653 -0.8658901129996003 0.35962729833820206
vn -0.11204055327383386 -0.9846743801514718 0.13365358018178264
vn 0.5807610666626659 0.814074065087964 0
vn 0.9134955654575411 0.4068486842665311 0
vn 0.9954142784012557 -0.09565779819182227 0
vn 0.8240192240181682 -0.5665618399155524 0
vn 0.43826090846878174 -0.8988478047523497 0
vn -0.07838793450891075 -0.9969229316870122 0
vn 0.5471084478977428 0.8263226166235041 -0.1336535801817826
vn 0.822945051569516 0.4398063760192806 -0.35962729833820184
vn 0.8735353439874023 -0.05129749388109692 -0.48405017294318753
vn 0.7021402896043147 -0.5222015356048271 -0.48405017294318736
vn 0.34771039458075653 -0.8658901129996003 -0.3596272983382021
vn -0.11204055327383386 -0.9846743801514718 -0.1336535801817826
vn 0.4551677836242272 0.859786281737726 -0.23149479148832816
vn 0.5755564469759605 0.5298484643879858 -0.6228927525104958
vn 0.5405559027963999 0.06989711133502133 -0.8383994929501024
vn 0.36916084841331215 -0.40100693038870877 -0.8383994929501023
vn 0.10032178998720093 -0.775848024630895 -0.622892752510496
vn -0.2039812175473495 -0.95121071503725 -0.23149479148832816
vn 0.3295745005857885 0.905498498387488 -0.2673071603635651
vn 0.23761732849438025 0.6528482445094403 -0.7192545966764036
vn 0.08569752719154404 0.235452020861865 -0.968100345886375
vn -0.0856975271915435 -0.23545202086186526 -0.9681003458863748
vn -0.23761732849437925 -0.6528482445094402 -0.7192545966764039
vn -0.32957450058578824 -0.9054984983874882 -0.26730716036356517
vn 0.2039812175473496 0.9512107150372499 -0.23149479148832816
vn -0.10032178998720043 0.775848024630895 -0.6228927525104961
vn -0.36916084841331187 0.4010069303887086 -0.8383994929501026
vn -0.5405559027963994 -0.06989711133502163 -0.8383994929501027
vn -0.5755564469759603 -0.5298484643879854 -0.6228927525104964
vn -0.45516778362422705 -0.8597862817377259 -0.23149479148832813
vn 0.11204055327383386 0.9846743801514717 -0.13365358018178253
vn -0.3477103945807562 0.8658901129996006 -0.3596272983382017
vn -0.7021402896043147 0.522201535604827 -0.48405017294318736
vn -0.8735353439874022 0.0512974938810969 -0.4840501729431873
vn -0.8229450515695163 -0.43980637601927997 -0.35962729833820184
vn -0.5471084478977429 -0.8263226166235043 -0.13365358018178256
vn 0.07838793450891075 0.9969229316870122 -7.644222728798691e-17
vn -0.43826090846878096 0.89884780475235 0
vn -0.8240192240181682 0.5665618399155523 0
vn -0.9954142784012557 0.09565779819182216 0
vn -0.9134955654575412 -0.40684868426653065 -1.8731514945784638e-16
vn -0.5807610666626659 -0.814074065087964 -7.644222728798689e-17
vn 0.11204055327383383 0.9846743801514717 0.13365358018178247
vn -0.3477103945807564 0.8658901129996006 0.3596272983382015
vn -0.702140289604315 0.5222015356048271 0.4840501729431872
vn -0.8735353439874025 0.05129749388109692 0.484050172943187
vn -0.8229450515695165 -0.4398063760192799 0.3596272983382017
vn -0.5471084478977429 -0.8263226166235043 0.13365358018178247
vn 0.2039812175473496 0.9512107150372501 0.2314947914883282
vn -0.10032178998720073 0.7758480246308954 0.6228927525104959
vn -0.3691608484133125 0.4010069303887086 0.8383994929501024
vn -0.5405559027964 -0.06989711133502131 0.8383994929501025
vn -0.5755564469759605 -0.5298484643879853 0.6228927525104963
vn -0.4551677836242271 -0.8597862817377259 0.23149479148832813
vn 0.32957450058578835 0.905498498387488 0.26730716036356506
vn 0.23761732849438 0.6528482445094406 0.7192545966764035
vn 0.08569752719154378 0.2354520208618651 0.968100345886375
vn -0.0856975271915438 -0.23545202086186515 0.9681003458863748
vn -0.23761732849437983 -0.6528482445094401 0.7192545966764038
vn -0.32957450058578835 -0.905498498387488 0.26730716036356506
usemtl m_b8e00a4c-843b-4628-b292-0fe528d9dcaf
f 479/2001/533 484/2002/533 478/2003/533
f 479/2004/534 480/2005/534 485/2006/534 484/2007/534
f 480/2008/535 481/2009/535 486/2010/535 485/2011/535
f 481/2012/536 482/2013/536 487/2014/536 486/2015/536
f 482/2016/537 483/2017/537 488/2018/537 487/2019/537
f 488/2020/538 483/2021/538 477/2022/538
f 484/2023/539 489/2024/539 478/2025/539
f 484/2026/540 485/2027/540 490/2028/540 489/2029/540
f 485/2030/541 486/2031/541 491/2032/541 490/2033/541
f 486/2034/542 487/2035/542 492/2036/542 491/2037/542
f 487/2038/543 488/2039/543 493/2040/543 492/2041/543
f 493/2042/544 488/2043/544 477/2044/544
f 489/2045/545 494/2046/545 478/2047/545
f 489/2048/546 490/2049/546 495/2050/546 494/2051/546
f 490/2052/547 491/2053/547 496/2054/547 495/2055/547
f 491/2056/548 492/2057/548 497/2058/548 496/2059/548
f 492/2060/549 493/2061/549 498/2062/549 497/2063/549
f 498/2064/550 493/2065/550 477/2066/550
f 494/2067/551 499/2068/551 478/2069/551
f 494/2070/552 495/2071/552 500/2072/552 499/2073/552
f 495/2074/553 496/2075/553 501/2076/553 500/2077/553
f 496/2078/554 497/2079/554 502/2080/554 501/2081/554
f 497/2082/555 498/2083/555 503/2084/555 502/2085/555
f 503/2086/556 498/2087/556 477/2088/556
f 499/2089/557 504/2090/557 478/2091/557
f 499/2092/558 500/2093/558 505/2094/558 504/2095/558
f 500/2096/559 501/2097/559 506/2098/559 505/2099/559
f 501/2100/560 502/2101/560 507/2102/560 506/2103/560
f 502/2104/561 503/2105/561 508/2106/561 507/2107/561
f 508/2108/562 503/2109/562 477/2110/562
f 504/2111/563 509/2112/563 478/2113/563
f 504/2114/564 505/2115/564 510/2116/564 509/2117/564
f 505/2118/565 506/2119/565 511/2120/565 510/2121/565
f 506/2122/566 507/2123/566 512/2124/566 511/2125/566
f 507/2126/567 508/2127/567 513/2128/567 512/2129/567
f 513/2130/568 508/2131/568 477/2132/568
f 509/2133/569 514/2134/569 478/2135/569
f 509/2136/570 510/2137/570 515/2138/570 514/2139/570
f 510/2140/571 511/2141/571 516/2142/571 515/2143/571
f 511/2144/572 512/2145/572 517/2146/572 516/2147/572
f 512/2148/573 513/2149/573 518/2150/573 517/2151/573
f 518/2152/574 513/2153/574 477/2154/574
f 514/2155/575 519/2156/575 478/2157/575
f 514/2158/576 515/2159/576 520/2160/576 519/2161/576
f 515/2162/577 516/2163/577 521/2164/577 520/2165/577
f 516/2166/578 517/2167/578 522/2168/578 521/2169/578
f 517/2170/579 518/2171/579 523/2172/579 522/2173/579
f 523/2174/580 518/2175/580 477/2176/580
f 519/2177/581 524/2178/581 478/2179/581
f 519/2180/582 520/2181/582 525/2182/582 524/2183/582
f 520/2184/583 521/2185/583 526/2186/583 525/2187/583
f 521/2188/584 522/2189/584 527/2190/584 526/2191/584
f 522/2192/585 523/2193/585 528/2194/585 527/2195/585
f 528/2196/586 523/2197/586 477/2198/586
f 524/2199/587 529/2200/587 478/2201/587
f 524/2202/588 525/2203/588 530/2204/588 529/2205/588
f 525/2206/589 526/2207/589 531/2208/589 530/2209/589
f 526/2210/590 527/2211/590 532/2212/590 531/2213/590
f 527/2214/591 528/2215/591 533/2216/591 532/2217/591
f 533/2218/592 528/2219/592 477/2220/592
f 529/2221/593 534/2222/593 478/2223/593
f 529/2224/594 530/2225/594 535/2226/594 534/2227/594
f 530/2228/595 531/2229/595 536/2230/595 535/2231/595
f 531/2232/596 532/2233/596 537/2234/596 536/2235/596
f 532/2236/597 533/2237/597 538/2238/597 537/2239/597
f 538/2240/598 533/2241/598 477/2242/598
f 534/2243/599 479/2244/599 478/2245/599
f 534/2246/600 535/2247/600 480/2248/600 479/2249/600
f 535/2250/601 536/2251/601 481/2252/601 480/2253/601
f 536/2254/602 537/2255/602 482/2256/602 481/2257/602
f 537/2258/603 538/2259/603 483/2260/603 482/2261/603
f 483/2262/604 538/2263/604 477/2264/604
o eye_left
v 0.18125 1.04375 0.5
v 0.18125 1.14375 0.5
v 0.19477990250365493 1.1291053390593273 0.5326640741219094
v 0.20038417161825448 1.09375 0.5461939766255643
v 0.19477990250365493 1.0583946609406727 0.5326640741219094
v 0.2139140741219094 1.1291053390593273 0.5135299025036549
v 0.22744397662556434 1.09375 0.5191341716182545
v 0.2139140741219094 1.0583946609406727 0.5135299025036549
v 0.2139140741219094 1.1291053390593273 0.48647009749634507
v 0.22744397662556434 1.09375 0.4808658283817455
v 0.2139140741219094 1.0583946609406727 0.48647009749634507
v 0.19477990250365493 1.1291053390593273 0.4673359258780906
v 0.2003841716182545 1.09375 0.45380602337443565
v 0.19477990250365493 1.0583946609406727 0.4673359258780906
v 0.16772009749634506 1.1291053390593273 0.4673359258780906
v 0.1621158283817455 1.09375 0.45380602337443565
v 0.16772009749634506 1.0583946609406727 0.4673359258780906
v 0.14858592587809058 1.1291053390593273 0.48647009749634507
v 0.13505602337443567 1.09375 0.48086582838174546
v 0.14858592587809058 1.0583946609406727 0.48647009749634507
v 0.14858592587809058 1.1291053390593273 0.5135299025036549
v 0.13505602337443567 1.09375 0.5191341716182545
v 0.14858592587809058 1.0583946609406727 0.5135299025036549
v 0.16772009749634506 1.1291053390593273 0.5326640741219094
v 0.16211582838174549 1.09375 0.5461939766255643
v 0.16772009749634503 1.0583946609406727 0.5326640741219094
vt 0 1
vt 0 1
vt 0 1
vt 0 1
vt 0 1
vt 0 1
vt 0 1
vt 0 1
vt 0 1
vt 0 1
vt 0 1
vt 0 1
vt 0 1
vt 0 1
vt 0 1
vt 0 1
vt 0 1
vt 0 1
vt 0 1
vt 0 1
vt 0 1
vt 0 1
vt 0 1
vt 0 1
vt 0 1
vt 0 1
vt 0 1
vt 0 1
vt 0 1
vt 0 1
vt 0 1
vt 0 1
vt 0 1
vt 0 1
vt 0 1
vt 0 1
vt 0 1
vt 0 1
vt 0 1
vt 0 1
vt 0 1
vt 0 1
vt 0 1
vt 0 1
vt 0 1
vt 0 1
vt 0 1
vt 0 1
vt 0 1
vt 0 1
vt 0 1
vt 0 1
vt 0 1
vt 0 1
vt 0 1
vt 0 1
vt 0 1
vt 0 1
vt 0 1
vt 0 1
vt 0 1
vt 0 1
vt 0 1
vt 0 1
vt 0 1
vt 0 1
vt 0 1
vt 0 1
vt 0 1
vt 0 1
vt 0 1
vt 0 1
vt 0 1
vt 0 1
vt 0 1
vt 0 1
vt 0 1
vt 0 1
vt 0 1
vt 0 1
vt 0 1
vt 0 1
vt 0 1
vt 0 1
vt 0 1
vt 0 1
vt 0 1
vt 0 1
vt 0 1
vt 0 1
vt 0 1
vt 0 1
vt 0 1
vt 0 1
vt 0 1
vt 0 1
vt 0 1
vt 0 1
vt 0 1
vt 0 1
vt 0 1
vt 0 1
vt 0 1
vt 0 1
vt 0 1
vt 0 1
vt 0 1
vt 0 1
vt 0 1
vt 0 1
vt 0 1
vt 0 1
vn 0.2892814836864668 0.9124869568340762 0.2892814836864668
vn 0.6604015517481455 0.3574067443365933 0.6604015517481456
vn 0.6604015517481456 -0.35740674433659314 0.6604015517481456
vn 0.28928148368646683 -0.912486956834076 0.2892814836864669
vn 0.4091057975728125 0.9124869568340761 0
vn 0.9339488310944648 0.3574067443365932 0
vn 0.9339488310944648 -0.3574067443365931 0
vn 0.4091057975728126 -0.912486956834076 0
vn 0.2892814836864668 0.9124869568340762 -0.2892814836864668
vn 0.6604015517481456 0.3574067443365932 -0.6604015517481454
vn 0.6604015517481457 -0.3574067443365932 -0.6604015517481455
vn 0.2892814836864669 -0.912486956834076 -0.2892814836864668
vn 0 0.9124869568340761 -0.4091057975728125
vn 1.8710211536804834e-16 0.35740674433659325 -0.9339488310944648
vn 0 -0.35740674433659314 -0.9339488310944648
vn 0 -0.912486956834076 -0.4091057975728126
vn -0.2892814836864666 0.9124869568340761 -0.2892814836864669
vn -0.6604015517481453 0.35740674433659336 -0.6604015517481457
vn -0.6604015517481454 -0.35740674433659325 -0.6604015517481456
vn -0.2892814836864668 -0.9124869568340761 -0.28928148368646694
vn -0.4091057975728127 0.9124869568340762 0
vn -0.9339488310944648 0.35740674433659314 -1.4968169229443854e-16
vn -0.9339488310944648 -0.35740674433659314 -2.6460234910218914e-16
vn -0.4091057975728127 -0.912486956834076 -1.049062151062893e-16
vn -0.2892814836864669 0.9124869568340762 0.28928148368646667
vn -0.6604015517481456 0.35740674433659336 0.6604015517481453
vn -0.6604015517481456 -0.35740674433659325 0.6604015517481455
vn -0.2892814836864669 -0.9124869568340762 0.2892814836864668
vn -1.0490621510628932e-16 0.9124869568340762 0.4091057975728126
vn -3.367838076624868e-16 0.35740674433659314 0.9339488310944648
vn -4.762842283839408e-16 -0.3574067443365933 0.9339488310944649
vn -2.0981243021257865e-16 -0.912486956834076 0.4091057975728127
usemtl m_61ce60b0-ebe7-ea6d-a2b5-569bce2e61be
f 541/2265/605 544/2266/605 540/2267/605
f 541/2268/606 542/2269/606 545/2270/606 544/2271/606
f 542/2272/607 543/2273/607 546/2274/607 545/2275/607
f 546/2276/608 543/2277/608 539/2278/608
f 544/2279/609 547/2280/609 540/2281/609
f 544/2282/610 545/2283/610 548/2284/610 547/2285/610
f 545/2286/611 546/2287/611 549/2288/611 548/2289/611
f 549/2290/612 546/2291/612 539/2292/612
f 547/2293/613 550/2294/613 540/2295/613
f 547/2296/614 548/2297/614 551/2298/614 550/2299/614
f 548/2300/615 549/2301/615 552/2302/615 551/2303/615
f 552/2304/616 549/2305/616 539/2306/616
f 550/2307/617 553/2308/617 540/2309/617
f 550/2310/618 551/2311/618 554/2312/618 553/2313/618
f 551/2314/619 552/2315/619 555/2316/619 554/2317/619
f 555/2318/620 552/2319/620 539/2320/620
f 553/2321/621 556/2322/621 540/2323/621
f 553/2324/622 554/2325/622 557/2326/622 556/2327/622
f 554/2328/623 555/2329/623 558/2330/623 557/2331/623
f 558/2332/624 555/2333/624 539/2334/624
f 556/2335/625 559/2336/625 540/2337/625
f 556/2338/626 557/2339/626 560/2340/626 559/2341/626
f 557/2342/627 558/2343/627 561/2344/627 560/2345/627
f 561/2346/628 558/2347/628 539/2348/628
f 559/2349/629 562/2350/629 540/2351/629
f 559/2352/630 560/2353/630 563/2354/630 562/2355/630
f 560/2356/631 561/2357/631 564/2358/631 563/2359/631
f 564/2360/632 561/2361/632 539/2362/632
f 562/2363/633 541/2364/633 540/2365/633
f 562/2366/634 563/2367/634 542/2368/634 541/2369/634
f 563/2370/635 564/2371/635 543/2372/635 542/2373/635
f 543/2374/636 564/2375/636 539/2376/636
o eye_right
v -0.18125 1.04375 0.5
v -0.18125 1.14375 0.5
v -0.16772009749634506 1.1291053390593273 0.5326640741219094
v -0.1621158283817455 1.09375 0.5461939766255643
v -0.16772009749634506 1.0583946609406727 0.5326640741219094
v -0.14858592587809058 1.1291053390593273 0.5135299025036549
v -0.13505602337443565 1.09375 0.5191341716182545
v -0.14858592587809058 1.0583946609406727 0.5135299025036549
v -0.14858592587809058 1.1291053390593273 0.48647009749634507
v -0.13505602337443565 1.09375 0.4808658283817455
v -0.14858592587809058 1.0583946609406727 0.48647009749634507
v -0.16772009749634506 1.1291053390593273 0.4673359258780906
v -0.16211582838174549 1.09375 0.45380602337443565
v -0.16772009749634506 1.0583946609406727 0.4673359258780906
v -0.19477990250365493 1.1291053390593273 0.4673359258780906
v -0.20038417161825448 1.09375 0.45380602337443565
v -0.19477990250365493 1.0583946609406727 0.4673359258780906
v -0.2139140741219094 1.1291053390593273 0.48647009749634507
v -0.22744397662556431 1.09375 0.48086582838174546
v -0.2139140741219094 1.0583946609406727 0.48647009749634507
v -0.2139140741219094 1.1291053390593273 0.5135299025036549
v -0.22744397662556431 1.09375 0.5191341716182545
v -0.2139140741219094 1.0583946609406727 0.5135299025036549
v -0.19477990250365493 1.1291053390593273 0.5326640741219094
v -0.2003841716182545 1.09375 0.5461939766255643
v -0.19477990250365496 1.0583946609406727 0.5326640741219094
vt 0 1
vt 0 1
vt 0 1
vt 0 1
vt 0 1
vt 0 1
vt 0 1
vt 0 1
vt 0 1
vt 0 1
vt 0 1
vt 0 1
vt 0 1
vt 0 1
vt 0 1
vt 0 1
vt 0 1
vt 0 1
vt 0 1
vt 0 1
vt 0 1
vt 0 1
vt 0 1
vt 0 1
vt 0 1
vt 0 1
vt 0 1
vt 0 1
vt 0 1
vt 0 1
vt 0 1
vt 0 1
vt 0 1
vt 0 1
vt 0 1
vt 0 1
vt 0 1
vt 0 1
vt 0 1
vt 0 1
vt 0 1
vt 0 1
vt 0 1
vt 0 1
vt 0 1
vt 0 1
vt 0 1
vt 0 1
vt 0 1
vt 0 1
vt 0 1
vt 0 1
vt 0 1
vt 0 1
vt 0 1
vt 0 1
vt 0 1
vt 0 1
vt 0 1
vt 0 1
vt 0 1
vt 0 1
vt 0 1
vt 0 1
vt 0 1
vt 0 1
vt 0 1
vt 0 1
vt 0 1
vt 0 1
vt 0 1
vt 0 1
vt 0 1
vt 0 1
vt 0 1
vt 0 1
vt 0 1
vt 0 1
vt 0 1
vt 0 1
vt 0 1
vt 0 1
vt 0 1
vt 0 1
vt 0 1
vt 0 1
vt 0 1
vt 0 1
vt 0 1
vt 0 1
vt 0 1
vt 0 1
vt 0 1
vt 0 1
vt 0 1
vt 0 1
vt 0 1
vt 0 1
vt 0 1
vt 0 1
vt 0 1
vt 0 1
vt 0 1
vt 0 1
vt 0 1
vt 0 1
vt 0 1
vt 0 1
vt 0 1
vt 0 1
vt 0 1
vt 0 1
vn 0.2892814836864668 0.9124869568340762 0.2892814836864668
vn 0.6604015517481455 0.3574067443365933 0.6604015517481456
vn 0.6604015517481456 -0.35740674433659314 0.6604015517481456
vn 0.28928148368646683 -0.912486956834076 0.2892814836864669
vn 0.4091057975728125 0.9124869568340761 0
vn 0.9339488310944648 0.3574067443365932 0
vn 0.9339488310944648 -0.3574067443365931 0
vn 0.4091057975728126 -0.912486956834076 0
vn 0.2892814836864668 0.9124869568340762 -0.2892814836864668
vn 0.6604015517481456 0.3574067443365932 -0.6604015517481454
vn 0.6604015517481457 -0.3574067443365932 -0.6604015517481455
vn 0.2892814836864669 -0.912486956834076 -0.2892814836864668
vn 0 0.9124869568340761 -0.4091057975728125
vn 1.8710211536804834e-16 0.35740674433659325 -0.9339488310944648
vn 0 -0.35740674433659314 -0.9339488310944648
vn 0 -0.912486956834076 -0.4091057975728126
vn -0.2892814836864666 0.9124869568340761 -0.2892814836864669
vn -0.6604015517481453 0.35740674433659336 -0.6604015517481457
vn -0.6604015517481454 -0.35740674433659325 -0.6604015517481456
vn -0.2892814836864668 -0.9124869568340761 -0.28928148368646694
vn -0.4091057975728127 0.9124869568340762 0
vn -0.9339488310944648 0.35740674433659314 -1.4968169229443854e-16
vn -0.9339488310944648 -0.35740674433659314 -2.6460234910218914e-16
vn -0.4091057975728127 -0.912486956834076 -1.049062151062893e-16
vn -0.2892814836864669 0.9124869568340762 0.28928148368646667
vn -0.6604015517481456 0.35740674433659336 0.6604015517481453
vn -0.6604015517481456 -0.35740674433659325 0.6604015517481455
vn -0.2892814836864669 -0.9124869568340762 0.2892814836864668
vn -1.0490621510628932e-16 0.9124869568340762 0.4091057975728126
vn -3.367838076624868e-16 0.35740674433659314 0.9339488310944648
vn -4.762842283839408e-16 -0.3574067443365933 0.9339488310944649
vn -2.0981243021257865e-16 -0.912486956834076 0.4091057975728127
usemtl m_61ce60b0-ebe7-ea6d-a2b5-569bce2e61be
f 567/2377/637 570/2378/637 566/2379/637
f 567/2380/638 568/2381/638 571/2382/638 570/2383/638
f 568/2384/639 569/2385/639 572/2386/639 571/2387/639
f 572/2388/640 569/2389/640 565/2390/640
f 570/2391/641 573/2392/641 566/2393/641
f 570/2394/642 571/2395/642 574/2396/642 573/2397/642
f 571/2398/643 572/2399/643 575/2400/643 574/2401/643
f 575/2402/644 572/2403/644 565/2404/644
f 573/2405/645 576/2406/645 566/2407/645
f 573/2408/646 574/2409/646 577/2410/646 576/2411/646
f 574/2412/647 575/2413/647 578/2414/647 577/2415/647
f 578/2416/648 575/2417/648 565/2418/648
f 576/2419/649 579/2420/649 566/2421/649
f 576/2422/650 577/2423/650 580/2424/650 579/2425/650
f 577/2426/651 578/2427/651 581/2428/651 580/2429/651
f 581/2430/652 578/2431/652 565/2432/652
f 579/2433/653 582/2434/653 566/2435/653
f 579/2436/654 580/2437/654 583/2438/654 582/2439/654
f 580/2440/655 581/2441/655 584/2442/655 583/2443/655
f 584/2444/656 581/2445/656 565/2446/656
f 582/2447/657 585/2448/657 566/2449/657
f 582/2450/658 583/2451/658 586/2452/658 585/2453/658
f 583/2454/659 584/2455/659 587/2456/659 586/2457/659
f 587/2458/660 584/2459/660 565/2460/660
f 585/2461/661 588/2462/661 566/2463/661
f 585/2464/662 586/2465/662 589/2466/662 588/2467/662
f 586/2468/663 587/2469/663 590/2470/663 589/2471/663
f 590/2472/664 587/2473/664 565/2474/664
f 588/2475/665 567/2476/665 566/2477/665
f 588/2478/666 589/2479/666 568/2480/666 567/2481/666
f 589/2482/667 590/2483/667 569/2484/667 568/2485/667
f 569/2486/668 590/2487/668 565/2488/668
o beak
v 0 0.95 0.734375
v 0 0.95 0.515625
v 0.1125 0.95 0.734375
v 0.1125 0.95 0.515625
v 0.09742785792574936 0.89375 0.734375
v 0.09742785792574936 0.8937499999999999 0.515625
v 0.056250000000000015 0.8525721420742507 0.734375
v 0.056250000000000015 0.8525721420742506 0.515625
v 6.888638245203862e-18 0.8375 0.734375
v 6.888638245203862e-18 0.8374999999999999 0.515625
v -0.056249999999999974 0.8525721420742506 0.734375
v -0.056249999999999974 0.8525721420742506 0.515625
v -0.09742785792574936 0.89375 0.734375
v -0.09742785792574936 0.8937499999999999 0.515625
v -0.1125 0.95 0.734375
v -0.1125 0.95 0.515625
v -0.09742785792574934 1.00625 0.734375
v -0.09742785792574934 1.0062499999999999 0.515625
v -0.05625000000000005 1.0474278579257492 0.734375
v -0.05625000000000005 1.0474278579257492 0.515625
v -2.0665914735611586e-17 1.0625 0.734375
v -2.0665914735611586e-17 1.0625 0.515625
v 0.056250000000000015 1.0474278579257494 0.734375
v 0.056250000000000015 1.0474278579257492 0.515625
v 0.09742785792574932 1.00625 0.734375
v 0.09742785792574932 1.00625 0.515625
vt 0 1
vt 0 1
vt 0 1
vt 0 1
vt 0 1
vt 0 1
vt 0 1
vt 0 1
vt 0 1
vt 0 1
vt 0 1
vt 0 1
vt 0 1
vt 0 1
vt 0 1
vt 0 1
vt 0 1
vt 0 1
vt 0 1
vt 0 1
vt 0 1
vt 0 1
vt 0 1
vt 0 1
vt 0 1
vt 0 1
vt 0 1
vt 0 1
vt 0 1
vt 0 1
vt 0 1
vt 0 1
vt 0 1
vt 0 1
vt 0 1
vt 0 1
vt 0 1
vt 0 1
vt 0 1
vt 0 1
vt 0 1
vt 0 1
vt 0 1
vt 0 1
vt 0 1
vt 0 1
vt 0 1
vt 0 1
vt 0 1
vt 0 1
vt 0 1
vt 0 1
vt 0 1
vt 0 1
vt 0 1
vt 0 1
vt 0 1
vt 0 1
vt 0 1
vt 0 1
vt 0 1
vt 0 1
vt 0 1
vt 0 1
vt 0 1
vt 0 1
vt 0 1
vt 0 1
vt 0 1
vt 0 1
vt 0 1
vt 0 1
vt 0 1
vt 0 1
vt 0 1
vt 0 1
vt 0 1
vt 0 1
vt 0 1
vt 0 1
vt 0 1
vt 0 1
vt 0 1
vt 0 1
vt 0 1
vt 0 1
vt 0 1
vt 0 1
vt 0 1
vt 0 1
vt 0 1
vt 0 1
vt 0 1
vt 0 1
vt 0 1
vt 0 1
vt 0 1
vt 0 1
vt 0 1
vt 0 1
vt 0 1
vt 0 1
vt 0 1
vt 0 1
vt 0 1
vt 0 1
vt 0 1
vt 0 1
vt 0 1
vt 0 1
vt 0 1
vt 0 1
vt 0 1
vt 0 1
vt 0 1
vt 0 1
vt 0 1
vt 0 1
vt 0 1
vt 0 1
vn -0.9659258262890683 0.2588190451025207 -5.746937261686306e-17
vn 0 -2.220446049250313e-16 -1
vn 0 2.220446049250313e-16 1
vn -0.7071067811865477 0.7071067811865475 -1.570092458683775e-16
vn 0 -2.220446049250313e-16 -1
vn 0 2.220446049250313e-16 1
vn -0.25881904510252085 0.9659258262890684 -2.1447861848524062e-16
vn 0 -2.220446049250313e-16 -1
vn 0 2.220446049250313e-16 1
vn 0.25881904510252074 0.9659258262890684 -2.1447861848524062e-16
vn 0 -2.220446049250313e-16 -1
vn 0 2.220446049250313e-16 1
vn 0.7071067811865475 0.7071067811865477 -1.5700924586837754e-16
vn 0 -2.220446049250313e-16 -1
vn 0 2.220446049250313e-16 1
vn 0.9659258262890684 0.25881904510252074 -5.746937261686308e-17
vn 0 -2.220446049250313e-16 -1
vn 0 2.220446049250313e-16 1
vn 0.9659258262890683 -0.25881904510252074 5.746937261686308e-17
vn 0 -2.220446049250313e-16 -1
vn 0 2.220446049250313e-16 1
vn 0.7071067811865476 -0.7071067811865475 1.570092458683775e-16
vn 0 -2.220446049250313e-16 -1
vn 0 2.220446049250313e-16 1
vn 0.2588190451025212 -0.9659258262890682 2.1447861848524057e-16
vn 0 -2.220446049250313e-16 -1
vn 0 2.220446049250313e-16 1
vn -0.2588190451025207 -0.9659258262890684 2.1447861848524062e-16
vn 0 -2.220446049250313e-16 -1
vn 0 2.220446049250313e-16 1
vn -0.7071067811865475 -0.7071067811865476 1.5700924586837752e-16
vn 0 -2.220446049250313e-16 -1
vn 0 2.220446049250313e-16 1
vn -0.9659258262890682 -0.2588190451025211 5.746937261686315e-17
vn 0 -2.220446049250313e-16 -1
vn 0 2.220446049250313e-16 1
usemtl m_154d5dc8-f207-68de-45bb-c9d76bb92cd3
f 594/2489/669 596/2490/669 595/2491/669 593/2492/669
f 593/2493/670 595/2494/670 591/2495/670
f 596/2496/671 594/2497/671 592/2498/671
f 596/2499/672 598/2500/672 597/2501/672 595/2502/672
f 595/2503/673 597/2504/673 591/2505/673
f 598/2506/674 596/2507/674 592/2508/674
f 598/2509/675 600/2510/675 599/2511/675 597/2512/675
f 597/2513/676 599/2514/676 591/2515/676
f 600/2516/677 598/2517/677 592/2518/677
f 600/2519/678 602/2520/678 601/2521/678 599/2522/678
f 599/2523/679 601/2524/679 591/2525/679
f 602/2526/680 600/2527/680 592/2528/680
f 602/2529/681 604/2530/681 603/2531/681 601/2532/681
f 601/2533/682 603/2534/682 591/2535/682
f 604/2536/683 602/2537/683 592/2538/683
f 604/2539/684 606/2540/684 605/2541/684 603/2542/684
f 603/2543/685 605/2544/685 591/2545/685
f 606/2546/686 604/2547/686 592/2548/686
f 606/2549/687 608/2550/687 607/2551/687 605/2552/687
f 605/2553/688 607/2554/688 591/2555/688
f 608/2556/689 606/2557/689 592/2558/689
f 608/2559/690 610/2560/690 609/2561/690 607/2562/690
f 607/2563/691 609/2564/691 591/2565/691
f 610/2566/692 608/2567/692 592/2568/692
f 610/2569/693 612/2570/693 611/2571/693 609/2572/693
f 609/2573/694 611/2574/694 591/2575/694
f 612/2576/695 610/2577/695 592/2578/695
f 612/2579/696 614/2580/696 613/2581/696 611/2582/696
f 611/2583/697 613/2584/697 591/2585/697
f 614/2586/698 612/2587/698 592/2588/698
f 614/2589/699 616/2590/699 615/2591/699 613/2592/699
f 613/2593/700 615/2594/700 591/2595/700
f 616/2596/701 614/2597/701 592/2598/701
f 616/2599/702 594/2600/702 593/2601/702 615/2602/702
f 615/2603/703 593/2604/703 591/2605/703
f 594/2606/704 616/2607/704 592/2608/704