mtllib teal-water-block.mtl
o water_block
usemtl water
v -0.41999998688697815 0 0.5
v -0.4387499988079071 0 0.4987500011920929
v -0.45500001311302185 0 0.4950000047683716
v 0.4387499988079071 0 0.4987500011920929
v 0.41999998688697815 0 0.5
v -0.41999998688697815 0 0.5
v 0.46875 0 0.48875001072883606
v 0.45500001311302185 0 0.4950000047683716
v 0.4387499988079071 0 0.4987500011920929
v 0.48875001072883606 0 0.46875
v 0.47999998927116394 0 0.47999998927116394
v 0.46875 0 0.48875001072883606
v 0.4987500011920929 0 0.4387499988079071
v 0.4950000047683716 0 0.45500001311302185
v 0.48875001072883606 0 0.46875
v 0.5 0 -0.41999998688697815
v 0.5 0 0.41999998688697815
v 0.4987500011920929 0 0.4387499988079071
v 0.4950000047683716 0 -0.45500001311302185
v 0.4987500011920929 0 -0.4387499988079071
v 0.5 0 -0.41999998688697815
v 0.47999998927116394 0 -0.47999998927116394
v 0.48875001072883606 0 -0.46875
v 0.4950000047683716 0 -0.45500001311302185
v 0.45500001311302185 0 -0.4950000047683716
v 0.46875 0 -0.48875001072883606
v 0.47999998927116394 0 -0.47999998927116394
v 0.41999998688697815 0 -0.5
v 0.4387499988079071 0 -0.4987500011920929
v 0.45500001311302185 0 -0.4950000047683716
v -0.4387499988079071 0 -0.4987500011920929
v -0.41999998688697815 0 -0.5
v 0.41999998688697815 0 -0.5
v -0.46875 0 -0.48875001072883606
v -0.45500001311302185 0 -0.4950000047683716
v -0.4387499988079071 0 -0.4987500011920929
v -0.48875001072883606 0 -0.46875
v -0.47999998927116394 0 -0.47999998927116394
v -0.46875 0 -0.48875001072883606
v -0.4987500011920929 0 -0.4387499988079071
v -0.4950000047683716 0 -0.45500001311302185
v -0.48875001072883606 0 -0.46875
v -0.5 0 0.41999998688697815
v -0.5 0 -0.41999998688697815
v -0.4987500011920929 0 -0.4387499988079071
v -0.4950000047683716 0 0.45500001311302185
v -0.4987500011920929 0 0.4387499988079071
v -0.5 0 0.41999998688697815
v -0.47999998927116394 0 0.47999998927116394
v -0.48875001072883606 0 0.46875
v -0.4950000047683716 0 0.45500001311302185
v -0.45500001311302185 0 0.4950000047683716
v -0.46875 0 0.48875001072883606
v -0.47999998927116394 0 0.47999998927116394
v 0.4387499988079071 0 0.4987500011920929
v -0.41999998688697815 0 0.5
v -0.45500001311302185 0 0.4950000047683716
v 0.48875001072883606 0 0.46875
v 0.46875 0 0.48875001072883606
v 0.4387499988079071 0 0.4987500011920929
v 0.5 0 -0.41999998688697815
v 0.4987500011920929 0 0.4387499988079071
v 0.48875001072883606 0 0.46875
v 0.47999998927116394 0 -0.47999998927116394
v 0.4950000047683716 0 -0.45500001311302185
v 0.5 0 -0.41999998688697815
v 0.41999998688697815 0 -0.5
v 0.45500001311302185 0 -0.4950000047683716
v 0.47999998927116394 0 -0.47999998927116394
v -0.46875 0 -0.48875001072883606
v -0.4387499988079071 0 -0.4987500011920929
v 0.41999998688697815 0 -0.5
v -0.4987500011920929 0 -0.4387499988079071
v -0.48875001072883606 0 -0.46875
v -0.46875 0 -0.48875001072883606
v -0.4950000047683716 0 0.45500001311302185
v -0.5 0 0.41999998688697815
v -0.4987500011920929 0 -0.4387499988079071
v -0.45500001311302185 0 0.4950000047683716
v -0.47999998927116394 0 0.47999998927116394
v -0.4950000047683716 0 0.45500001311302185
v 0.48875001072883606 0 0.46875
v 0.4387499988079071 0 0.4987500011920929
v -0.45500001311302185 0 0.4950000047683716
v 0.47999998927116394 0 -0.47999998927116394
v 0.5 0 -0.41999998688697815
v 0.48875001072883606 0 0.46875
v -0.46875 0 -0.48875001072883606
v 0.41999998688697815 0 -0.5
v 0.47999998927116394 0 -0.47999998927116394
v -0.4950000047683716 0 0.45500001311302185
v -0.4987500011920929 0 -0.4387499988079071
v -0.46875 0 -0.48875001072883606
v 0.48875001072883606 0 0.46875
v -0.45500001311302185 0 0.4950000047683716
v -0.4950000047683716 0 0.45500001311302185
v -0.46875 0 -0.48875001072883606
v 0.47999998927116394 0 -0.47999998927116394
v 0.48875001072883606 0 0.46875
v 0.48875001072883606 0 0.46875
v -0.4950000047683716 0 0.45500001311302185
v -0.46875 0 -0.48875001072883606
v -0.45500001311302185 0.9800000190734863 0.4950000047683716
v -0.4387499988079071 0.9800000190734863 0.4987500011920929
v -0.41999998688697815 0.9800000190734863 0.5
v -0.41999998688697815 0.9800000190734863 0.5
v 0.41999998688697815 0.9800000190734863 0.5
v 0.4387499988079071 0.9800000190734863 0.4987500011920929
v 0.4387499988079071 0.9800000190734863 0.4987500011920929
v 0.45500001311302185 0.9800000190734863 0.4950000047683716
v 0.46875 0.9800000190734863 0.48875001072883606
v 0.46875 0.9800000190734863 0.48875001072883606
v 0.47999998927116394 0.9800000190734863 0.47999998927116394
v 0.48875001072883606 0.9800000190734863 0.46875
v 0.48875001072883606 0.9800000190734863 0.46875
v 0.4950000047683716 0.9800000190734863 0.45500001311302185
v 0.4987500011920929 0.9800000190734863 0.4387499988079071
v 0.4987500011920929 0.9800000190734863 0.4387499988079071
v 0.5 0.9800000190734863 0.41999998688697815
v 0.5 0.9800000190734863 -0.41999998688697815
v 0.5 0.9800000190734863 -0.41999998688697815
v 0.4987500011920929 0.9800000190734863 -0.4387499988079071
v 0.4950000047683716 0.9800000190734863 -0.45500001311302185
v 0.4950000047683716 0.9800000190734863 -0.45500001311302185
v 0.48875001072883606 0.9800000190734863 -0.46875
v 0.47999998927116394 0.9800000190734863 -0.47999998927116394
v 0.47999998927116394 0.9800000190734863 -0.47999998927116394
v 0.46875 0.9800000190734863 -0.48875001072883606
v 0.45500001311302185 0.9800000190734863 -0.4950000047683716
v 0.45500001311302185 0.9800000190734863 -0.4950000047683716
v 0.4387499988079071 0.9800000190734863 -0.4987500011920929
v 0.41999998688697815 0.9800000190734863 -0.5
v 0.41999998688697815 0.9800000190734863 -0.5
v -0.41999998688697815 0.9800000190734863 -0.5
v -0.4387499988079071 0.9800000190734863 -0.4987500011920929
v -0.4387499988079071 0.9800000190734863 -0.4987500011920929
v -0.45500001311302185 0.9800000190734863 -0.4950000047683716
v -0.46875 0.9800000190734863 -0.48875001072883606
v -0.46875 0.9800000190734863 -0.48875001072883606
v -0.47999998927116394 0.9800000190734863 -0.47999998927116394
v -0.48875001072883606 0.9800000190734863 -0.46875
v -0.48875001072883606 0.9800000190734863 -0.46875
v -0.4950000047683716 0.9800000190734863 -0.45500001311302185
v -0.4987500011920929 0.9800000190734863 -0.4387499988079071
v -0.4987500011920929 0.9800000190734863 -0.4387499988079071
v -0.5 0.9800000190734863 -0.41999998688697815
v -0.5 0.9800000190734863 0.41999998688697815
v -0.5 0.9800000190734863 0.41999998688697815
v -0.4987500011920929 0.9800000190734863 0.4387499988079071
v -0.4950000047683716 0.9800000190734863 0.45500001311302185
v -0.4950000047683716 0.9800000190734863 0.45500001311302185
v -0.48875001072883606 0.9800000190734863 0.46875
v -0.47999998927116394 0.9800000190734863 0.47999998927116394
v -0.47999998927116394 0.9800000190734863 0.47999998927116394
v -0.46875 0.9800000190734863 0.48875001072883606
v -0.45500001311302185 0.9800000190734863 0.4950000047683716
v -0.45500001311302185 0.9800000190734863 0.4950000047683716
v -0.41999998688697815 0.9800000190734863 0.5
v 0.4387499988079071 0.9800000190734863 0.4987500011920929
v 0.4387499988079071 0.9800000190734863 0.4987500011920929
v 0.46875 0.9800000190734863 0.48875001072883606
v 0.48875001072883606 0.9800000190734863 0.46875
v 0.48875001072883606 0.9800000190734863 0.46875
v 0.4987500011920929 0.9800000190734863 0.4387499988079071
v 0.5 0.9800000190734863 -0.41999998688697815
v 0.5 0.9800000190734863 -0.41999998688697815
v 0.4950000047683716 0.9800000190734863 -0.45500001311302185
v 0.47999998927116394 0.9800000190734863 -0.47999998927116394
v 0.47999998927116394 0.9800000190734863 -0.47999998927116394
v 0.45500001311302185 0.9800000190734863 -0.4950000047683716
v 0.41999998688697815 0.9800000190734863 -0.5
v 0.41999998688697815 0.9800000190734863 -0.5
v -0.4387499988079071 0.9800000190734863 -0.4987500011920929
v -0.46875 0.9800000190734863 -0.48875001072883606
v -0.46875 0.9800000190734863 -0.48875001072883606
v -0.48875001072883606 0.9800000190734863 -0.46875
v -0.4987500011920929 0.9800000190734863 -0.4387499988079071
v -0.4987500011920929 0.9800000190734863 -0.4387499988079071
v -0.5 0.9800000190734863 0.41999998688697815
v -0.4950000047683716 0.9800000190734863 0.45500001311302185
v -0.4950000047683716 0.9800000190734863 0.45500001311302185
v -0.47999998927116394 0.9800000190734863 0.47999998927116394
v -0.45500001311302185 0.9800000190734863 0.4950000047683716
v -0.45500001311302185 0.9800000190734863 0.4950000047683716
v 0.4387499988079071 0.9800000190734863 0.4987500011920929
v 0.48875001072883606 0.9800000190734863 0.46875
v 0.48875001072883606 0.9800000190734863 0.46875
v 0.5 0.9800000190734863 -0.41999998688697815
v 0.47999998927116394 0.9800000190734863 -0.47999998927116394
v 0.47999998927116394 0.9800000190734863 -0.47999998927116394
v 0.41999998688697815 0.9800000190734863 -0.5
v -0.46875 0.9800000190734863 -0.48875001072883606
v -0.46875 0.9800000190734863 -0.48875001072883606
v -0.4987500011920929 0.9800000190734863 -0.4387499988079071
v -0.4950000047683716 0.9800000190734863 0.45500001311302185
v -0.4950000047683716 0.9800000190734863 0.45500001311302185
v -0.45500001311302185 0.9800000190734863 0.4950000047683716
v 0.48875001072883606 0.9800000190734863 0.46875
v 0.48875001072883606 0.9800000190734863 0.46875
v 0.47999998927116394 0.9800000190734863 -0.47999998927116394
v -0.46875 0.9800000190734863 -0.48875001072883606
v -0.46875 0.9800000190734863 -0.48875001072883606
v -0.4950000047683716 0.9800000190734863 0.45500001311302185
v 0.48875001072883606 0.9800000190734863 0.46875
v -0.41999998688697815 0 0.5
v 0.41999998688697815 0 0.5
v -0.4205096662044525 0.0030447840690612793 0.5153073668479919
v 0.41999998688697815 0 0.5
v 0.4205096662044525 0.0030447840690612793 0.5153073668479919
v -0.4205096662044525 0.0030447840690612793 0.5153073668479919
v -0.4205096662044525 0.0030447840690612793 0.5153073668479919
v 0.4205096662044525 0.0030447840690612793 0.5153073668479919
v -0.4209417700767517 0.011715710163116455 0.5282842516899109
v 0.4205096662044525 0.0030447840690612793 0.5153073668479919
v 0.4209417700767517 0.011715710163116455 0.5282842516899109
v -0.4209417700767517 0.011715710163116455 0.5282842516899109
v -0.4209417700767517 0.011715710163116455 0.5282842516899109
v 0.4209417700767517 0.011715710163116455 0.5282842516899109
v -0.4212304651737213 0.024692654609680176 0.5369551777839661
v 0.4209417700767517 0.011715710163116455 0.5282842516899109
v 0.4212304651737213 0.024692654609680176 0.5369551777839661
v -0.4212304651737213 0.024692654609680176 0.5369551777839661
v -0.4212304651737213 0.024692654609680176 0.5369551777839661
v 0.4212304651737213 0.024692654609680176 0.5369551777839661
v -0.42133185267448425 0.039999961853027344 0.5400000214576721
v 0.4212304651737213 0.024692654609680176 0.5369551777839661
v 0.42133185267448425 0.039999961853027344 0.5400000214576721
v -0.42133185267448425 0.039999961853027344 0.5400000214576721
v -0.42133185267448425 0.039999961853027344 0.5400000214576721
v 0.42133185267448425 0.039999961853027344 0.5400000214576721
v -0.42133185267448425 0.9399999380111694 0.5400000214576721
v 0.42133185267448425 0.039999961853027344 0.5400000214576721
v 0.42133185267448425 0.9399999380111694 0.5400000214576721
v -0.42133185267448425 0.9399999380111694 0.5400000214576721
v -0.42133185267448425 0.9399999380111694 0.5400000214576721
v 0.42133185267448425 0.9399999380111694 0.5400000214576721
v -0.4212304651737213 0.9553073644638062 0.5369551777839661
v 0.42133185267448425 0.9399999380111694 0.5400000214576721
v 0.4212304651737213 0.9553073644638062 0.5369551777839661
v -0.4212304651737213 0.9553073644638062 0.5369551777839661
v -0.4212304651737213 0.9553073644638062 0.5369551777839661
v 0.4212304651737213 0.9553073644638062 0.5369551777839661
v -0.4209417700767517 0.9682842493057251 0.5282842516899109
v 0.4212304651737213 0.9553073644638062 0.5369551777839661
v 0.4209417700767517 0.9682842493057251 0.5282842516899109
v -0.4209417700767517 0.9682842493057251 0.5282842516899109
v -0.4209417700767517 0.9682842493057251 0.5282842516899109
v 0.4209417700767517 0.9682842493057251 0.5282842516899109
v -0.4205096662044525 0.9769551753997803 0.5153073668479919
v 0.4209417700767517 0.9682842493057251 0.5282842516899109
v 0.4205096662044525 0.9769551753997803 0.5153073668479919
v -0.4205096662044525 0.9769551753997803 0.5153073668479919
v -0.4205096662044525 0.9769551753997803 0.5153073668479919
v 0.4205096662044525 0.9769551753997803 0.5153073668479919
v -0.41999998688697815 0.9800000190734863 0.5
v 0.4205096662044525 0.9769551753997803 0.5153073668479919
v 0.41999998688697815 0.9800000190734863 0.5
v -0.41999998688697815 0.9800000190734863 0.5
v 0.41999998688697815 0 0.5
v 0.4387499988079071 0 0.4987500011920929
v 0.4205096662044525 0.0030447840690612793 0.5153073668479919
v 0.4387499988079071 0 0.4987500011920929
v 0.4409945011138916 0.0030447840690612793 0.5139417052268982
v 0.4205096662044525 0.0030447840690612793 0.5153073668479919
v 0.4205096662044525 0.0030447840690612793 0.5153073668479919
v 0.4409945011138916 0.0030447840690612793 0.5139417052268982
v 0.4209417700767517 0.011715710163116455 0.5282842516899109
v 0.4409945011138916 0.0030447840690612793 0.5139417052268982
v 0.4428972899913788 0.011715710163116455 0.5268206000328064
v 0.4209417700767517 0.011715710163116455 0.5282842516899109
v 0.4209417700767517 0.011715710163116455 0.5282842516899109
v 0.4428972899913788 0.011715710163116455 0.5268206000328064
v 0.4212304651737213 0.024692654609680176 0.5369551777839661
v 0.4428972899913788 0.011715710163116455 0.5268206000328064
v 0.44416868686676025 0.024692654609680176 0.5354259610176086
v 0.4212304651737213 0.024692654609680176 0.5369551777839661
v 0.4212304651737213 0.024692654609680176 0.5369551777839661
v 0.44416868686676025 0.024692654609680176 0.5354259610176086
v 0.42133185267448425 0.039999961853027344 0.5400000214576721
v 0.44416868686676025 0.024692654609680176 0.5354259610176086
v 0.44461512565612793 0.039999961853027344 0.5384477972984314
v 0.42133185267448425 0.039999961853027344 0.5400000214576721
v 0.42133185267448425 0.039999961853027344 0.5400000214576721
v 0.44461512565612793 0.039999961853027344 0.5384477972984314
v 0.42133185267448425 0.9399999380111694 0.5400000214576721
v 0.44461512565612793 0.039999961853027344 0.5384477972984314
v 0.44461512565612793 0.9399999380111694 0.5384477972984314
v 0.42133185267448425 0.9399999380111694 0.5400000214576721
v 0.42133185267448425 0.9399999380111694 0.5400000214576721
v 0.44461512565612793 0.9399999380111694 0.5384477972984314
v 0.4212304651737213 0.9553073644638062 0.5369551777839661
v 0.44461512565612793 0.9399999380111694 0.5384477972984314
v 0.44416868686676025 0.9553073644638062 0.5354259610176086
v 0.4212304651737213 0.9553073644638062 0.5369551777839661
v 0.4212304651737213 0.9553073644638062 0.5369551777839661
v 0.44416868686676025 0.9553073644638062 0.5354259610176086
v 0.4209417700767517 0.9682842493057251 0.5282842516899109
v 0.44416868686676025 0.9553073644638062 0.5354259610176086
v 0.4428972899913788 0.9682842493057251 0.5268206000328064
v 0.4209417700767517 0.9682842493057251 0.5282842516899109
v 0.4209417700767517 0.9682842493057251 0.5282842516899109
v 0.4428972899913788 0.9682842493057251 0.5268206000328064
v 0.4205096662044525 0.9769551753997803 0.5153073668479919
v 0.4428972899913788 0.9682842493057251 0.5268206000328064
v 0.4409945011138916 0.9769551753997803 0.5139417052268982
v 0.4205096662044525 0.9769551753997803 0.5153073668479919
v 0.4205096662044525 0.9769551753997803 0.5153073668479919
v 0.4409945011138916 0.9769551753997803 0.5139417052268982
v 0.41999998688697815 0.9800000190734863 0.5
v 0.4409945011138916 0.9769551753997803 0.5139417052268982
v 0.4387499988079071 0.9800000190734863 0.4987500011920929
v 0.41999998688697815 0.9800000190734863 0.5
v 0.4387499988079071 0 0.4987500011920929
v 0.45500001311302185 0 0.4950000047683716
v 0.4409945011138916 0.0030447840690612793 0.5139417052268982
v 0.45500001311302185 0 0.4950000047683716
v 0.4599372446537018 0.0030447840690612793 0.509570300579071
v 0.4409945011138916 0.0030447840690612793 0.5139417052268982
v 0.4409945011138916 0.0030447840690612793 0.5139417052268982
v 0.4599372446537018 0.0030447840690612793 0.509570300579071
v 0.4428972899913788 0.011715710163116455 0.5268206000328064
v 0.4599372446537018 0.0030447840690612793 0.509570300579071
v 0.46412283182144165 0.011715710163116455 0.5219223499298096
v 0.4428972899913788 0.011715710163116455 0.5268206000328064
v 0.4428972899913788 0.011715710163116455 0.5268206000328064
v 0.46412283182144165 0.011715710163116455 0.5219223499298096
v 0.44416868686676025 0.024692654609680176 0.5354259610176086
v 0.46412283182144165 0.011715710163116455 0.5219223499298096
v 0.46691954135894775 0.024692654609680176 0.5301757454872131
v 0.44416868686676025 0.024692654609680176 0.5354259610176086
v 0.44416868686676025 0.024692654609680176 0.5354259610176086
v 0.46691954135894775 0.024692654609680176 0.5301757454872131
v 0.44461512565612793 0.039999961853027344 0.5384477972984314
v 0.46691954135894775 0.024692654609680176 0.5301757454872131
v 0.4679016172885895 0.039999961853027344 0.5330739617347717
v 0.44461512565612793 0.039999961853027344 0.5384477972984314
v 0.44461512565612793 0.039999961853027344 0.5384477972984314
v 0.4679016172885895 0.039999961853027344 0.5330739617347717
v 0.44461512565612793 0.9399999380111694 0.5384477972984314
v 0.4679016172885895 0.039999961853027344 0.5330739617347717
v 0.4679016172885895 0.9399999380111694 0.5330739617347717
v 0.44461512565612793 0.9399999380111694 0.5384477972984314
v 0.44461512565612793 0.9399999380111694 0.5384477972984314
v 0.4679016172885895 0.9399999380111694 0.5330739617347717
v 0.44416868686676025 0.9553073644638062 0.5354259610176086
v 0.4679016172885895 0.9399999380111694 0.5330739617347717
v 0.46691954135894775 0.9553073644638062 0.5301757454872131
v 0.44416868686676025 0.9553073644638062 0.5354259610176086
v 0.44416868686676025 0.9553073644638062 0.5354259610176086
v 0.46691954135894775 0.9553073644638062 0.5301757454872131
v 0.4428972899913788 0.9682842493057251 0.5268206000328064
v 0.46691954135894775 0.9553073644638062 0.5301757454872131
v 0.46412283182144165 0.9682842493057251 0.5219223499298096
v 0.4428972899913788 0.9682842493057251 0.5268206000328064
v 0.4428972899913788 0.9682842493057251 0.5268206000328064
v 0.46412283182144165 0.9682842493057251 0.5219223499298096
v 0.4409945011138916 0.9769551753997803 0.5139417052268982
v 0.46412283182144165 0.9682842493057251 0.5219223499298096
v 0.4599372446537018 0.9769551753997803 0.509570300579071
v 0.4409945011138916 0.9769551753997803 0.5139417052268982
v 0.4409945011138916 0.9769551753997803 0.5139417052268982
v 0.4599372446537018 0.9769551753997803 0.509570300579071
v 0.4387499988079071 0.9800000190734863 0.4987500011920929
v 0.4599372446537018 0.9769551753997803 0.509570300579071
v 0.45500001311302185 0.9800000190734863 0.4950000047683716
v 0.4387499988079071 0.9800000190734863 0.4987500011920929
v 0.45500001311302185 0 0.4950000047683716
v 0.46875 0 0.48875001072883606
v 0.4599372446537018 0.0030447840690612793 0.509570300579071
v 0.46875 0 0.48875001072883606
v 0.4767250716686249 0.0030447840690612793 0.5019394755363464
v 0.4599372446537018 0.0030447840690612793 0.509570300579071
v 0.4599372446537018 0.0030447840690612793 0.509570300579071
v 0.4767250716686249 0.0030447840690612793 0.5019394755363464
v 0.46412283182144165 0.011715710163116455 0.5219223499298096
v 0.4767250716686249 0.0030447840690612793 0.5019394755363464
v 0.48348599672317505 0.011715710163116455 0.5131209492683411
v 0.46412283182144165 0.011715710163116455 0.5219223499298096
v 0.46412283182144165 0.011715710163116455 0.5219223499298096
v 0.48348599672317505 0.011715710163116455 0.5131209492683411
v 0.46691954135894775 0.024692654609680176 0.5301757454872131
v 0.48348599672317505 0.011715710163116455 0.5131209492683411
v 0.48800352215766907 0.024692654609680176 0.5205921530723572
v 0.46691954135894775 0.024692654609680176 0.5301757454872131
v 0.46691954135894775 0.024692654609680176 0.5301757454872131
v 0.48800352215766907 0.024692654609680176 0.5205921530723572
v 0.4679016172885895 0.039999961853027344 0.5330739617347717
v 0.48800352215766907 0.024692654609680176 0.5205921530723572
v 0.4895898401737213 0.039999961853027344 0.5232157111167908
v 0.4679016172885895 0.039999961853027344 0.5330739617347717
v 0.4679016172885895 0.039999961853027344 0.5330739617347717
v 0.4895898401737213 0.039999961853027344 0.5232157111167908
v 0.4679016172885895 0.9399999380111694 0.5330739617347717
v 0.4895898401737213 0.039999961853027344 0.5232157111167908
v 0.4895898401737213 0.9399999380111694 0.5232157111167908
v 0.4679016172885895 0.9399999380111694 0.5330739617347717
v 0.4679016172885895 0.9399999380111694 0.5330739617347717
v 0.4895898401737213 0.9399999380111694 0.5232157111167908
v 0.46691954135894775 0.9553073644638062 0.5301757454872131
v 0.4895898401737213 0.9399999380111694 0.5232157111167908
v 0.48800352215766907 0.9553073644638062 0.5205921530723572
v 0.46691954135894775 0.9553073644638062 0.5301757454872131
v 0.46691954135894775 0.9553073644638062 0.5301757454872131
v 0.48800352215766907 0.9553073644638062 0.5205921530723572
v 0.46412283182144165 0.9682842493057251 0.5219223499298096
v 0.48800352215766907 0.9553073644638062 0.5205921530723572
v 0.48348599672317505 0.9682842493057251 0.5131209492683411
v 0.46412283182144165 0.9682842493057251 0.5219223499298096
v 0.46412283182144165 0.9682842493057251 0.5219223499298096
v 0.48348599672317505 0.9682842493057251 0.5131209492683411
v 0.4599372446537018 0.9769551753997803 0.509570300579071
v 0.48348599672317505 0.9682842493057251 0.5131209492683411
v 0.4767250716686249 0.9769551753997803 0.5019394755363464
v 0.4599372446537018 0.9769551753997803 0.509570300579071
v 0.4599372446537018 0.9769551753997803 0.509570300579071
v 0.4767250716686249 0.9769551753997803 0.5019394755363464
v 0.45500001311302185 0.9800000190734863 0.4950000047683716
v 0.4767250716686249 0.9769551753997803 0.5019394755363464
v 0.46875 0.9800000190734863 0.48875001072883606
v 0.45500001311302185 0.9800000190734863 0.4950000047683716
v 0.46875 0 0.48875001072883606
v 0.47999998927116394 0 0.47999998927116394
v 0.4767250716686249 0.0030447840690612793 0.5019394755363464
v 0.47999998927116394 0 0.47999998927116394
v 0.490908145904541 0.0030447840690612793 0.490908145904541
v 0.4767250716686249 0.0030447840690612793 0.5019394755363464
v 0.4767250716686249 0.0030447840690612793 0.5019394755363464
v 0.490908145904541 0.0030447840690612793 0.490908145904541
v 0.48348599672317505 0.011715710163116455 0.5131209492683411
v 0.490908145904541 0.0030447840690612793 0.490908145904541
v 0.5001556277275085 0.011715710163116455 0.5001556277275085
v 0.48348599672317505 0.011715710163116455 0.5131209492683411
v 0.48348599672317505 0.011715710163116455 0.5131209492683411
v 0.5001556277275085 0.011715710163116455 0.5001556277275085
v 0.48800352215766907 0.024692654609680176 0.5205921530723572
v 0.5001556277275085 0.011715710163116455 0.5001556277275085
v 0.5063346028327942 0.024692654609680176 0.5063346028327942
v 0.48800352215766907 0.024692654609680176 0.5205921530723572
v 0.48800352215766907 0.024692654609680176 0.5205921530723572
v 0.5063346028327942 0.024692654609680176 0.5063346028327942
v 0.4895898401737213 0.039999961853027344 0.5232157111167908
v 0.5063346028327942 0.024692654609680176 0.5063346028327942
v 0.5085043907165527 0.039999961853027344 0.5085043907165527
v 0.4895898401737213 0.039999961853027344 0.5232157111167908
v 0.4895898401737213 0.039999961853027344 0.5232157111167908
v 0.5085043907165527 0.039999961853027344 0.5085043907165527
v 0.4895898401737213 0.9399999380111694 0.5232157111167908
v 0.5085043907165527 0.039999961853027344 0.5085043907165527
v 0.5085043907165527 0.9399999380111694 0.5085043907165527
v 0.4895898401737213 0.9399999380111694 0.5232157111167908
v 0.4895898401737213 0.9399999380111694 0.5232157111167908
v 0.5085043907165527 0.9399999380111694 0.5085043907165527
v 0.48800352215766907 0.9553073644638062 0.5205921530723572
v 0.5085043907165527 0.9399999380111694 0.5085043907165527
v 0.5063346028327942 0.9553073644638062 0.5063346028327942
v 0.48800352215766907 0.9553073644638062 0.5205921530723572
v 0.48800352215766907 0.9553073644638062 0.5205921530723572
v 0.5063346028327942 0.9553073644638062 0.5063346028327942
v 0.48348599672317505 0.9682842493057251 0.5131209492683411
v 0.5063346028327942 0.9553073644638062 0.5063346028327942
v 0.5001556277275085 0.9682842493057251 0.5001556277275085
v 0.48348599672317505 0.9682842493057251 0.5131209492683411
v 0.48348599672317505 0.9682842493057251 0.5131209492683411
v 0.5001556277275085 0.9682842493057251 0.5001556277275085
v 0.4767250716686249 0.9769551753997803 0.5019394755363464
v 0.5001556277275085 0.9682842493057251 0.5001556277275085
v 0.490908145904541 0.9769551753997803 0.490908145904541
v 0.4767250716686249 0.9769551753997803 0.5019394755363464
v 0.4767250716686249 0.9769551753997803 0.5019394755363464
v 0.490908145904541 0.9769551753997803 0.490908145904541
v 0.46875 0.9800000190734863 0.48875001072883606
v 0.490908145904541 0.9769551753997803 0.490908145904541
v 0.47999998927116394 0.9800000190734863 0.47999998927116394
v 0.46875 0.9800000190734863 0.48875001072883606
v 0.47999998927116394 0 0.47999998927116394
v 0.48875001072883606 0 0.46875
v 0.490908145904541 0.0030447840690612793 0.490908145904541
v 0.48875001072883606 0 0.46875
v 0.5019394755363464 0.0030447840690612793 0.4767250716686249
v 0.490908145904541 0.0030447840690612793 0.490908145904541
v 0.490908145904541 0.0030447840690612793 0.490908145904541
v 0.5019394755363464 0.0030447840690612793 0.4767250716686249
v 0.5001556277275085 0.011715710163116455 0.5001556277275085
v 0.5019394755363464 0.0030447840690612793 0.4767250716686249
v 0.5131209492683411 0.011715710163116455 0.48348599672317505
v 0.5001556277275085 0.011715710163116455 0.5001556277275085
v 0.5001556277275085 0.011715710163116455 0.5001556277275085
v 0.5131209492683411 0.011715710163116455 0.48348599672317505
v 0.5063346028327942 0.024692654609680176 0.5063346028327942
v 0.5131209492683411 0.011715710163116455 0.48348599672317505
v 0.5205921530723572 0.024692654609680176 0.48800352215766907
v 0.5063346028327942 0.024692654609680176 0.5063346028327942
v 0.5063346028327942 0.024692654609680176 0.5063346028327942
v 0.5205921530723572 0.024692654609680176 0.48800352215766907
v 0.5085043907165527 0.039999961853027344 0.5085043907165527
v 0.5205921530723572 0.024692654609680176 0.48800352215766907
v 0.5232157111167908 0.039999961853027344 0.4895898401737213
v 0.5085043907165527 0.039999961853027344 0.5085043907165527
v 0.5085043907165527 0.039999961853027344 0.5085043907165527
v 0.5232157111167908 0.039999961853027344 0.4895898401737213
v 0.5085043907165527 0.9399999380111694 0.5085043907165527
v 0.5232157111167908 0.039999961853027344 0.4895898401737213
v 0.5232157111167908 0.9399999380111694 0.4895898401737213
v 0.5085043907165527 0.9399999380111694 0.5085043907165527
v 0.5085043907165527 0.9399999380111694 0.5085043907165527
v 0.5232157111167908 0.9399999380111694 0.4895898401737213
v 0.5063346028327942 0.9553073644638062 0.5063346028327942
v 0.5232157111167908 0.9399999380111694 0.4895898401737213
v 0.5205921530723572 0.9553073644638062 0.48800352215766907
v 0.5063346028327942 0.9553073644638062 0.5063346028327942
v 0.5063346028327942 0.9553073644638062 0.5063346028327942
v 0.5205921530723572 0.9553073644638062 0.48800352215766907
v 0.5001556277275085 0.9682842493057251 0.5001556277275085
v 0.5205921530723572 0.9553073644638062 0.48800352215766907
v 0.5131209492683411 0.9682842493057251 0.48348599672317505
v 0.5001556277275085 0.9682842493057251 0.5001556277275085
v 0.5001556277275085 0.9682842493057251 0.5001556277275085
v 0.5131209492683411 0.9682842493057251 0.48348599672317505
v 0.490908145904541 0.9769551753997803 0.490908145904541
v 0.5131209492683411 0.9682842493057251 0.48348599672317505
v 0.5019394755363464 0.9769551753997803 0.4767250716686249
v 0.490908145904541 0.9769551753997803 0.490908145904541
v 0.490908145904541 0.9769551753997803 0.490908145904541
v 0.5019394755363464 0.9769551753997803 0.4767250716686249
v 0.47999998927116394 0.9800000190734863 0.47999998927116394
v 0.5019394755363464 0.9769551753997803 0.4767250716686249
v 0.48875001072883606 0.9800000190734863 0.46875
v 0.47999998927116394 0.9800000190734863 0.47999998927116394
v 0.48875001072883606 0 0.46875
v 0.4950000047683716 0 0.45500001311302185
v 0.5019394755363464 0.0030447840690612793 0.4767250716686249
v 0.4950000047683716 0 0.45500001311302185
v 0.509570300579071 0.0030447840690612793 0.4599372446537018
v 0.5019394755363464 0.0030447840690612793 0.4767250716686249
v 0.5019394755363464 0.0030447840690612793 0.4767250716686249
v 0.509570300579071 0.0030447840690612793 0.4599372446537018
v 0.5131209492683411 0.011715710163116455 0.48348599672317505
v 0.509570300579071 0.0030447840690612793 0.4599372446537018
v 0.5219223499298096 0.011715710163116455 0.46412283182144165
v 0.5131209492683411 0.011715710163116455 0.48348599672317505
v 0.5131209492683411 0.011715710163116455 0.48348599672317505
v 0.5219223499298096 0.011715710163116455 0.46412283182144165
v 0.5205921530723572 0.024692654609680176 0.48800352215766907
v 0.5219223499298096 0.011715710163116455 0.46412283182144165
v 0.5301757454872131 0.024692654609680176 0.46691954135894775
v 0.5205921530723572 0.024692654609680176 0.48800352215766907
v 0.5205921530723572 0.024692654609680176 0.48800352215766907
v 0.5301757454872131 0.024692654609680176 0.46691954135894775
v 0.5232157111167908 0.039999961853027344 0.4895898401737213
v 0.5301757454872131 0.024692654609680176 0.46691954135894775
v 0.5330739617347717 0.039999961853027344 0.4679016172885895
v 0.5232157111167908 0.039999961853027344 0.4895898401737213
v 0.5232157111167908 0.039999961853027344 0.4895898401737213
v 0.5330739617347717 0.039999961853027344 0.4679016172885895
v 0.5232157111167908 0.9399999380111694 0.4895898401737213
v 0.5330739617347717 0.039999961853027344 0.4679016172885895
v 0.5330739617347717 0.9399999380111694 0.4679016172885895
v 0.5232157111167908 0.9399999380111694 0.4895898401737213
v 0.5232157111167908 0.9399999380111694 0.4895898401737213
v 0.5330739617347717 0.9399999380111694 0.4679016172885895
v 0.5205921530723572 0.9553073644638062 0.48800352215766907
v 0.5330739617347717 0.9399999380111694 0.4679016172885895
v 0.5301757454872131 0.9553073644638062 0.46691954135894775
v 0.5205921530723572 0.9553073644638062 0.48800352215766907
v 0.5205921530723572 0.9553073644638062 0.48800352215766907
v 0.5301757454872131 0.9553073644638062 0.46691954135894775
v 0.5131209492683411 0.9682842493057251 0.48348599672317505
v 0.5301757454872131 0.9553073644638062 0.46691954135894775
v 0.5219223499298096 0.9682842493057251 0.46412283182144165
v 0.5131209492683411 0.9682842493057251 0.48348599672317505
v 0.5131209492683411 0.9682842493057251 0.48348599672317505
v 0.5219223499298096 0.9682842493057251 0.46412283182144165
v 0.5019394755363464 0.9769551753997803 0.4767250716686249
v 0.5219223499298096 0.9682842493057251 0.46412283182144165
v 0.509570300579071 0.9769551753997803 0.4599372446537018
v 0.5019394755363464 0.9769551753997803 0.4767250716686249
v 0.5019394755363464 0.9769551753997803 0.4767250716686249
v 0.509570300579071 0.9769551753997803 0.4599372446537018
v 0.48875001072883606 0.9800000190734863 0.46875
v 0.509570300579071 0.9769551753997803 0.4599372446537018
v 0.4950000047683716 0.9800000190734863 0.45500001311302185
v 0.48875001072883606 0.9800000190734863 0.46875
v 0.4950000047683716 0 0.45500001311302185
v 0.4987500011920929 0 0.4387499988079071
v 0.509570300579071 0.0030447840690612793 0.4599372446537018
v 0.4987500011920929 0 0.4387499988079071
v 0.5139417052268982 0.0030447840690612793 0.4409945011138916
v 0.509570300579071 0.0030447840690612793 0.4599372446537018
v 0.509570300579071 0.0030447840690612793 0.4599372446537018
v 0.5139417052268982 0.0030447840690612793 0.4409945011138916
v 0.5219223499298096 0.011715710163116455 0.46412283182144165
v 0.5139417052268982 0.0030447840690612793 0.4409945011138916
v 0.5268206000328064 0.011715710163116455 0.4428972899913788
v 0.5219223499298096 0.011715710163116455 0.46412283182144165
v 0.5219223499298096 0.011715710163116455 0.46412283182144165
v 0.5268206000328064 0.011715710163116455 0.4428972899913788
v 0.5301757454872131 0.024692654609680176 0.46691954135894775
v 0.5268206000328064 0.011715710163116455 0.4428972899913788
v 0.5354259610176086 0.024692654609680176 0.44416868686676025
v 0.5301757454872131 0.024692654609680176 0.46691954135894775
v 0.5301757454872131 0.024692654609680176 0.46691954135894775
v 0.5354259610176086 0.024692654609680176 0.44416868686676025
v 0.5330739617347717 0.039999961853027344 0.4679016172885895
v 0.5354259610176086 0.024692654609680176 0.44416868686676025
v 0.5384477972984314 0.039999961853027344 0.44461512565612793
v 0.5330739617347717 0.039999961853027344 0.4679016172885895
v 0.5330739617347717 0.039999961853027344 0.4679016172885895
v 0.5384477972984314 0.039999961853027344 0.44461512565612793
v 0.5330739617347717 0.9399999380111694 0.4679016172885895
v 0.5384477972984314 0.039999961853027344 0.44461512565612793
v 0.5384477972984314 0.9399999380111694 0.44461512565612793
v 0.5330739617347717 0.9399999380111694 0.4679016172885895
v 0.5330739617347717 0.9399999380111694 0.4679016172885895
v 0.5384477972984314 0.9399999380111694 0.44461512565612793
v 0.5301757454872131 0.9553073644638062 0.46691954135894775
v 0.5384477972984314 0.9399999380111694 0.44461512565612793
v 0.5354259610176086 0.9553073644638062 0.44416868686676025
v 0.5301757454872131 0.9553073644638062 0.46691954135894775
v 0.5301757454872131 0.9553073644638062 0.46691954135894775
v 0.5354259610176086 0.9553073644638062 0.44416868686676025
v 0.5219223499298096 0.9682842493057251 0.46412283182144165
v 0.5354259610176086 0.9553073644638062 0.44416868686676025
v 0.5268206000328064 0.9682842493057251 0.4428972899913788
v 0.5219223499298096 0.9682842493057251 0.46412283182144165
v 0.5219223499298096 0.9682842493057251 0.46412283182144165
v 0.5268206000328064 0.9682842493057251 0.4428972899913788
v 0.509570300579071 0.9769551753997803 0.4599372446537018
v 0.5268206000328064 0.9682842493057251 0.4428972899913788
v 0.5139417052268982 0.9769551753997803 0.4409945011138916
v 0.509570300579071 0.9769551753997803 0.4599372446537018
v 0.509570300579071 0.9769551753997803 0.4599372446537018
v 0.5139417052268982 0.9769551753997803 0.4409945011138916
v 0.4950000047683716 0.9800000190734863 0.45500001311302185
v 0.5139417052268982 0.9769551753997803 0.4409945011138916
v 0.4987500011920929 0.9800000190734863 0.4387499988079071
v 0.4950000047683716 0.9800000190734863 0.45500001311302185
v 0.4987500011920929 0 0.4387499988079071
v 0.5 0 0.41999998688697815
v 0.5139417052268982 0.0030447840690612793 0.4409945011138916
v 0.5 0 0.41999998688697815
v 0.5153073668479919 0.0030447840690612793 0.4205096662044525
v 0.5139417052268982 0.0030447840690612793 0.4409945011138916
v 0.5139417052268982 0.0030447840690612793 0.4409945011138916
v 0.5153073668479919 0.0030447840690612793 0.4205096662044525
v 0.5268206000328064 0.011715710163116455 0.4428972899913788
v 0.5153073668479919 0.0030447840690612793 0.4205096662044525
v 0.5282842516899109 0.011715710163116455 0.4209417700767517
v 0.5268206000328064 0.011715710163116455 0.4428972899913788
v 0.5268206000328064 0.011715710163116455 0.4428972899913788
v 0.5282842516899109 0.011715710163116455 0.4209417700767517
v 0.5354259610176086 0.024692654609680176 0.44416868686676025
v 0.5282842516899109 0.011715710163116455 0.4209417700767517
v 0.5369551777839661 0.024692654609680176 0.4212304651737213
v 0.5354259610176086 0.024692654609680176 0.44416868686676025
v 0.5354259610176086 0.024692654609680176 0.44416868686676025
v 0.5369551777839661 0.024692654609680176 0.4212304651737213
v 0.5384477972984314 0.039999961853027344 0.44461512565612793
v 0.5369551777839661 0.024692654609680176 0.4212304651737213
v 0.5400000214576721 0.039999961853027344 0.42133185267448425
v 0.5384477972984314 0.039999961853027344 0.44461512565612793
v 0.5384477972984314 0.039999961853027344 0.44461512565612793
v 0.5400000214576721 0.039999961853027344 0.42133185267448425
v 0.5384477972984314 0.9399999380111694 0.44461512565612793
v 0.5400000214576721 0.039999961853027344 0.42133185267448425
v 0.5400000214576721 0.9399999380111694 0.42133185267448425
v 0.5384477972984314 0.9399999380111694 0.44461512565612793
v 0.5384477972984314 0.9399999380111694 0.44461512565612793
v 0.5400000214576721 0.9399999380111694 0.42133185267448425
v 0.5354259610176086 0.9553073644638062 0.44416868686676025
v 0.5400000214576721 0.9399999380111694 0.42133185267448425
v 0.5369551777839661 0.9553073644638062 0.4212304651737213
v 0.5354259610176086 0.9553073644638062 0.44416868686676025
v 0.5354259610176086 0.9553073644638062 0.44416868686676025
v 0.5369551777839661 0.9553073644638062 0.4212304651737213
v 0.5268206000328064 0.9682842493057251 0.4428972899913788
v 0.5369551777839661 0.9553073644638062 0.4212304651737213
v 0.5282842516899109 0.9682842493057251 0.4209417700767517
v 0.5268206000328064 0.9682842493057251 0.4428972899913788
v 0.5268206000328064 0.9682842493057251 0.4428972899913788
v 0.5282842516899109 0.9682842493057251 0.4209417700767517
v 0.5139417052268982 0.9769551753997803 0.4409945011138916
v 0.5282842516899109 0.9682842493057251 0.4209417700767517
v 0.5153073668479919 0.9769551753997803 0.4205096662044525
v 0.5139417052268982 0.9769551753997803 0.4409945011138916
v 0.5139417052268982 0.9769551753997803 0.4409945011138916
v 0.5153073668479919 0.9769551753997803 0.4205096662044525
v 0.4987500011920929 0.9800000190734863 0.4387499988079071
v 0.5153073668479919 0.9769551753997803 0.4205096662044525
v 0.5 0.9800000190734863 0.41999998688697815
v 0.4987500011920929 0.9800000190734863 0.4387499988079071
v 0.5 0 0.41999998688697815
v 0.5 0 -0.41999998688697815
v 0.5153073668479919 0.0030447840690612793 0.4205096662044525
v 0.5 0 -0.41999998688697815
v 0.5153073668479919 0.0030447840690612793 -0.4205096662044525
v 0.5153073668479919 0.0030447840690612793 0.4205096662044525
v 0.5153073668479919 0.0030447840690612793 0.4205096662044525
v 0.5153073668479919 0.0030447840690612793 -0.4205096662044525
v 0.5282842516899109 0.011715710163116455 0.4209417700767517
v 0.5153073668479919 0.0030447840690612793 -0.4205096662044525
v 0.5282842516899109 0.011715710163116455 -0.4209417700767517
v 0.5282842516899109 0.011715710163116455 0.4209417700767517
v 0.5282842516899109 0.011715710163116455 0.4209417700767517
v 0.5282842516899109 0.011715710163116455 -0.4209417700767517
v 0.5369551777839661 0.024692654609680176 0.4212304651737213
v 0.5282842516899109 0.011715710163116455 -0.4209417700767517
v 0.5369551777839661 0.024692654609680176 -0.4212304651737213
v 0.5369551777839661 0.024692654609680176 0.4212304651737213
v 0.5369551777839661 0.024692654609680176 0.4212304651737213
v 0.5369551777839661 0.024692654609680176 -0.4212304651737213
v 0.5400000214576721 0.039999961853027344 0.42133185267448425
v 0.5369551777839661 0.024692654609680176 -0.4212304651737213
v 0.5400000214576721 0.039999961853027344 -0.42133185267448425
v 0.5400000214576721 0.039999961853027344 0.42133185267448425
v 0.5400000214576721 0.039999961853027344 0.42133185267448425
v 0.5400000214576721 0.039999961853027344 -0.42133185267448425
v 0.5400000214576721 0.9399999380111694 0.42133185267448425
v 0.5400000214576721 0.039999961853027344 -0.42133185267448425
v 0.5400000214576721 0.9399999380111694 -0.42133185267448425
v 0.5400000214576721 0.9399999380111694 0.42133185267448425
v 0.5400000214576721 0.9399999380111694 0.42133185267448425
v 0.5400000214576721 0.9399999380111694 -0.42133185267448425
v 0.5369551777839661 0.9553073644638062 0.4212304651737213
v 0.5400000214576721 0.9399999380111694 -0.42133185267448425
v 0.5369551777839661 0.9553073644638062 -0.4212304651737213
v 0.5369551777839661 0.9553073644638062 0.4212304651737213
v 0.5369551777839661 0.9553073644638062 0.4212304651737213
v 0.5369551777839661 0.9553073644638062 -0.4212304651737213
v 0.5282842516899109 0.9682842493057251 0.4209417700767517
v 0.5369551777839661 0.9553073644638062 -0.4212304651737213
v 0.5282842516899109 0.9682842493057251 -0.4209417700767517
v 0.5282842516899109 0.9682842493057251 0.4209417700767517
v 0.5282842516899109 0.9682842493057251 0.4209417700767517
v 0.5282842516899109 0.9682842493057251 -0.4209417700767517
v 0.5153073668479919 0.9769551753997803 0.4205096662044525
v 0.5282842516899109 0.9682842493057251 -0.4209417700767517
v 0.5153073668479919 0.9769551753997803 -0.4205096662044525
v 0.5153073668479919 0.9769551753997803 0.4205096662044525
v 0.5153073668479919 0.9769551753997803 0.4205096662044525
v 0.5153073668479919 0.9769551753997803 -0.4205096662044525
v 0.5 0.9800000190734863 0.41999998688697815
v 0.5153073668479919 0.9769551753997803 -0.4205096662044525
v 0.5 0.9800000190734863 -0.41999998688697815
v 0.5 0.9800000190734863 0.41999998688697815
v 0.5 0 -0.41999998688697815
v 0.4987500011920929 0 -0.4387499988079071
v 0.5153073668479919 0.0030447840690612793 -0.4205096662044525
v 0.4987500011920929 0 -0.4387499988079071
v 0.5139417052268982 0.0030447840690612793 -0.4409945011138916
v 0.5153073668479919 0.0030447840690612793 -0.4205096662044525
v 0.5153073668479919 0.0030447840690612793 -0.4205096662044525
v 0.5139417052268982 0.0030447840690612793 -0.4409945011138916
v 0.5282842516899109 0.011715710163116455 -0.4209417700767517
v 0.5139417052268982 0.0030447840690612793 -0.4409945011138916
v 0.5268206000328064 0.011715710163116455 -0.4428972899913788
v 0.5282842516899109 0.011715710163116455 -0.4209417700767517
v 0.5282842516899109 0.011715710163116455 -0.4209417700767517
v 0.5268206000328064 0.011715710163116455 -0.4428972899913788
v 0.5369551777839661 0.024692654609680176 -0.4212304651737213
v 0.5268206000328064 0.011715710163116455 -0.4428972899913788
v 0.5354259610176086 0.024692654609680176 -0.44416868686676025
v 0.5369551777839661 0.024692654609680176 -0.4212304651737213
v 0.5369551777839661 0.024692654609680176 -0.4212304651737213
v 0.5354259610176086 0.024692654609680176 -0.44416868686676025
v 0.5400000214576721 0.039999961853027344 -0.42133185267448425
v 0.5354259610176086 0.024692654609680176 -0.44416868686676025
v 0.5384477972984314 0.039999961853027344 -0.44461512565612793
v 0.5400000214576721 0.039999961853027344 -0.42133185267448425
v 0.5400000214576721 0.039999961853027344 -0.42133185267448425
v 0.5384477972984314 0.039999961853027344 -0.44461512565612793
v 0.5400000214576721 0.9399999380111694 -0.42133185267448425
v 0.5384477972984314 0.039999961853027344 -0.44461512565612793
v 0.5384477972984314 0.9399999380111694 -0.44461512565612793
v 0.5400000214576721 0.9399999380111694 -0.42133185267448425
v 0.5400000214576721 0.9399999380111694 -0.42133185267448425
v 0.5384477972984314 0.9399999380111694 -0.44461512565612793
v 0.5369551777839661 0.9553073644638062 -0.4212304651737213
v 0.5384477972984314 0.9399999380111694 -0.44461512565612793
v 0.5354259610176086 0.9553073644638062 -0.44416868686676025
v 0.5369551777839661 0.9553073644638062 -0.4212304651737213
v 0.5369551777839661 0.9553073644638062 -0.4212304651737213
v 0.5354259610176086 0.9553073644638062 -0.44416868686676025
v 0.5282842516899109 0.9682842493057251 -0.4209417700767517
v 0.5354259610176086 0.9553073644638062 -0.44416868686676025
v 0.5268206000328064 0.9682842493057251 -0.4428972899913788
v 0.5282842516899109 0.9682842493057251 -0.4209417700767517
v 0.5282842516899109 0.9682842493057251 -0.4209417700767517
v 0.5268206000328064 0.9682842493057251 -0.4428972899913788
v 0.5153073668479919 0.9769551753997803 -0.4205096662044525
v 0.5268206000328064 0.9682842493057251 -0.4428972899913788
v 0.5139417052268982 0.9769551753997803 -0.4409945011138916
v 0.5153073668479919 0.9769551753997803 -0.4205096662044525
v 0.5153073668479919 0.9769551753997803 -0.4205096662044525
v 0.5139417052268982 0.9769551753997803 -0.4409945011138916
v 0.5 0.9800000190734863 -0.41999998688697815
v 0.5139417052268982 0.9769551753997803 -0.4409945011138916
v 0.4987500011920929 0.9800000190734863 -0.4387499988079071
v 0.5 0.9800000190734863 -0.41999998688697815
v 0.4987500011920929 0 -0.4387499988079071
v 0.4950000047683716 0 -0.45500001311302185
v 0.5139417052268982 0.0030447840690612793 -0.4409945011138916
v 0.4950000047683716 0 -0.45500001311302185
v 0.509570300579071 0.0030447840690612793 -0.4599372446537018
v 0.5139417052268982 0.0030447840690612793 -0.4409945011138916
v 0.5139417052268982 0.0030447840690612793 -0.4409945011138916
v 0.509570300579071 0.0030447840690612793 -0.4599372446537018
v 0.5268206000328064 0.011715710163116455 -0.4428972899913788
v 0.509570300579071 0.0030447840690612793 -0.4599372446537018
v 0.5219223499298096 0.011715710163116455 -0.46412283182144165
v 0.5268206000328064 0.011715710163116455 -0.4428972899913788
v 0.5268206000328064 0.011715710163116455 -0.4428972899913788
v 0.5219223499298096 0.011715710163116455 -0.46412283182144165
v 0.5354259610176086 0.024692654609680176 -0.44416868686676025
v 0.5219223499298096 0.011715710163116455 -0.46412283182144165
v 0.5301757454872131 0.024692654609680176 -0.46691954135894775
v 0.5354259610176086 0.024692654609680176 -0.44416868686676025
v 0.5354259610176086 0.024692654609680176 -0.44416868686676025
v 0.5301757454872131 0.024692654609680176 -0.46691954135894775
v 0.5384477972984314 0.039999961853027344 -0.44461512565612793
v 0.5301757454872131 0.024692654609680176 -0.46691954135894775
v 0.5330739617347717 0.039999961853027344 -0.4679016172885895
v 0.5384477972984314 0.039999961853027344 -0.44461512565612793
v 0.5384477972984314 0.039999961853027344 -0.44461512565612793
v 0.5330739617347717 0.039999961853027344 -0.4679016172885895
v 0.5384477972984314 0.9399999380111694 -0.44461512565612793
v 0.5330739617347717 0.039999961853027344 -0.4679016172885895
v 0.5330739617347717 0.9399999380111694 -0.4679016172885895
v 0.5384477972984314 0.9399999380111694 -0.44461512565612793
v 0.5384477972984314 0.9399999380111694 -0.44461512565612793
v 0.5330739617347717 0.9399999380111694 -0.4679016172885895
v 0.5354259610176086 0.9553073644638062 -0.44416868686676025
v 0.5330739617347717 0.9399999380111694 -0.4679016172885895
v 0.5301757454872131 0.9553073644638062 -0.46691954135894775
v 0.5354259610176086 0.9553073644638062 -0.44416868686676025
v 0.5354259610176086 0.9553073644638062 -0.44416868686676025
v 0.5301757454872131 0.9553073644638062 -0.46691954135894775
v 0.5268206000328064 0.9682842493057251 -0.4428972899913788
v 0.5301757454872131 0.9553073644638062 -0.46691954135894775
v 0.5219223499298096 0.9682842493057251 -0.46412283182144165
v 0.5268206000328064 0.9682842493057251 -0.4428972899913788
v 0.5268206000328064 0.9682842493057251 -0.4428972899913788
v 0.5219223499298096 0.9682842493057251 -0.46412283182144165
v 0.5139417052268982 0.9769551753997803 -0.4409945011138916
v 0.5219223499298096 0.9682842493057251 -0.46412283182144165
v 0.509570300579071 0.9769551753997803 -0.4599372446537018
v 0.5139417052268982 0.9769551753997803 -0.4409945011138916
v 0.5139417052268982 0.9769551753997803 -0.4409945011138916
v 0.509570300579071 0.9769551753997803 -0.4599372446537018
v 0.4987500011920929 0.9800000190734863 -0.4387499988079071
v 0.509570300579071 0.9769551753997803 -0.4599372446537018
v 0.4950000047683716 0.9800000190734863 -0.45500001311302185
v 0.4987500011920929 0.9800000190734863 -0.4387499988079071
v 0.4950000047683716 0 -0.45500001311302185
v 0.48875001072883606 0 -0.46875
v 0.509570300579071 0.0030447840690612793 -0.4599372446537018
v 0.48875001072883606 0 -0.46875
v 0.5019394755363464 0.0030447840690612793 -0.4767250716686249
v 0.509570300579071 0.0030447840690612793 -0.4599372446537018
v 0.509570300579071 0.0030447840690612793 -0.4599372446537018
v 0.5019394755363464 0.0030447840690612793 -0.4767250716686249
v 0.5219223499298096 0.011715710163116455 -0.46412283182144165
v 0.5019394755363464 0.0030447840690612793 -0.4767250716686249
v 0.5131209492683411 0.011715710163116455 -0.48348599672317505
v 0.5219223499298096 0.011715710163116455 -0.46412283182144165
v 0.5219223499298096 0.011715710163116455 -0.46412283182144165
v 0.5131209492683411 0.011715710163116455 -0.48348599672317505
v 0.5301757454872131 0.024692654609680176 -0.46691954135894775
v 0.5131209492683411 0.011715710163116455 -0.48348599672317505
v 0.5205921530723572 0.024692654609680176 -0.48800352215766907
v 0.5301757454872131 0.024692654609680176 -0.46691954135894775
v 0.5301757454872131 0.024692654609680176 -0.46691954135894775
v 0.5205921530723572 0.024692654609680176 -0.48800352215766907
v 0.5330739617347717 0.039999961853027344 -0.4679016172885895
v 0.5205921530723572 0.024692654609680176 -0.48800352215766907
v 0.5232157111167908 0.039999961853027344 -0.4895898401737213
v 0.5330739617347717 0.039999961853027344 -0.4679016172885895
v 0.5330739617347717 0.039999961853027344 -0.4679016172885895
v 0.5232157111167908 0.039999961853027344 -0.4895898401737213
v 0.5330739617347717 0.9399999380111694 -0.4679016172885895
v 0.5232157111167908 0.039999961853027344 -0.4895898401737213
v 0.5232157111167908 0.9399999380111694 -0.4895898401737213
v 0.5330739617347717 0.9399999380111694 -0.4679016172885895
v 0.5330739617347717 0.9399999380111694 -0.4679016172885895
v 0.5232157111167908 0.9399999380111694 -0.4895898401737213
v 0.5301757454872131 0.9553073644638062 -0.46691954135894775
v 0.5232157111167908 0.9399999380111694 -0.4895898401737213
v 0.5205921530723572 0.9553073644638062 -0.48800352215766907
v 0.5301757454872131 0.9553073644638062 -0.46691954135894775
v 0.5301757454872131 0.9553073644638062 -0.46691954135894775
v 0.5205921530723572 0.9553073644638062 -0.48800352215766907
v 0.5219223499298096 0.9682842493057251 -0.46412283182144165
v 0.5205921530723572 0.9553073644638062 -0.48800352215766907
v 0.5131209492683411 0.9682842493057251 -0.48348599672317505
v 0.5219223499298096 0.9682842493057251 -0.46412283182144165
v 0.5219223499298096 0.9682842493057251 -0.46412283182144165
v 0.5131209492683411 0.9682842493057251 -0.48348599672317505
v 0.509570300579071 0.9769551753997803 -0.4599372446537018
v 0.5131209492683411 0.9682842493057251 -0.48348599672317505
v 0.5019394755363464 0.9769551753997803 -0.4767250716686249
v 0.509570300579071 0.9769551753997803 -0.4599372446537018
v 0.509570300579071 0.9769551753997803 -0.4599372446537018
v 0.5019394755363464 0.9769551753997803 -0.4767250716686249
v 0.4950000047683716 0.9800000190734863 -0.45500001311302185
v 0.5019394755363464 0.9769551753997803 -0.4767250716686249
v 0.48875001072883606 0.9800000190734863 -0.46875
v 0.4950000047683716 0.9800000190734863 -0.45500001311302185
v 0.48875001072883606 0 -0.46875
v 0.47999998927116394 0 -0.47999998927116394
v 0.5019394755363464 0.0030447840690612793 -0.4767250716686249
v 0.47999998927116394 0 -0.47999998927116394
v 0.490908145904541 0.0030447840690612793 -0.490908145904541
v 0.5019394755363464 0.0030447840690612793 -0.4767250716686249
v 0.5019394755363464 0.0030447840690612793 -0.4767250716686249
v 0.490908145904541 0.0030447840690612793 -0.490908145904541
v 0.5131209492683411 0.011715710163116455 -0.48348599672317505
v 0.490908145904541 0.0030447840690612793 -0.490908145904541
v 0.5001556277275085 0.011715710163116455 -0.5001556277275085
v 0.5131209492683411 0.011715710163116455 -0.48348599672317505
v 0.5131209492683411 0.011715710163116455 -0.48348599672317505
v 0.5001556277275085 0.011715710163116455 -0.5001556277275085
v 0.5205921530723572 0.024692654609680176 -0.48800352215766907
v 0.5001556277275085 0.011715710163116455 -0.5001556277275085
v 0.5063346028327942 0.024692654609680176 -0.5063346028327942
v 0.5205921530723572 0.024692654609680176 -0.48800352215766907
v 0.5205921530723572 0.024692654609680176 -0.48800352215766907
v 0.5063346028327942 0.024692654609680176 -0.5063346028327942
v 0.5232157111167908 0.039999961853027344 -0.4895898401737213
v 0.5063346028327942 0.024692654609680176 -0.5063346028327942
v 0.5085043907165527 0.039999961853027344 -0.5085043907165527
v 0.5232157111167908 0.039999961853027344 -0.4895898401737213
v 0.5232157111167908 0.039999961853027344 -0.4895898401737213
v 0.5085043907165527 0.039999961853027344 -0.5085043907165527
v 0.5232157111167908 0.9399999380111694 -0.4895898401737213
v 0.5085043907165527 0.039999961853027344 -0.5085043907165527
v 0.5085043907165527 0.9399999380111694 -0.5085043907165527
v 0.5232157111167908 0.9399999380111694 -0.4895898401737213
v 0.5232157111167908 0.9399999380111694 -0.4895898401737213
v 0.5085043907165527 0.9399999380111694 -0.5085043907165527
v 0.5205921530723572 0.9553073644638062 -0.48800352215766907
v 0.5085043907165527 0.9399999380111694 -0.5085043907165527
v 0.5063346028327942 0.9553073644638062 -0.5063346028327942
v 0.5205921530723572 0.9553073644638062 -0.48800352215766907
v 0.5205921530723572 0.9553073644638062 -0.48800352215766907
v 0.5063346028327942 0.9553073644638062 -0.5063346028327942
v 0.5131209492683411 0.9682842493057251 -0.48348599672317505
v 0.5063346028327942 0.9553073644638062 -0.5063346028327942
v 0.5001556277275085 0.9682842493057251 -0.5001556277275085
v 0.5131209492683411 0.9682842493057251 -0.48348599672317505
v 0.5131209492683411 0.9682842493057251 -0.48348599672317505
v 0.5001556277275085 0.9682842493057251 -0.5001556277275085
v 0.5019394755363464 0.9769551753997803 -0.4767250716686249
v 0.5001556277275085 0.9682842493057251 -0.5001556277275085
v 0.490908145904541 0.9769551753997803 -0.490908145904541
v 0.5019394755363464 0.9769551753997803 -0.4767250716686249
v 0.5019394755363464 0.9769551753997803 -0.4767250716686249
v 0.490908145904541 0.9769551753997803 -0.490908145904541
v 0.48875001072883606 0.9800000190734863 -0.46875
v 0.490908145904541 0.9769551753997803 -0.490908145904541
v 0.47999998927116394 0.9800000190734863 -0.47999998927116394
v 0.48875001072883606 0.9800000190734863 -0.46875
v 0.47999998927116394 0 -0.47999998927116394
v 0.46875 0 -0.48875001072883606
v 0.490908145904541 0.0030447840690612793 -0.490908145904541
v 0.46875 0 -0.48875001072883606
v 0.4767250716686249 0.0030447840690612793 -0.5019394755363464
v 0.490908145904541 0.0030447840690612793 -0.490908145904541
v 0.490908145904541 0.0030447840690612793 -0.490908145904541
v 0.4767250716686249 0.0030447840690612793 -0.5019394755363464
v 0.5001556277275085 0.011715710163116455 -0.5001556277275085
v 0.4767250716686249 0.0030447840690612793 -0.5019394755363464
v 0.48348599672317505 0.011715710163116455 -0.5131209492683411
v 0.5001556277275085 0.011715710163116455 -0.5001556277275085
v 0.5001556277275085 0.011715710163116455 -0.5001556277275085
v 0.48348599672317505 0.011715710163116455 -0.5131209492683411
v 0.5063346028327942 0.024692654609680176 -0.5063346028327942
v 0.48348599672317505 0.011715710163116455 -0.5131209492683411
v 0.48800352215766907 0.024692654609680176 -0.5205921530723572
v 0.5063346028327942 0.024692654609680176 -0.5063346028327942
v 0.5063346028327942 0.024692654609680176 -0.5063346028327942
v 0.48800352215766907 0.024692654609680176 -0.5205921530723572
v 0.5085043907165527 0.039999961853027344 -0.5085043907165527
v 0.48800352215766907 0.024692654609680176 -0.5205921530723572
v 0.4895898401737213 0.039999961853027344 -0.5232157111167908
v 0.5085043907165527 0.039999961853027344 -0.5085043907165527
v 0.5085043907165527 0.039999961853027344 -0.5085043907165527
v 0.4895898401737213 0.039999961853027344 -0.5232157111167908
v 0.5085043907165527 0.9399999380111694 -0.5085043907165527
v 0.4895898401737213 0.039999961853027344 -0.5232157111167908
v 0.4895898401737213 0.9399999380111694 -0.5232157111167908
v 0.5085043907165527 0.9399999380111694 -0.5085043907165527
v 0.5085043907165527 0.9399999380111694 -0.5085043907165527
v 0.4895898401737213 0.9399999380111694 -0.5232157111167908
v 0.5063346028327942 0.9553073644638062 -0.5063346028327942
v 0.4895898401737213 0.9399999380111694 -0.5232157111167908
v 0.48800352215766907 0.9553073644638062 -0.5205921530723572
v 0.5063346028327942 0.9553073644638062 -0.5063346028327942
v 0.5063346028327942 0.9553073644638062 -0.5063346028327942
v 0.48800352215766907 0.9553073644638062 -0.5205921530723572
v 0.5001556277275085 0.9682842493057251 -0.5001556277275085
v 0.48800352215766907 0.9553073644638062 -0.5205921530723572
v 0.48348599672317505 0.9682842493057251 -0.5131209492683411
v 0.5001556277275085 0.9682842493057251 -0.5001556277275085
v 0.5001556277275085 0.9682842493057251 -0.5001556277275085
v 0.48348599672317505 0.9682842493057251 -0.5131209492683411
v 0.490908145904541 0.9769551753997803 -0.490908145904541
v 0.48348599672317505 0.9682842493057251 -0.5131209492683411
v 0.4767250716686249 0.9769551753997803 -0.5019394755363464
v 0.490908145904541 0.9769551753997803 -0.490908145904541
v 0.490908145904541 0.9769551753997803 -0.490908145904541
v 0.4767250716686249 0.9769551753997803 -0.5019394755363464
v 0.47999998927116394 0.9800000190734863 -0.47999998927116394
v 0.4767250716686249 0.9769551753997803 -0.5019394755363464
v 0.46875 0.9800000190734863 -0.48875001072883606
v 0.47999998927116394 0.9800000190734863 -0.47999998927116394
v 0.46875 0 -0.48875001072883606
v 0.45500001311302185 0 -0.4950000047683716
v 0.4767250716686249 0.0030447840690612793 -0.5019394755363464
v 0.45500001311302185 0 -0.4950000047683716
v 0.4599372446537018 0.0030447840690612793 -0.509570300579071
v 0.4767250716686249 0.0030447840690612793 -0.5019394755363464
v 0.4767250716686249 0.0030447840690612793 -0.5019394755363464
v 0.4599372446537018 0.0030447840690612793 -0.509570300579071
v 0.48348599672317505 0.011715710163116455 -0.5131209492683411
v 0.4599372446537018 0.0030447840690612793 -0.509570300579071
v 0.46412283182144165 0.011715710163116455 -0.5219223499298096
v 0.48348599672317505 0.011715710163116455 -0.5131209492683411
v 0.48348599672317505 0.011715710163116455 -0.5131209492683411
v 0.46412283182144165 0.011715710163116455 -0.5219223499298096
v 0.48800352215766907 0.024692654609680176 -0.5205921530723572
v 0.46412283182144165 0.011715710163116455 -0.5219223499298096
v 0.46691954135894775 0.024692654609680176 -0.5301757454872131
v 0.48800352215766907 0.024692654609680176 -0.5205921530723572
v 0.48800352215766907 0.024692654609680176 -0.5205921530723572
v 0.46691954135894775 0.024692654609680176 -0.5301757454872131
v 0.4895898401737213 0.039999961853027344 -0.5232157111167908
v 0.46691954135894775 0.024692654609680176 -0.5301757454872131
v 0.4679016172885895 0.039999961853027344 -0.5330739617347717
v 0.4895898401737213 0.039999961853027344 -0.5232157111167908
v 0.4895898401737213 0.039999961853027344 -0.5232157111167908
v 0.4679016172885895 0.039999961853027344 -0.5330739617347717
v 0.4895898401737213 0.9399999380111694 -0.5232157111167908
v 0.4679016172885895 0.039999961853027344 -0.5330739617347717
v 0.4679016172885895 0.9399999380111694 -0.5330739617347717
v 0.4895898401737213 0.9399999380111694 -0.5232157111167908
v 0.4895898401737213 0.9399999380111694 -0.5232157111167908
v 0.4679016172885895 0.9399999380111694 -0.5330739617347717
v 0.48800352215766907 0.9553073644638062 -0.5205921530723572
v 0.4679016172885895 0.9399999380111694 -0.5330739617347717
v 0.46691954135894775 0.9553073644638062 -0.5301757454872131
v 0.48800352215766907 0.9553073644638062 -0.5205921530723572
v 0.48800352215766907 0.9553073644638062 -0.5205921530723572
v 0.46691954135894775 0.9553073644638062 -0.5301757454872131
v 0.48348599672317505 0.9682842493057251 -0.5131209492683411
v 0.46691954135894775 0.9553073644638062 -0.5301757454872131
v 0.46412283182144165 0.9682842493057251 -0.5219223499298096
v 0.48348599672317505 0.9682842493057251 -0.5131209492683411
v 0.48348599672317505 0.9682842493057251 -0.5131209492683411
v 0.46412283182144165 0.9682842493057251 -0.5219223499298096
v 0.4767250716686249 0.9769551753997803 -0.5019394755363464
v 0.46412283182144165 0.9682842493057251 -0.5219223499298096
v 0.4599372446537018 0.9769551753997803 -0.509570300579071
v 0.4767250716686249 0.9769551753997803 -0.5019394755363464
v 0.4767250716686249 0.9769551753997803 -0.5019394755363464
v 0.4599372446537018 0.9769551753997803 -0.509570300579071
v 0.46875 0.9800000190734863 -0.48875001072883606
v 0.4599372446537018 0.9769551753997803 -0.509570300579071
v 0.45500001311302185 0.9800000190734863 -0.4950000047683716
v 0.46875 0.9800000190734863 -0.48875001072883606
v 0.45500001311302185 0 -0.4950000047683716
v 0.4387499988079071 0 -0.4987500011920929
v 0.4599372446537018 0.0030447840690612793 -0.509570300579071
v 0.4387499988079071 0 -0.4987500011920929
v 0.4409945011138916 0.0030447840690612793 -0.5139417052268982
v 0.4599372446537018 0.0030447840690612793 -0.509570300579071
v 0.4599372446537018 0.0030447840690612793 -0.509570300579071
v 0.4409945011138916 0.0030447840690612793 -0.5139417052268982
v 0.46412283182144165 0.011715710163116455 -0.5219223499298096
v 0.4409945011138916 0.0030447840690612793 -0.5139417052268982
v 0.4428972899913788 0.011715710163116455 -0.5268206000328064
v 0.46412283182144165 0.011715710163116455 -0.5219223499298096
v 0.46412283182144165 0.011715710163116455 -0.5219223499298096
v 0.4428972899913788 0.011715710163116455 -0.5268206000328064
v 0.46691954135894775 0.024692654609680176 -0.5301757454872131
v 0.4428972899913788 0.011715710163116455 -0.5268206000328064
v 0.44416868686676025 0.024692654609680176 -0.5354259610176086
v 0.46691954135894775 0.024692654609680176 -0.5301757454872131
v 0.46691954135894775 0.024692654609680176 -0.5301757454872131
v 0.44416868686676025 0.024692654609680176 -0.5354259610176086
v 0.4679016172885895 0.039999961853027344 -0.5330739617347717
v 0.44416868686676025 0.024692654609680176 -0.5354259610176086
v 0.44461512565612793 0.039999961853027344 -0.5384477972984314
v 0.4679016172885895 0.039999961853027344 -0.5330739617347717
v 0.4679016172885895 0.039999961853027344 -0.5330739617347717
v 0.44461512565612793 0.039999961853027344 -0.5384477972984314
v 0.4679016172885895 0.9399999380111694 -0.5330739617347717
v 0.44461512565612793 0.039999961853027344 -0.5384477972984314
v 0.44461512565612793 0.9399999380111694 -0.5384477972984314
v 0.4679016172885895 0.9399999380111694 -0.5330739617347717
v 0.4679016172885895 0.9399999380111694 -0.5330739617347717
v 0.44461512565612793 0.9399999380111694 -0.5384477972984314
v 0.46691954135894775 0.9553073644638062 -0.5301757454872131
v 0.44461512565612793 0.9399999380111694 -0.5384477972984314
v 0.44416868686676025 0.9553073644638062 -0.5354259610176086
v 0.46691954135894775 0.9553073644638062 -0.5301757454872131
v 0.46691954135894775 0.9553073644638062 -0.5301757454872131
v 0.44416868686676025 0.9553073644638062 -0.5354259610176086
v 0.46412283182144165 0.9682842493057251 -0.5219223499298096
v 0.44416868686676025 0.9553073644638062 -0.5354259610176086
v 0.4428972899913788 0.9682842493057251 -0.5268206000328064
v 0.46412283182144165 0.9682842493057251 -0.5219223499298096
v 0.46412283182144165 0.9682842493057251 -0.5219223499298096
v 0.4428972899913788 0.9682842493057251 -0.5268206000328064
v 0.4599372446537018 0.9769551753997803 -0.509570300579071
v 0.4428972899913788 0.9682842493057251 -0.5268206000328064
v 0.4409945011138916 0.9769551753997803 -0.5139417052268982
v 0.4599372446537018 0.9769551753997803 -0.509570300579071
v 0.4599372446537018 0.9769551753997803 -0.509570300579071
v 0.4409945011138916 0.9769551753997803 -0.5139417052268982
v 0.45500001311302185 0.9800000190734863 -0.4950000047683716
v 0.4409945011138916 0.9769551753997803 -0.5139417052268982
v 0.4387499988079071 0.9800000190734863 -0.4987500011920929
v 0.45500001311302185 0.9800000190734863 -0.4950000047683716
v 0.4387499988079071 0 -0.4987500011920929
v 0.41999998688697815 0 -0.5
v 0.4409945011138916 0.0030447840690612793 -0.5139417052268982
v 0.41999998688697815 0 -0.5
v 0.4205096662044525 0.0030447840690612793 -0.5153073668479919
v 0.4409945011138916 0.0030447840690612793 -0.5139417052268982
v 0.4409945011138916 0.0030447840690612793 -0.5139417052268982
v 0.4205096662044525 0.0030447840690612793 -0.5153073668479919
v 0.4428972899913788 0.011715710163116455 -0.5268206000328064
v 0.4205096662044525 0.0030447840690612793 -0.5153073668479919
v 0.4209417700767517 0.011715710163116455 -0.5282842516899109
v 0.4428972899913788 0.011715710163116455 -0.5268206000328064
v 0.4428972899913788 0.011715710163116455 -0.5268206000328064
v 0.4209417700767517 0.011715710163116455 -0.5282842516899109
v 0.44416868686676025 0.024692654609680176 -0.5354259610176086
v 0.4209417700767517 0.011715710163116455 -0.5282842516899109
v 0.4212304651737213 0.024692654609680176 -0.5369551777839661
v 0.44416868686676025 0.024692654609680176 -0.5354259610176086
v 0.44416868686676025 0.024692654609680176 -0.5354259610176086
v 0.4212304651737213 0.024692654609680176 -0.5369551777839661
v 0.44461512565612793 0.039999961853027344 -0.5384477972984314
v 0.4212304651737213 0.024692654609680176 -0.5369551777839661
v 0.42133185267448425 0.039999961853027344 -0.5400000214576721
v 0.44461512565612793 0.039999961853027344 -0.5384477972984314
v 0.44461512565612793 0.039999961853027344 -0.5384477972984314
v 0.42133185267448425 0.039999961853027344 -0.5400000214576721
v 0.44461512565612793 0.9399999380111694 -0.5384477972984314
v 0.42133185267448425 0.039999961853027344 -0.5400000214576721
v 0.42133185267448425 0.9399999380111694 -0.5400000214576721
v 0.44461512565612793 0.9399999380111694 -0.5384477972984314
v 0.44461512565612793 0.9399999380111694 -0.5384477972984314
v 0.42133185267448425 0.9399999380111694 -0.5400000214576721
v 0.44416868686676025 0.9553073644638062 -0.5354259610176086
v 0.42133185267448425 0.9399999380111694 -0.5400000214576721
v 0.4212304651737213 0.9553073644638062 -0.5369551777839661
v 0.44416868686676025 0.9553073644638062 -0.5354259610176086
v 0.44416868686676025 0.9553073644638062 -0.5354259610176086
v 0.4212304651737213 0.9553073644638062 -0.5369551777839661
v 0.4428972899913788 0.9682842493057251 -0.5268206000328064
v 0.4212304651737213 0.9553073644638062 -0.5369551777839661
v 0.4209417700767517 0.9682842493057251 -0.5282842516899109
v 0.4428972899913788 0.9682842493057251 -0.5268206000328064
v 0.4428972899913788 0.9682842493057251 -0.5268206000328064
v 0.4209417700767517 0.9682842493057251 -0.5282842516899109
v 0.4409945011138916 0.9769551753997803 -0.5139417052268982
v 0.4209417700767517 0.9682842493057251 -0.5282842516899109
v 0.4205096662044525 0.9769551753997803 -0.5153073668479919
v 0.4409945011138916 0.9769551753997803 -0.5139417052268982
v 0.4409945011138916 0.9769551753997803 -0.5139417052268982
v 0.4205096662044525 0.9769551753997803 -0.5153073668479919
v 0.4387499988079071 0.9800000190734863 -0.4987500011920929
v 0.4205096662044525 0.9769551753997803 -0.5153073668479919
v 0.41999998688697815 0.9800000190734863 -0.5
v 0.4387499988079071 0.9800000190734863 -0.4987500011920929
v 0.41999998688697815 0 -0.5
v -0.41999998688697815 0 -0.5
v 0.4205096662044525 0.0030447840690612793 -0.5153073668479919
v -0.41999998688697815 0 -0.5
v -0.4205096662044525 0.0030447840690612793 -0.5153073668479919
v 0.4205096662044525 0.0030447840690612793 -0.5153073668479919
v 0.4205096662044525 0.0030447840690612793 -0.5153073668479919
v -0.4205096662044525 0.0030447840690612793 -0.5153073668479919
v 0.4209417700767517 0.011715710163116455 -0.5282842516899109
v -0.4205096662044525 0.0030447840690612793 -0.5153073668479919
v -0.4209417700767517 0.011715710163116455 -0.5282842516899109
v 0.4209417700767517 0.011715710163116455 -0.5282842516899109
v 0.4209417700767517 0.011715710163116455 -0.5282842516899109
v -0.4209417700767517 0.011715710163116455 -0.5282842516899109
v 0.4212304651737213 0.024692654609680176 -0.5369551777839661
v -0.4209417700767517 0.011715710163116455 -0.5282842516899109
v -0.4212304651737213 0.024692654609680176 -0.5369551777839661
v 0.4212304651737213 0.024692654609680176 -0.5369551777839661
v 0.4212304651737213 0.024692654609680176 -0.5369551777839661
v -0.4212304651737213 0.024692654609680176 -0.5369551777839661
v 0.42133185267448425 0.039999961853027344 -0.5400000214576721
v -0.4212304651737213 0.024692654609680176 -0.5369551777839661
v -0.42133185267448425 0.039999961853027344 -0.5400000214576721
v 0.42133185267448425 0.039999961853027344 -0.5400000214576721
v 0.42133185267448425 0.039999961853027344 -0.5400000214576721
v -0.42133185267448425 0.039999961853027344 -0.5400000214576721
v 0.42133185267448425 0.9399999380111694 -0.5400000214576721
v -0.42133185267448425 0.039999961853027344 -0.5400000214576721
v -0.42133185267448425 0.9399999380111694 -0.5400000214576721
v 0.42133185267448425 0.9399999380111694 -0.5400000214576721
v 0.42133185267448425 0.9399999380111694 -0.5400000214576721
v -0.42133185267448425 0.9399999380111694 -0.5400000214576721
v 0.4212304651737213 0.9553073644638062 -0.5369551777839661
v -0.42133185267448425 0.9399999380111694 -0.5400000214576721
v -0.4212304651737213 0.9553073644638062 -0.5369551777839661
v 0.4212304651737213 0.9553073644638062 -0.5369551777839661
v 0.4212304651737213 0.9553073644638062 -0.5369551777839661
v -0.4212304651737213 0.9553073644638062 -0.5369551777839661
v 0.4209417700767517 0.9682842493057251 -0.5282842516899109
v -0.4212304651737213 0.9553073644638062 -0.5369551777839661
v -0.4209417700767517 0.9682842493057251 -0.5282842516899109
v 0.4209417700767517 0.9682842493057251 -0.5282842516899109
v 0.4209417700767517 0.9682842493057251 -0.5282842516899109
v -0.4209417700767517 0.9682842493057251 -0.5282842516899109
v 0.4205096662044525 0.9769551753997803 -0.5153073668479919
v -0.4209417700767517 0.9682842493057251 -0.5282842516899109
v -0.4205096662044525 0.9769551753997803 -0.5153073668479919
v 0.4205096662044525 0.9769551753997803 -0.5153073668479919
v 0.4205096662044525 0.9769551753997803 -0.5153073668479919
v -0.4205096662044525 0.9769551753997803 -0.5153073668479919
v 0.41999998688697815 0.9800000190734863 -0.5
v -0.4205096662044525 0.9769551753997803 -0.5153073668479919
v -0.41999998688697815 0.9800000190734863 -0.5
v 0.41999998688697815 0.9800000190734863 -0.5
v -0.41999998688697815 0 -0.5
v -0.4387499988079071 0 -0.4987500011920929
v -0.4205096662044525 0.0030447840690612793 -0.5153073668479919
v -0.4387499988079071 0 -0.4987500011920929
v -0.4409945011138916 0.0030447840690612793 -0.5139417052268982
v -0.4205096662044525 0.0030447840690612793 -0.5153073668479919
v -0.4205096662044525 0.0030447840690612793 -0.5153073668479919
v -0.4409945011138916 0.0030447840690612793 -0.5139417052268982
v -0.4209417700767517 0.011715710163116455 -0.5282842516899109
v -0.4409945011138916 0.0030447840690612793 -0.5139417052268982
v -0.4428972899913788 0.011715710163116455 -0.5268206000328064
v -0.4209417700767517 0.011715710163116455 -0.5282842516899109
v -0.4209417700767517 0.011715710163116455 -0.5282842516899109
v -0.4428972899913788 0.011715710163116455 -0.5268206000328064
v -0.4212304651737213 0.024692654609680176 -0.5369551777839661
v -0.4428972899913788 0.011715710163116455 -0.5268206000328064
v -0.44416868686676025 0.024692654609680176 -0.5354259610176086
v -0.4212304651737213 0.024692654609680176 -0.5369551777839661
v -0.4212304651737213 0.024692654609680176 -0.5369551777839661
v -0.44416868686676025 0.024692654609680176 -0.5354259610176086
v -0.42133185267448425 0.039999961853027344 -0.5400000214576721
v -0.44416868686676025 0.024692654609680176 -0.5354259610176086
v -0.44461512565612793 0.039999961853027344 -0.5384477972984314
v -0.42133185267448425 0.039999961853027344 -0.5400000214576721
v -0.42133185267448425 0.039999961853027344 -0.5400000214576721
v -0.44461512565612793 0.039999961853027344 -0.5384477972984314
v -0.42133185267448425 0.9399999380111694 -0.5400000214576721
v -0.44461512565612793 0.039999961853027344 -0.5384477972984314
v -0.44461512565612793 0.9399999380111694 -0.5384477972984314
v -0.42133185267448425 0.9399999380111694 -0.5400000214576721
v -0.42133185267448425 0.9399999380111694 -0.5400000214576721
v -0.44461512565612793 0.9399999380111694 -0.5384477972984314
v -0.4212304651737213 0.9553073644638062 -0.5369551777839661
v -0.44461512565612793 0.9399999380111694 -0.5384477972984314
v -0.44416868686676025 0.9553073644638062 -0.5354259610176086
v -0.4212304651737213 0.9553073644638062 -0.5369551777839661
v -0.4212304651737213 0.9553073644638062 -0.5369551777839661
v -0.44416868686676025 0.9553073644638062 -0.5354259610176086
v -0.4209417700767517 0.9682842493057251 -0.5282842516899109
v -0.44416868686676025 0.9553073644638062 -0.5354259610176086
v -0.4428972899913788 0.9682842493057251 -0.5268206000328064
v -0.4209417700767517 0.9682842493057251 -0.5282842516899109
v -0.4209417700767517 0.9682842493057251 -0.5282842516899109
v -0.4428972899913788 0.9682842493057251 -0.5268206000328064
v -0.4205096662044525 0.9769551753997803 -0.5153073668479919
v -0.4428972899913788 0.9682842493057251 -0.5268206000328064
v -0.4409945011138916 0.9769551753997803 -0.5139417052268982
v -0.4205096662044525 0.9769551753997803 -0.5153073668479919
v -0.4205096662044525 0.9769551753997803 -0.5153073668479919
v -0.4409945011138916 0.9769551753997803 -0.5139417052268982
v -0.41999998688697815 0.9800000190734863 -0.5
v -0.4409945011138916 0.9769551753997803 -0.5139417052268982
v -0.4387499988079071 0.9800000190734863 -0.4987500011920929
v -0.41999998688697815 0.9800000190734863 -0.5
v -0.4387499988079071 0 -0.4987500011920929
v -0.45500001311302185 0 -0.4950000047683716
v -0.4409945011138916 0.0030447840690612793 -0.5139417052268982
v -0.45500001311302185 0 -0.4950000047683716
v -0.4599372446537018 0.0030447840690612793 -0.509570300579071
v -0.4409945011138916 0.0030447840690612793 -0.5139417052268982
v -0.4409945011138916 0.0030447840690612793 -0.5139417052268982
v -0.4599372446537018 0.0030447840690612793 -0.509570300579071
v -0.4428972899913788 0.011715710163116455 -0.5268206000328064
v -0.4599372446537018 0.0030447840690612793 -0.509570300579071
v -0.46412283182144165 0.011715710163116455 -0.5219223499298096
v -0.4428972899913788 0.011715710163116455 -0.5268206000328064
v -0.4428972899913788 0.011715710163116455 -0.5268206000328064
v -0.46412283182144165 0.011715710163116455 -0.5219223499298096
v -0.44416868686676025 0.024692654609680176 -0.5354259610176086
v -0.46412283182144165 0.011715710163116455 -0.5219223499298096
v -0.46691954135894775 0.024692654609680176 -0.5301757454872131
v -0.44416868686676025 0.024692654609680176 -0.5354259610176086
v -0.44416868686676025 0.024692654609680176 -0.5354259610176086
v -0.46691954135894775 0.024692654609680176 -0.5301757454872131
v -0.44461512565612793 0.039999961853027344 -0.5384477972984314
v -0.46691954135894775 0.024692654609680176 -0.5301757454872131
v -0.4679016172885895 0.039999961853027344 -0.5330739617347717
v -0.44461512565612793 0.039999961853027344 -0.5384477972984314
v -0.44461512565612793 0.039999961853027344 -0.5384477972984314
v -0.4679016172885895 0.039999961853027344 -0.5330739617347717
v -0.44461512565612793 0.9399999380111694 -0.5384477972984314
v -0.4679016172885895 0.039999961853027344 -0.5330739617347717
v -0.4679016172885895 0.9399999380111694 -0.5330739617347717
v -0.44461512565612793 0.9399999380111694 -0.5384477972984314
v -0.44461512565612793 0.9399999380111694 -0.5384477972984314
v -0.4679016172885895 0.9399999380111694 -0.5330739617347717
v -0.44416868686676025 0.9553073644638062 -0.5354259610176086
v -0.4679016172885895 0.9399999380111694 -0.5330739617347717
v -0.46691954135894775 0.9553073644638062 -0.5301757454872131
v -0.44416868686676025 0.9553073644638062 -0.5354259610176086
v -0.44416868686676025 0.9553073644638062 -0.5354259610176086
v -0.46691954135894775 0.9553073644638062 -0.5301757454872131
v -0.4428972899913788 0.9682842493057251 -0.5268206000328064
v -0.46691954135894775 0.9553073644638062 -0.5301757454872131
v -0.46412283182144165 0.9682842493057251 -0.5219223499298096
v -0.4428972899913788 0.9682842493057251 -0.5268206000328064
v -0.4428972899913788 0.9682842493057251 -0.5268206000328064
v -0.46412283182144165 0.9682842493057251 -0.5219223499298096
v -0.4409945011138916 0.9769551753997803 -0.5139417052268982
v -0.46412283182144165 0.9682842493057251 -0.5219223499298096
v -0.4599372446537018 0.9769551753997803 -0.509570300579071
v -0.4409945011138916 0.9769551753997803 -0.5139417052268982
v -0.4409945011138916 0.9769551753997803 -0.5139417052268982
v -0.4599372446537018 0.9769551753997803 -0.509570300579071
v -0.4387499988079071 0.9800000190734863 -0.4987500011920929
v -0.4599372446537018 0.9769551753997803 -0.509570300579071
v -0.45500001311302185 0.9800000190734863 -0.4950000047683716
v -0.4387499988079071 0.9800000190734863 -0.4987500011920929
v -0.45500001311302185 0 -0.4950000047683716
v -0.46875 0 -0.48875001072883606
v -0.4599372446537018 0.0030447840690612793 -0.509570300579071
v -0.46875 0 -0.48875001072883606
v -0.4767250716686249 0.0030447840690612793 -0.5019394755363464
v -0.4599372446537018 0.0030447840690612793 -0.509570300579071
v -0.4599372446537018 0.0030447840690612793 -0.509570300579071
v -0.4767250716686249 0.0030447840690612793 -0.5019394755363464
v -0.46412283182144165 0.011715710163116455 -0.5219223499298096
v -0.4767250716686249 0.0030447840690612793 -0.5019394755363464
v -0.48348599672317505 0.011715710163116455 -0.5131209492683411
v -0.46412283182144165 0.011715710163116455 -0.5219223499298096
v -0.46412283182144165 0.011715710163116455 -0.5219223499298096
v -0.48348599672317505 0.011715710163116455 -0.5131209492683411
v -0.46691954135894775 0.024692654609680176 -0.5301757454872131
v -0.48348599672317505 0.011715710163116455 -0.5131209492683411
v -0.48800352215766907 0.024692654609680176 -0.5205921530723572
v -0.46691954135894775 0.024692654609680176 -0.5301757454872131
v -0.46691954135894775 0.024692654609680176 -0.5301757454872131
v -0.48800352215766907 0.024692654609680176 -0.5205921530723572
v -0.4679016172885895 0.039999961853027344 -0.5330739617347717
v -0.48800352215766907 0.024692654609680176 -0.5205921530723572
v -0.4895898401737213 0.039999961853027344 -0.5232157111167908
v -0.4679016172885895 0.039999961853027344 -0.5330739617347717
v -0.4679016172885895 0.039999961853027344 -0.5330739617347717
v -0.4895898401737213 0.039999961853027344 -0.5232157111167908
v -0.4679016172885895 0.9399999380111694 -0.5330739617347717
v -0.4895898401737213 0.039999961853027344 -0.5232157111167908
v -0.4895898401737213 0.9399999380111694 -0.5232157111167908
v -0.4679016172885895 0.9399999380111694 -0.5330739617347717
v -0.4679016172885895 0.9399999380111694 -0.5330739617347717
v -0.4895898401737213 0.9399999380111694 -0.5232157111167908
v -0.46691954135894775 0.9553073644638062 -0.5301757454872131
v -0.4895898401737213 0.9399999380111694 -0.5232157111167908
v -0.48800352215766907 0.9553073644638062 -0.5205921530723572
v -0.46691954135894775 0.9553073644638062 -0.5301757454872131
v -0.46691954135894775 0.9553073644638062 -0.5301757454872131
v -0.48800352215766907 0.9553073644638062 -0.5205921530723572
v -0.46412283182144165 0.9682842493057251 -0.5219223499298096
v -0.48800352215766907 0.9553073644638062 -0.5205921530723572
v -0.48348599672317505 0.9682842493057251 -0.5131209492683411
v -0.46412283182144165 0.9682842493057251 -0.5219223499298096
v -0.46412283182144165 0.9682842493057251 -0.5219223499298096
v -0.48348599672317505 0.9682842493057251 -0.5131209492683411
v -0.4599372446537018 0.9769551753997803 -0.509570300579071
v -0.48348599672317505 0.9682842493057251 -0.5131209492683411
v -0.4767250716686249 0.9769551753997803 -0.5019394755363464
v -0.4599372446537018 0.9769551753997803 -0.509570300579071
v -0.4599372446537018 0.9769551753997803 -0.509570300579071
v -0.4767250716686249 0.9769551753997803 -0.5019394755363464
v -0.45500001311302185 0.9800000190734863 -0.4950000047683716
v -0.4767250716686249 0.9769551753997803 -0.5019394755363464
v -0.46875 0.9800000190734863 -0.48875001072883606
v -0.45500001311302185 0.9800000190734863 -0.4950000047683716
v -0.46875 0 -0.48875001072883606
v -0.47999998927116394 0 -0.47999998927116394
v -0.4767250716686249 0.0030447840690612793 -0.5019394755363464
v -0.47999998927116394 0 -0.47999998927116394
v -0.490908145904541 0.0030447840690612793 -0.490908145904541
v -0.4767250716686249 0.0030447840690612793 -0.5019394755363464
v -0.4767250716686249 0.0030447840690612793 -0.5019394755363464
v -0.490908145904541 0.0030447840690612793 -0.490908145904541
v -0.48348599672317505 0.011715710163116455 -0.5131209492683411
v -0.490908145904541 0.0030447840690612793 -0.490908145904541
v -0.5001556277275085 0.011715710163116455 -0.5001556277275085
v -0.48348599672317505 0.011715710163116455 -0.5131209492683411
v -0.48348599672317505 0.011715710163116455 -0.5131209492683411
v -0.5001556277275085 0.011715710163116455 -0.5001556277275085
v -0.48800352215766907 0.024692654609680176 -0.5205921530723572
v -0.5001556277275085 0.011715710163116455 -0.5001556277275085
v -0.5063346028327942 0.024692654609680176 -0.5063346028327942
v -0.48800352215766907 0.024692654609680176 -0.5205921530723572
v -0.48800352215766907 0.024692654609680176 -0.5205921530723572
v -0.5063346028327942 0.024692654609680176 -0.5063346028327942
v -0.4895898401737213 0.039999961853027344 -0.5232157111167908
v -0.5063346028327942 0.024692654609680176 -0.5063346028327942
v -0.5085043907165527 0.039999961853027344 -0.5085043907165527
v -0.4895898401737213 0.039999961853027344 -0.5232157111167908
v -0.4895898401737213 0.039999961853027344 -0.5232157111167908
v -0.5085043907165527 0.039999961853027344 -0.5085043907165527
v -0.4895898401737213 0.9399999380111694 -0.5232157111167908
v -0.5085043907165527 0.039999961853027344 -0.5085043907165527
v -0.5085043907165527 0.9399999380111694 -0.5085043907165527
v -0.4895898401737213 0.9399999380111694 -0.5232157111167908
v -0.4895898401737213 0.9399999380111694 -0.5232157111167908
v -0.5085043907165527 0.9399999380111694 -0.5085043907165527
v -0.48800352215766907 0.9553073644638062 -0.5205921530723572
v -0.5085043907165527 0.9399999380111694 -0.5085043907165527
v -0.5063346028327942 0.9553073644638062 -0.5063346028327942
v -0.48800352215766907 0.9553073644638062 -0.5205921530723572
v -0.48800352215766907 0.9553073644638062 -0.5205921530723572
v -0.5063346028327942 0.9553073644638062 -0.5063346028327942
v -0.48348599672317505 0.9682842493057251 -0.5131209492683411
v -0.5063346028327942 0.9553073644638062 -0.5063346028327942
v -0.5001556277275085 0.9682842493057251 -0.5001556277275085
v -0.48348599672317505 0.9682842493057251 -0.5131209492683411
v -0.48348599672317505 0.9682842493057251 -0.5131209492683411
v -0.5001556277275085 0.9682842493057251 -0.5001556277275085
v -0.4767250716686249 0.9769551753997803 -0.5019394755363464
v -0.5001556277275085 0.9682842493057251 -0.5001556277275085
v -0.490908145904541 0.9769551753997803 -0.490908145904541
v -0.4767250716686249 0.9769551753997803 -0.5019394755363464
v -0.4767250716686249 0.9769551753997803 -0.5019394755363464
v -0.490908145904541 0.9769551753997803 -0.490908145904541
v -0.46875 0.9800000190734863 -0.48875001072883606
v -0.490908145904541 0.9769551753997803 -0.490908145904541
v -0.47999998927116394 0.9800000190734863 -0.47999998927116394
v -0.46875 0.9800000190734863 -0.48875001072883606
v -0.47999998927116394 0 -0.47999998927116394
v -0.48875001072883606 0 -0.46875
v -0.490908145904541 0.0030447840690612793 -0.490908145904541
v -0.48875001072883606 0 -0.46875
v -0.5019394755363464 0.0030447840690612793 -0.4767250716686249
v -0.490908145904541 0.0030447840690612793 -0.490908145904541
v -0.490908145904541 0.0030447840690612793 -0.490908145904541
v -0.5019394755363464 0.0030447840690612793 -0.4767250716686249
v -0.5001556277275085 0.011715710163116455 -0.5001556277275085
v -0.5019394755363464 0.0030447840690612793 -0.4767250716686249
v -0.5131209492683411 0.011715710163116455 -0.48348599672317505
v -0.5001556277275085 0.011715710163116455 -0.5001556277275085
v -0.5001556277275085 0.011715710163116455 -0.5001556277275085
v -0.5131209492683411 0.011715710163116455 -0.48348599672317505
v -0.5063346028327942 0.024692654609680176 -0.5063346028327942
v -0.5131209492683411 0.011715710163116455 -0.48348599672317505
v -0.5205921530723572 0.024692654609680176 -0.48800352215766907
v -0.5063346028327942 0.024692654609680176 -0.5063346028327942
v -0.5063346028327942 0.024692654609680176 -0.5063346028327942
v -0.5205921530723572 0.024692654609680176 -0.48800352215766907
v -0.5085043907165527 0.039999961853027344 -0.5085043907165527
v -0.5205921530723572 0.024692654609680176 -0.48800352215766907
v -0.5232157111167908 0.039999961853027344 -0.4895898401737213
v -0.5085043907165527 0.039999961853027344 -0.5085043907165527
v -0.5085043907165527 0.039999961853027344 -0.5085043907165527
v -0.5232157111167908 0.039999961853027344 -0.4895898401737213
v -0.5085043907165527 0.9399999380111694 -0.5085043907165527
v -0.5232157111167908 0.039999961853027344 -0.4895898401737213
v -0.5232157111167908 0.9399999380111694 -0.4895898401737213
v -0.5085043907165527 0.9399999380111694 -0.5085043907165527
v -0.5085043907165527 0.9399999380111694 -0.5085043907165527
v -0.5232157111167908 0.9399999380111694 -0.4895898401737213
v -0.5063346028327942 0.9553073644638062 -0.5063346028327942
v -0.5232157111167908 0.9399999380111694 -0.4895898401737213
v -0.5205921530723572 0.9553073644638062 -0.48800352215766907
v -0.5063346028327942 0.9553073644638062 -0.5063346028327942
v -0.5063346028327942 0.9553073644638062 -0.5063346028327942
v -0.5205921530723572 0.9553073644638062 -0.48800352215766907
v -0.5001556277275085 0.9682842493057251 -0.5001556277275085
v -0.5205921530723572 0.9553073644638062 -0.48800352215766907
v -0.5131209492683411 0.9682842493057251 -0.48348599672317505
v -0.5001556277275085 0.9682842493057251 -0.5001556277275085
v -0.5001556277275085 0.9682842493057251 -0.5001556277275085
v -0.5131209492683411 0.9682842493057251 -0.48348599672317505
v -0.490908145904541 0.9769551753997803 -0.490908145904541
v -0.5131209492683411 0.9682842493057251 -0.48348599672317505
v -0.5019394755363464 0.9769551753997803 -0.4767250716686249
v -0.490908145904541 0.9769551753997803 -0.490908145904541
v -0.490908145904541 0.9769551753997803 -0.490908145904541
v -0.5019394755363464 0.9769551753997803 -0.4767250716686249
v -0.47999998927116394 0.9800000190734863 -0.47999998927116394
v -0.5019394755363464 0.9769551753997803 -0.4767250716686249
v -0.48875001072883606 0.9800000190734863 -0.46875
v -0.47999998927116394 0.9800000190734863 -0.47999998927116394
v -0.48875001072883606 0 -0.46875
v -0.4950000047683716 0 -0.45500001311302185
v -0.5019394755363464 0.0030447840690612793 -0.4767250716686249
v -0.4950000047683716 0 -0.45500001311302185
v -0.509570300579071 0.0030447840690612793 -0.4599372446537018
v -0.5019394755363464 0.0030447840690612793 -0.4767250716686249
v -0.5019394755363464 0.0030447840690612793 -0.4767250716686249
v -0.509570300579071 0.0030447840690612793 -0.4599372446537018
v -0.5131209492683411 0.011715710163116455 -0.48348599672317505
v -0.509570300579071 0.0030447840690612793 -0.4599372446537018
v -0.5219223499298096 0.011715710163116455 -0.46412283182144165
v -0.5131209492683411 0.011715710163116455 -0.48348599672317505
v -0.5131209492683411 0.011715710163116455 -0.48348599672317505
v -0.5219223499298096 0.011715710163116455 -0.46412283182144165
v -0.5205921530723572 0.024692654609680176 -0.48800352215766907
v -0.5219223499298096 0.011715710163116455 -0.46412283182144165
v -0.5301757454872131 0.024692654609680176 -0.46691954135894775
v -0.5205921530723572 0.024692654609680176 -0.48800352215766907
v -0.5205921530723572 0.024692654609680176 -0.48800352215766907
v -0.5301757454872131 0.024692654609680176 -0.46691954135894775
v -0.5232157111167908 0.039999961853027344 -0.4895898401737213
v -0.5301757454872131 0.024692654609680176 -0.46691954135894775
v -0.5330739617347717 0.039999961853027344 -0.4679016172885895
v -0.5232157111167908 0.039999961853027344 -0.4895898401737213
v -0.5232157111167908 0.039999961853027344 -0.4895898401737213
v -0.5330739617347717 0.039999961853027344 -0.4679016172885895
v -0.5232157111167908 0.9399999380111694 -0.4895898401737213
v -0.5330739617347717 0.039999961853027344 -0.4679016172885895
v -0.5330739617347717 0.9399999380111694 -0.4679016172885895
v -0.5232157111167908 0.9399999380111694 -0.4895898401737213
v -0.5232157111167908 0.9399999380111694 -0.4895898401737213
v -0.5330739617347717 0.9399999380111694 -0.4679016172885895
v -0.5205921530723572 0.9553073644638062 -0.48800352215766907
v -0.5330739617347717 0.9399999380111694 -0.4679016172885895
v -0.5301757454872131 0.9553073644638062 -0.46691954135894775
v -0.5205921530723572 0.9553073644638062 -0.48800352215766907
v -0.5205921530723572 0.9553073644638062 -0.48800352215766907
v -0.5301757454872131 0.9553073644638062 -0.46691954135894775
v -0.5131209492683411 0.9682842493057251 -0.48348599672317505
v -0.5301757454872131 0.9553073644638062 -0.46691954135894775
v -0.5219223499298096 0.9682842493057251 -0.46412283182144165
v -0.5131209492683411 0.9682842493057251 -0.48348599672317505
v -0.5131209492683411 0.9682842493057251 -0.48348599672317505
v -0.5219223499298096 0.9682842493057251 -0.46412283182144165
v -0.5019394755363464 0.9769551753997803 -0.4767250716686249
v -0.5219223499298096 0.9682842493057251 -0.46412283182144165
v -0.509570300579071 0.9769551753997803 -0.4599372446537018
v -0.5019394755363464 0.9769551753997803 -0.4767250716686249
v -0.5019394755363464 0.9769551753997803 -0.4767250716686249
v -0.509570300579071 0.9769551753997803 -0.4599372446537018
v -0.48875001072883606 0.9800000190734863 -0.46875
v -0.509570300579071 0.9769551753997803 -0.4599372446537018
v -0.4950000047683716 0.9800000190734863 -0.45500001311302185
v -0.48875001072883606 0.9800000190734863 -0.46875
v -0.4950000047683716 0 -0.45500001311302185
v -0.4987500011920929 0 -0.4387499988079071
v -0.509570300579071 0.0030447840690612793 -0.4599372446537018
v -0.4987500011920929 0 -0.4387499988079071
v -0.5139417052268982 0.0030447840690612793 -0.4409945011138916
v -0.509570300579071 0.0030447840690612793 -0.4599372446537018
v -0.509570300579071 0.0030447840690612793 -0.4599372446537018
v -0.5139417052268982 0.0030447840690612793 -0.4409945011138916
v -0.5219223499298096 0.011715710163116455 -0.46412283182144165
v -0.5139417052268982 0.0030447840690612793 -0.4409945011138916
v -0.5268206000328064 0.011715710163116455 -0.4428972899913788
v -0.5219223499298096 0.011715710163116455 -0.46412283182144165
v -0.5219223499298096 0.011715710163116455 -0.46412283182144165
v -0.5268206000328064 0.011715710163116455 -0.4428972899913788
v -0.5301757454872131 0.024692654609680176 -0.46691954135894775
v -0.5268206000328064 0.011715710163116455 -0.4428972899913788
v -0.5354259610176086 0.024692654609680176 -0.44416868686676025
v -0.5301757454872131 0.024692654609680176 -0.46691954135894775
v -0.5301757454872131 0.024692654609680176 -0.46691954135894775
v -0.5354259610176086 0.024692654609680176 -0.44416868686676025
v -0.5330739617347717 0.039999961853027344 -0.4679016172885895
v -0.5354259610176086 0.024692654609680176 -0.44416868686676025
v -0.5384477972984314 0.039999961853027344 -0.44461512565612793
v -0.5330739617347717 0.039999961853027344 -0.4679016172885895
v -0.5330739617347717 0.039999961853027344 -0.4679016172885895
v -0.5384477972984314 0.039999961853027344 -0.44461512565612793
v -0.5330739617347717 0.9399999380111694 -0.4679016172885895
v -0.5384477972984314 0.039999961853027344 -0.44461512565612793
v -0.5384477972984314 0.9399999380111694 -0.44461512565612793
v -0.5330739617347717 0.9399999380111694 -0.4679016172885895
v -0.5330739617347717 0.9399999380111694 -0.4679016172885895
v -0.5384477972984314 0.9399999380111694 -0.44461512565612793
v -0.5301757454872131 0.9553073644638062 -0.46691954135894775
v -0.5384477972984314 0.9399999380111694 -0.44461512565612793
v -0.5354259610176086 0.9553073644638062 -0.44416868686676025
v -0.5301757454872131 0.9553073644638062 -0.46691954135894775
v -0.5301757454872131 0.9553073644638062 -0.46691954135894775
v -0.5354259610176086 0.9553073644638062 -0.44416868686676025
v -0.5219223499298096 0.9682842493057251 -0.46412283182144165
v -0.5354259610176086 0.9553073644638062 -0.44416868686676025
v -0.5268206000328064 0.9682842493057251 -0.4428972899913788
v -0.5219223499298096 0.9682842493057251 -0.46412283182144165
v -0.5219223499298096 0.9682842493057251 -0.46412283182144165
v -0.5268206000328064 0.9682842493057251 -0.4428972899913788
v -0.509570300579071 0.9769551753997803 -0.4599372446537018
v -0.5268206000328064 0.9682842493057251 -0.4428972899913788
v -0.5139417052268982 0.9769551753997803 -0.4409945011138916
v -0.509570300579071 0.9769551753997803 -0.4599372446537018
v -0.509570300579071 0.9769551753997803 -0.4599372446537018
v -0.5139417052268982 0.9769551753997803 -0.4409945011138916
v -0.4950000047683716 0.9800000190734863 -0.45500001311302185
v -0.5139417052268982 0.9769551753997803 -0.4409945011138916
v -0.4987500011920929 0.9800000190734863 -0.4387499988079071
v -0.4950000047683716 0.9800000190734863 -0.45500001311302185
v -0.4987500011920929 0 -0.4387499988079071
v -0.5 0 -0.41999998688697815
v -0.5139417052268982 0.0030447840690612793 -0.4409945011138916
v -0.5 0 -0.41999998688697815
v -0.5153073668479919 0.0030447840690612793 -0.4205096662044525
v -0.5139417052268982 0.0030447840690612793 -0.4409945011138916
v -0.5139417052268982 0.0030447840690612793 -0.4409945011138916
v -0.5153073668479919 0.0030447840690612793 -0.4205096662044525
v -0.5268206000328064 0.011715710163116455 -0.4428972899913788
v -0.5153073668479919 0.0030447840690612793 -0.4205096662044525
v -0.5282842516899109 0.011715710163116455 -0.4209417700767517
v -0.5268206000328064 0.011715710163116455 -0.4428972899913788
v -0.5268206000328064 0.011715710163116455 -0.4428972899913788
v -0.5282842516899109 0.011715710163116455 -0.4209417700767517
v -0.5354259610176086 0.024692654609680176 -0.44416868686676025
v -0.5282842516899109 0.011715710163116455 -0.4209417700767517
v -0.5369551777839661 0.024692654609680176 -0.4212304651737213
v -0.5354259610176086 0.024692654609680176 -0.44416868686676025
v -0.5354259610176086 0.024692654609680176 -0.44416868686676025
v -0.5369551777839661 0.024692654609680176 -0.4212304651737213
v -0.5384477972984314 0.039999961853027344 -0.44461512565612793
v -0.5369551777839661 0.024692654609680176 -0.4212304651737213
v -0.5400000214576721 0.039999961853027344 -0.42133185267448425
v -0.5384477972984314 0.039999961853027344 -0.44461512565612793
v -0.5384477972984314 0.039999961853027344 -0.44461512565612793
v -0.5400000214576721 0.039999961853027344 -0.42133185267448425
v -0.5384477972984314 0.9399999380111694 -0.44461512565612793
v -0.5400000214576721 0.039999961853027344 -0.42133185267448425
v -0.5400000214576721 0.9399999380111694 -0.42133185267448425
v -0.5384477972984314 0.9399999380111694 -0.44461512565612793
v -0.5384477972984314 0.9399999380111694 -0.44461512565612793
v -0.5400000214576721 0.9399999380111694 -0.42133185267448425
v -0.5354259610176086 0.9553073644638062 -0.44416868686676025
v -0.5400000214576721 0.9399999380111694 -0.42133185267448425
v -0.5369551777839661 0.9553073644638062 -0.4212304651737213
v -0.5354259610176086 0.9553073644638062 -0.44416868686676025
v -0.5354259610176086 0.9553073644638062 -0.44416868686676025
v -0.5369551777839661 0.9553073644638062 -0.4212304651737213
v -0.5268206000328064 0.9682842493057251 -0.4428972899913788
v -0.5369551777839661 0.9553073644638062 -0.4212304651737213
v -0.5282842516899109 0.9682842493057251 -0.4209417700767517
v -0.5268206000328064 0.9682842493057251 -0.4428972899913788
v -0.5268206000328064 0.9682842493057251 -0.4428972899913788
v -0.5282842516899109 0.9682842493057251 -0.4209417700767517
v -0.5139417052268982 0.9769551753997803 -0.4409945011138916
v -0.5282842516899109 0.9682842493057251 -0.4209417700767517
v -0.5153073668479919 0.9769551753997803 -0.4205096662044525
v -0.5139417052268982 0.9769551753997803 -0.4409945011138916
v -0.5139417052268982 0.9769551753997803 -0.4409945011138916
v -0.5153073668479919 0.9769551753997803 -0.4205096662044525
v -0.4987500011920929 0.9800000190734863 -0.4387499988079071
v -0.5153073668479919 0.9769551753997803 -0.4205096662044525
v -0.5 0.9800000190734863 -0.41999998688697815
v -0.4987500011920929 0.9800000190734863 -0.4387499988079071
v -0.5 0 -0.41999998688697815
v -0.5 0 0.41999998688697815
v -0.5153073668479919 0.0030447840690612793 -0.4205096662044525
v -0.5 0 0.41999998688697815
v -0.5153073668479919 0.0030447840690612793 0.4205096662044525
v -0.5153073668479919 0.0030447840690612793 -0.4205096662044525
v -0.5153073668479919 0.0030447840690612793 -0.4205096662044525
v -0.5153073668479919 0.0030447840690612793 0.4205096662044525
v -0.5282842516899109 0.011715710163116455 -0.4209417700767517
v -0.5153073668479919 0.0030447840690612793 0.4205096662044525
v -0.5282842516899109 0.011715710163116455 0.4209417700767517
v -0.5282842516899109 0.011715710163116455 -0.4209417700767517
v -0.5282842516899109 0.011715710163116455 -0.4209417700767517
v -0.5282842516899109 0.011715710163116455 0.4209417700767517
v -0.5369551777839661 0.024692654609680176 -0.4212304651737213
v -0.5282842516899109 0.011715710163116455 0.4209417700767517
v -0.5369551777839661 0.024692654609680176 0.4212304651737213
v -0.5369551777839661 0.024692654609680176 -0.4212304651737213
v -0.5369551777839661 0.024692654609680176 -0.4212304651737213
v -0.5369551777839661 0.024692654609680176 0.4212304651737213
v -0.5400000214576721 0.039999961853027344 -0.42133185267448425
v -0.5369551777839661 0.024692654609680176 0.4212304651737213
v -0.5400000214576721 0.039999961853027344 0.42133185267448425
v -0.5400000214576721 0.039999961853027344 -0.42133185267448425
v -0.5400000214576721 0.039999961853027344 -0.42133185267448425
v -0.5400000214576721 0.039999961853027344 0.42133185267448425
v -0.5400000214576721 0.9399999380111694 -0.42133185267448425
v -0.5400000214576721 0.039999961853027344 0.42133185267448425
v -0.5400000214576721 0.9399999380111694 0.42133185267448425
v -0.5400000214576721 0.9399999380111694 -0.42133185267448425
v -0.5400000214576721 0.9399999380111694 -0.42133185267448425
v -0.5400000214576721 0.9399999380111694 0.42133185267448425
v -0.5369551777839661 0.9553073644638062 -0.4212304651737213
v -0.5400000214576721 0.9399999380111694 0.42133185267448425
v -0.5369551777839661 0.9553073644638062 0.4212304651737213
v -0.5369551777839661 0.9553073644638062 -0.4212304651737213
v -0.5369551777839661 0.9553073644638062 -0.4212304651737213
v -0.5369551777839661 0.9553073644638062 0.4212304651737213
v -0.5282842516899109 0.9682842493057251 -0.4209417700767517
v -0.5369551777839661 0.9553073644638062 0.4212304651737213
v -0.5282842516899109 0.9682842493057251 0.4209417700767517
v -0.5282842516899109 0.9682842493057251 -0.4209417700767517
v -0.5282842516899109 0.9682842493057251 -0.4209417700767517
v -0.5282842516899109 0.9682842493057251 0.4209417700767517
v -0.5153073668479919 0.9769551753997803 -0.4205096662044525
v -0.5282842516899109 0.9682842493057251 0.4209417700767517
v -0.5153073668479919 0.9769551753997803 0.4205096662044525
v -0.5153073668479919 0.9769551753997803 -0.4205096662044525
v -0.5153073668479919 0.9769551753997803 -0.4205096662044525
v -0.5153073668479919 0.9769551753997803 0.4205096662044525
v -0.5 0.9800000190734863 -0.41999998688697815
v -0.5153073668479919 0.9769551753997803 0.4205096662044525
v -0.5 0.9800000190734863 0.41999998688697815
v -0.5 0.9800000190734863 -0.41999998688697815
v -0.5 0 0.41999998688697815
v -0.4987500011920929 0 0.4387499988079071
v -0.5153073668479919 0.0030447840690612793 0.4205096662044525
v -0.4987500011920929 0 0.4387499988079071
v -0.5139417052268982 0.0030447840690612793 0.4409945011138916
v -0.5153073668479919 0.0030447840690612793 0.4205096662044525
v -0.5153073668479919 0.0030447840690612793 0.4205096662044525
v -0.5139417052268982 0.0030447840690612793 0.4409945011138916
v -0.5282842516899109 0.011715710163116455 0.4209417700767517
v -0.5139417052268982 0.0030447840690612793 0.4409945011138916
v -0.5268206000328064 0.011715710163116455 0.4428972899913788
v -0.5282842516899109 0.011715710163116455 0.4209417700767517
v -0.5282842516899109 0.011715710163116455 0.4209417700767517
v -0.5268206000328064 0.011715710163116455 0.4428972899913788
v -0.5369551777839661 0.024692654609680176 0.4212304651737213
v -0.5268206000328064 0.011715710163116455 0.4428972899913788
v -0.5354259610176086 0.024692654609680176 0.44416868686676025
v -0.5369551777839661 0.024692654609680176 0.4212304651737213
v -0.5369551777839661 0.024692654609680176 0.4212304651737213
v -0.5354259610176086 0.024692654609680176 0.44416868686676025
v -0.5400000214576721 0.039999961853027344 0.42133185267448425
v -0.5354259610176086 0.024692654609680176 0.44416868686676025
v -0.5384477972984314 0.039999961853027344 0.44461512565612793
v -0.5400000214576721 0.039999961853027344 0.42133185267448425
v -0.5400000214576721 0.039999961853027344 0.42133185267448425
v -0.5384477972984314 0.039999961853027344 0.44461512565612793
v -0.5400000214576721 0.9399999380111694 0.42133185267448425
v -0.5384477972984314 0.039999961853027344 0.44461512565612793
v -0.5384477972984314 0.9399999380111694 0.44461512565612793
v -0.5400000214576721 0.9399999380111694 0.42133185267448425
v -0.5400000214576721 0.9399999380111694 0.42133185267448425
v -0.5384477972984314 0.9399999380111694 0.44461512565612793
v -0.5369551777839661 0.9553073644638062 0.4212304651737213
v -0.5384477972984314 0.9399999380111694 0.44461512565612793
v -0.5354259610176086 0.9553073644638062 0.44416868686676025
v -0.5369551777839661 0.9553073644638062 0.4212304651737213
v -0.5369551777839661 0.9553073644638062 0.4212304651737213
v -0.5354259610176086 0.9553073644638062 0.44416868686676025
v -0.5282842516899109 0.9682842493057251 0.4209417700767517
v -0.5354259610176086 0.9553073644638062 0.44416868686676025
v -0.5268206000328064 0.9682842493057251 0.4428972899913788
v -0.5282842516899109 0.9682842493057251 0.4209417700767517
v -0.5282842516899109 0.9682842493057251 0.4209417700767517
v -0.5268206000328064 0.9682842493057251 0.4428972899913788
v -0.5153073668479919 0.9769551753997803 0.4205096662044525
v -0.5268206000328064 0.9682842493057251 0.4428972899913788
v -0.5139417052268982 0.9769551753997803 0.4409945011138916
v -0.5153073668479919 0.9769551753997803 0.4205096662044525
v -0.5153073668479919 0.9769551753997803 0.4205096662044525
v -0.5139417052268982 0.9769551753997803 0.4409945011138916
v -0.5 0.9800000190734863 0.41999998688697815
v -0.5139417052268982 0.9769551753997803 0.4409945011138916
v -0.4987500011920929 0.9800000190734863 0.4387499988079071
v -0.5 0.9800000190734863 0.41999998688697815
v -0.4987500011920929 0 0.4387499988079071
v -0.4950000047683716 0 0.45500001311302185
v -0.5139417052268982 0.0030447840690612793 0.4409945011138916
v -0.4950000047683716 0 0.45500001311302185
v -0.509570300579071 0.0030447840690612793 0.4599372446537018
v -0.5139417052268982 0.0030447840690612793 0.4409945011138916
v -0.5139417052268982 0.0030447840690612793 0.4409945011138916
v -0.509570300579071 0.0030447840690612793 0.4599372446537018
v -0.5268206000328064 0.011715710163116455 0.4428972899913788
v -0.509570300579071 0.0030447840690612793 0.4599372446537018
v -0.5219223499298096 0.011715710163116455 0.46412283182144165
v -0.5268206000328064 0.011715710163116455 0.4428972899913788
v -0.5268206000328064 0.011715710163116455 0.4428972899913788
v -0.5219223499298096 0.011715710163116455 0.46412283182144165
v -0.5354259610176086 0.024692654609680176 0.44416868686676025
v -0.5219223499298096 0.011715710163116455 0.46412283182144165
v -0.5301757454872131 0.024692654609680176 0.46691954135894775
v -0.5354259610176086 0.024692654609680176 0.44416868686676025
v -0.5354259610176086 0.024692654609680176 0.44416868686676025
v -0.5301757454872131 0.024692654609680176 0.46691954135894775
v -0.5384477972984314 0.039999961853027344 0.44461512565612793
v -0.5301757454872131 0.024692654609680176 0.46691954135894775
v -0.5330739617347717 0.039999961853027344 0.4679016172885895
v -0.5384477972984314 0.039999961853027344 0.44461512565612793
v -0.5384477972984314 0.039999961853027344 0.44461512565612793
v -0.5330739617347717 0.039999961853027344 0.4679016172885895
v -0.5384477972984314 0.9399999380111694 0.44461512565612793
v -0.5330739617347717 0.039999961853027344 0.4679016172885895
v -0.5330739617347717 0.9399999380111694 0.4679016172885895
v -0.5384477972984314 0.9399999380111694 0.44461512565612793
v -0.5384477972984314 0.9399999380111694 0.44461512565612793
v -0.5330739617347717 0.9399999380111694 0.4679016172885895
v -0.5354259610176086 0.9553073644638062 0.44416868686676025
v -0.5330739617347717 0.9399999380111694 0.4679016172885895
v -0.5301757454872131 0.9553073644638062 0.46691954135894775
v -0.5354259610176086 0.9553073644638062 0.44416868686676025
v -0.5354259610176086 0.9553073644638062 0.44416868686676025
v -0.5301757454872131 0.9553073644638062 0.46691954135894775
v -0.5268206000328064 0.9682842493057251 0.4428972899913788
v -0.5301757454872131 0.9553073644638062 0.46691954135894775
v -0.5219223499298096 0.9682842493057251 0.46412283182144165
v -0.5268206000328064 0.9682842493057251 0.4428972899913788
v -0.5268206000328064 0.9682842493057251 0.4428972899913788
v -0.5219223499298096 0.9682842493057251 0.46412283182144165
v -0.5139417052268982 0.9769551753997803 0.4409945011138916
v -0.5219223499298096 0.9682842493057251 0.46412283182144165
v -0.509570300579071 0.9769551753997803 0.4599372446537018
v -0.5139417052268982 0.9769551753997803 0.4409945011138916
v -0.5139417052268982 0.9769551753997803 0.4409945011138916
v -0.509570300579071 0.9769551753997803 0.4599372446537018
v -0.4987500011920929 0.9800000190734863 0.4387499988079071
v -0.509570300579071 0.9769551753997803 0.4599372446537018
v -0.4950000047683716 0.9800000190734863 0.45500001311302185
v -0.4987500011920929 0.9800000190734863 0.4387499988079071
v -0.4950000047683716 0 0.45500001311302185
v -0.48875001072883606 0 0.46875
v -0.509570300579071 0.0030447840690612793 0.4599372446537018
v -0.48875001072883606 0 0.46875
v -0.5019394755363464 0.0030447840690612793 0.4767250716686249
v -0.509570300579071 0.0030447840690612793 0.4599372446537018
v -0.509570300579071 0.0030447840690612793 0.4599372446537018
v -0.5019394755363464 0.0030447840690612793 0.4767250716686249
v -0.5219223499298096 0.011715710163116455 0.46412283182144165
v -0.5019394755363464 0.0030447840690612793 0.4767250716686249
v -0.5131209492683411 0.011715710163116455 0.48348599672317505
v -0.5219223499298096 0.011715710163116455 0.46412283182144165
v -0.5219223499298096 0.011715710163116455 0.46412283182144165
v -0.5131209492683411 0.011715710163116455 0.48348599672317505
v -0.5301757454872131 0.024692654609680176 0.46691954135894775
v -0.5131209492683411 0.011715710163116455 0.48348599672317505
v -0.5205921530723572 0.024692654609680176 0.48800352215766907
v -0.5301757454872131 0.024692654609680176 0.46691954135894775
v -0.5301757454872131 0.024692654609680176 0.46691954135894775
v -0.5205921530723572 0.024692654609680176 0.48800352215766907
v -0.5330739617347717 0.039999961853027344 0.4679016172885895
v -0.5205921530723572 0.024692654609680176 0.48800352215766907
v -0.5232157111167908 0.039999961853027344 0.4895898401737213
v -0.5330739617347717 0.039999961853027344 0.4679016172885895
v -0.5330739617347717 0.039999961853027344 0.4679016172885895
v -0.5232157111167908 0.039999961853027344 0.4895898401737213
v -0.5330739617347717 0.9399999380111694 0.4679016172885895
v -0.5232157111167908 0.039999961853027344 0.4895898401737213
v -0.5232157111167908 0.9399999380111694 0.4895898401737213
v -0.5330739617347717 0.9399999380111694 0.4679016172885895
v -0.5330739617347717 0.9399999380111694 0.4679016172885895
v -0.5232157111167908 0.9399999380111694 0.4895898401737213
v -0.5301757454872131 0.9553073644638062 0.46691954135894775
v -0.5232157111167908 0.9399999380111694 0.4895898401737213
v -0.5205921530723572 0.9553073644638062 0.48800352215766907
v -0.5301757454872131 0.9553073644638062 0.46691954135894775
v -0.5301757454872131 0.9553073644638062 0.46691954135894775
v -0.5205921530723572 0.9553073644638062 0.48800352215766907
v -0.5219223499298096 0.9682842493057251 0.46412283182144165
v -0.5205921530723572 0.9553073644638062 0.48800352215766907
v -0.5131209492683411 0.9682842493057251 0.48348599672317505
v -0.5219223499298096 0.9682842493057251 0.46412283182144165
v -0.5219223499298096 0.9682842493057251 0.46412283182144165
v -0.5131209492683411 0.9682842493057251 0.48348599672317505
v -0.509570300579071 0.9769551753997803 0.4599372446537018
v -0.5131209492683411 0.9682842493057251 0.48348599672317505
v -0.5019394755363464 0.9769551753997803 0.4767250716686249
v -0.509570300579071 0.9769551753997803 0.4599372446537018
v -0.509570300579071 0.9769551753997803 0.4599372446537018
v -0.5019394755363464 0.9769551753997803 0.4767250716686249
v -0.4950000047683716 0.9800000190734863 0.45500001311302185
v -0.5019394755363464 0.9769551753997803 0.4767250716686249
v -0.48875001072883606 0.9800000190734863 0.46875
v -0.4950000047683716 0.9800000190734863 0.45500001311302185
v -0.48875001072883606 0 0.46875
v -0.47999998927116394 0 0.47999998927116394
v -0.5019394755363464 0.0030447840690612793 0.4767250716686249
v -0.47999998927116394 0 0.47999998927116394
v -0.490908145904541 0.0030447840690612793 0.490908145904541
v -0.5019394755363464 0.0030447840690612793 0.4767250716686249
v -0.5019394755363464 0.0030447840690612793 0.4767250716686249
v -0.490908145904541 0.0030447840690612793 0.490908145904541
v -0.5131209492683411 0.011715710163116455 0.48348599672317505
v -0.490908145904541 0.0030447840690612793 0.490908145904541
v -0.5001556277275085 0.011715710163116455 0.5001556277275085
v -0.5131209492683411 0.011715710163116455 0.48348599672317505
v -0.5131209492683411 0.011715710163116455 0.48348599672317505
v -0.5001556277275085 0.011715710163116455 0.5001556277275085
v -0.5205921530723572 0.024692654609680176 0.48800352215766907
v -0.5001556277275085 0.011715710163116455 0.5001556277275085
v -0.5063346028327942 0.024692654609680176 0.5063346028327942
v -0.5205921530723572 0.024692654609680176 0.48800352215766907
v -0.5205921530723572 0.024692654609680176 0.48800352215766907
v -0.5063346028327942 0.024692654609680176 0.5063346028327942
v -0.5232157111167908 0.039999961853027344 0.4895898401737213
v -0.5063346028327942 0.024692654609680176 0.5063346028327942
v -0.5085043907165527 0.039999961853027344 0.5085043907165527
v -0.5232157111167908 0.039999961853027344 0.4895898401737213
v -0.5232157111167908 0.039999961853027344 0.4895898401737213
v -0.5085043907165527 0.039999961853027344 0.5085043907165527
v -0.5232157111167908 0.9399999380111694 0.4895898401737213
v -0.5085043907165527 0.039999961853027344 0.5085043907165527
v -0.5085043907165527 0.9399999380111694 0.5085043907165527
v -0.5232157111167908 0.9399999380111694 0.4895898401737213
v -0.5232157111167908 0.9399999380111694 0.4895898401737213
v -0.5085043907165527 0.9399999380111694 0.5085043907165527
v -0.5205921530723572 0.9553073644638062 0.48800352215766907
v -0.5085043907165527 0.9399999380111694 0.5085043907165527
v -0.5063346028327942 0.9553073644638062 0.5063346028327942
v -0.5205921530723572 0.9553073644638062 0.48800352215766907
v -0.5205921530723572 0.9553073644638062 0.48800352215766907
v -0.5063346028327942 0.9553073644638062 0.5063346028327942
v -0.5131209492683411 0.9682842493057251 0.48348599672317505
v -0.5063346028327942 0.9553073644638062 0.5063346028327942
v -0.5001556277275085 0.9682842493057251 0.5001556277275085
v -0.5131209492683411 0.9682842493057251 0.48348599672317505
v -0.5131209492683411 0.9682842493057251 0.48348599672317505
v -0.5001556277275085 0.9682842493057251 0.5001556277275085
v -0.5019394755363464 0.9769551753997803 0.4767250716686249
v -0.5001556277275085 0.9682842493057251 0.5001556277275085
v -0.490908145904541 0.9769551753997803 0.490908145904541
v -0.5019394755363464 0.9769551753997803 0.4767250716686249
v -0.5019394755363464 0.9769551753997803 0.4767250716686249
v -0.490908145904541 0.9769551753997803 0.490908145904541
v -0.48875001072883606 0.9800000190734863 0.46875
v -0.490908145904541 0.9769551753997803 0.490908145904541
v -0.47999998927116394 0.9800000190734863 0.47999998927116394
v -0.48875001072883606 0.9800000190734863 0.46875
v -0.47999998927116394 0 0.47999998927116394
v -0.46875 0 0.48875001072883606
v -0.490908145904541 0.0030447840690612793 0.490908145904541
v -0.46875 0 0.48875001072883606
v -0.4767250716686249 0.0030447840690612793 0.5019394755363464
v -0.490908145904541 0.0030447840690612793 0.490908145904541
v -0.490908145904541 0.0030447840690612793 0.490908145904541
v -0.4767250716686249 0.0030447840690612793 0.5019394755363464
v -0.5001556277275085 0.011715710163116455 0.5001556277275085
v -0.4767250716686249 0.0030447840690612793 0.5019394755363464
v -0.48348599672317505 0.011715710163116455 0.5131209492683411
v -0.5001556277275085 0.011715710163116455 0.5001556277275085
v -0.5001556277275085 0.011715710163116455 0.5001556277275085
v -0.48348599672317505 0.011715710163116455 0.5131209492683411
v -0.5063346028327942 0.024692654609680176 0.5063346028327942
v -0.48348599672317505 0.011715710163116455 0.5131209492683411
v -0.48800352215766907 0.024692654609680176 0.5205921530723572
v -0.5063346028327942 0.024692654609680176 0.5063346028327942
v -0.5063346028327942 0.024692654609680176 0.5063346028327942
v -0.48800352215766907 0.024692654609680176 0.5205921530723572
v -0.5085043907165527 0.039999961853027344 0.5085043907165527
v -0.48800352215766907 0.024692654609680176 0.5205921530723572
v -0.4895898401737213 0.039999961853027344 0.5232157111167908
v -0.5085043907165527 0.039999961853027344 0.5085043907165527
v -0.5085043907165527 0.039999961853027344 0.5085043907165527
v -0.4895898401737213 0.039999961853027344 0.5232157111167908
v -0.5085043907165527 0.9399999380111694 0.5085043907165527
v -0.4895898401737213 0.039999961853027344 0.5232157111167908
v -0.4895898401737213 0.9399999380111694 0.5232157111167908
v -0.5085043907165527 0.9399999380111694 0.5085043907165527
v -0.5085043907165527 0.9399999380111694 0.5085043907165527
v -0.4895898401737213 0.9399999380111694 0.5232157111167908
v -0.5063346028327942 0.9553073644638062 0.5063346028327942
v -0.4895898401737213 0.9399999380111694 0.5232157111167908
v -0.48800352215766907 0.9553073644638062 0.5205921530723572
v -0.5063346028327942 0.9553073644638062 0.5063346028327942
v -0.5063346028327942 0.9553073644638062 0.5063346028327942
v -0.48800352215766907 0.9553073644638062 0.5205921530723572
v -0.5001556277275085 0.9682842493057251 0.5001556277275085
v -0.48800352215766907 0.9553073644638062 0.5205921530723572
v -0.48348599672317505 0.9682842493057251 0.5131209492683411
v -0.5001556277275085 0.9682842493057251 0.5001556277275085
v -0.5001556277275085 0.9682842493057251 0.5001556277275085
v -0.48348599672317505 0.9682842493057251 0.5131209492683411
v -0.490908145904541 0.9769551753997803 0.490908145904541
v -0.48348599672317505 0.9682842493057251 0.5131209492683411
v -0.4767250716686249 0.9769551753997803 0.5019394755363464
v -0.490908145904541 0.9769551753997803 0.490908145904541
v -0.490908145904541 0.9769551753997803 0.490908145904541
v -0.4767250716686249 0.9769551753997803 0.5019394755363464
v -0.47999998927116394 0.9800000190734863 0.47999998927116394
v -0.4767250716686249 0.9769551753997803 0.5019394755363464
v -0.46875 0.9800000190734863 0.48875001072883606
v -0.47999998927116394 0.9800000190734863 0.47999998927116394
v -0.46875 0 0.48875001072883606
v -0.45500001311302185 0 0.4950000047683716
v -0.4767250716686249 0.0030447840690612793 0.5019394755363464
v -0.45500001311302185 0 0.4950000047683716
v -0.4599372446537018 0.0030447840690612793 0.509570300579071
v -0.4767250716686249 0.0030447840690612793 0.5019394755363464
v -0.4767250716686249 0.0030447840690612793 0.5019394755363464
v -0.4599372446537018 0.0030447840690612793 0.509570300579071
v -0.48348599672317505 0.011715710163116455 0.5131209492683411
v -0.4599372446537018 0.0030447840690612793 0.509570300579071
v -0.46412283182144165 0.011715710163116455 0.5219223499298096
v -0.48348599672317505 0.011715710163116455 0.5131209492683411
v -0.48348599672317505 0.011715710163116455 0.5131209492683411
v -0.46412283182144165 0.011715710163116455 0.5219223499298096
v -0.48800352215766907 0.024692654609680176 0.5205921530723572
v -0.46412283182144165 0.011715710163116455 0.5219223499298096
v -0.46691954135894775 0.024692654609680176 0.5301757454872131
v -0.48800352215766907 0.024692654609680176 0.5205921530723572
v -0.48800352215766907 0.024692654609680176 0.5205921530723572
v -0.46691954135894775 0.024692654609680176 0.5301757454872131
v -0.4895898401737213 0.039999961853027344 0.5232157111167908
v -0.46691954135894775 0.024692654609680176 0.5301757454872131
v -0.4679016172885895 0.039999961853027344 0.5330739617347717
v -0.4895898401737213 0.039999961853027344 0.5232157111167908
v -0.4895898401737213 0.039999961853027344 0.5232157111167908
v -0.4679016172885895 0.039999961853027344 0.5330739617347717
v -0.4895898401737213 0.9399999380111694 0.5232157111167908
v -0.4679016172885895 0.039999961853027344 0.5330739617347717
v -0.4679016172885895 0.9399999380111694 0.5330739617347717
v -0.4895898401737213 0.9399999380111694 0.5232157111167908
v -0.4895898401737213 0.9399999380111694 0.5232157111167908
v -0.4679016172885895 0.9399999380111694 0.5330739617347717
v -0.48800352215766907 0.9553073644638062 0.5205921530723572
v -0.4679016172885895 0.9399999380111694 0.5330739617347717
v -0.46691954135894775 0.9553073644638062 0.5301757454872131
v -0.48800352215766907 0.9553073644638062 0.5205921530723572
v -0.48800352215766907 0.9553073644638062 0.5205921530723572
v -0.46691954135894775 0.9553073644638062 0.5301757454872131
v -0.48348599672317505 0.9682842493057251 0.5131209492683411
v -0.46691954135894775 0.9553073644638062 0.5301757454872131
v -0.46412283182144165 0.9682842493057251 0.5219223499298096
v -0.48348599672317505 0.9682842493057251 0.5131209492683411
v -0.48348599672317505 0.9682842493057251 0.5131209492683411
v -0.46412283182144165 0.9682842493057251 0.5219223499298096
v -0.4767250716686249 0.9769551753997803 0.5019394755363464
v -0.46412283182144165 0.9682842493057251 0.5219223499298096
v -0.4599372446537018 0.9769551753997803 0.509570300579071
v -0.4767250716686249 0.9769551753997803 0.5019394755363464
v -0.4767250716686249 0.9769551753997803 0.5019394755363464
v -0.4599372446537018 0.9769551753997803 0.509570300579071
v -0.46875 0.9800000190734863 0.48875001072883606
v -0.4599372446537018 0.9769551753997803 0.509570300579071
v -0.45500001311302185 0.9800000190734863 0.4950000047683716
v -0.46875 0.9800000190734863 0.48875001072883606
v -0.45500001311302185 0 0.4950000047683716
v -0.4387499988079071 0 0.4987500011920929
v -0.4599372446537018 0.0030447840690612793 0.509570300579071
v -0.4387499988079071 0 0.4987500011920929
v -0.4409945011138916 0.0030447840690612793 0.5139417052268982
v -0.4599372446537018 0.0030447840690612793 0.509570300579071
v -0.4599372446537018 0.0030447840690612793 0.509570300579071
v -0.4409945011138916 0.0030447840690612793 0.5139417052268982
v -0.46412283182144165 0.011715710163116455 0.5219223499298096
v -0.4409945011138916 0.0030447840690612793 0.5139417052268982
v -0.4428972899913788 0.011715710163116455 0.5268206000328064
v -0.46412283182144165 0.011715710163116455 0.5219223499298096
v -0.46412283182144165 0.011715710163116455 0.5219223499298096
v -0.4428972899913788 0.011715710163116455 0.5268206000328064
v -0.46691954135894775 0.024692654609680176 0.5301757454872131
v -0.4428972899913788 0.011715710163116455 0.5268206000328064
v -0.44416868686676025 0.024692654609680176 0.5354259610176086
v -0.46691954135894775 0.024692654609680176 0.5301757454872131
v -0.46691954135894775 0.024692654609680176 0.5301757454872131
v -0.44416868686676025 0.024692654609680176 0.5354259610176086
v -0.4679016172885895 0.039999961853027344 0.5330739617347717
v -0.44416868686676025 0.024692654609680176 0.5354259610176086
v -0.44461512565612793 0.039999961853027344 0.5384477972984314
v -0.4679016172885895 0.039999961853027344 0.5330739617347717
v -0.4679016172885895 0.039999961853027344 0.5330739617347717
v -0.44461512565612793 0.039999961853027344 0.5384477972984314
v -0.4679016172885895 0.9399999380111694 0.5330739617347717
v -0.44461512565612793 0.039999961853027344 0.5384477972984314
v -0.44461512565612793 0.9399999380111694 0.5384477972984314
v -0.4679016172885895 0.9399999380111694 0.5330739617347717
v -0.4679016172885895 0.9399999380111694 0.5330739617347717
v -0.44461512565612793 0.9399999380111694 0.5384477972984314
v -0.46691954135894775 0.9553073644638062 0.5301757454872131
v -0.44461512565612793 0.9399999380111694 0.5384477972984314
v -0.44416868686676025 0.9553073644638062 0.5354259610176086
v -0.46691954135894775 0.9553073644638062 0.5301757454872131
v -0.46691954135894775 0.9553073644638062 0.5301757454872131
v -0.44416868686676025 0.9553073644638062 0.5354259610176086
v -0.46412283182144165 0.9682842493057251 0.5219223499298096
v -0.44416868686676025 0.9553073644638062 0.5354259610176086
v -0.4428972899913788 0.9682842493057251 0.5268206000328064
v -0.46412283182144165 0.9682842493057251 0.5219223499298096
v -0.46412283182144165 0.9682842493057251 0.5219223499298096
v -0.4428972899913788 0.9682842493057251 0.5268206000328064
v -0.4599372446537018 0.9769551753997803 0.509570300579071
v -0.4428972899913788 0.9682842493057251 0.5268206000328064
v -0.4409945011138916 0.9769551753997803 0.5139417052268982
v -0.4599372446537018 0.9769551753997803 0.509570300579071
v -0.4599372446537018 0.9769551753997803 0.509570300579071
v -0.4409945011138916 0.9769551753997803 0.5139417052268982
v -0.45500001311302185 0.9800000190734863 0.4950000047683716
v -0.4409945011138916 0.9769551753997803 0.5139417052268982
v -0.4387499988079071 0.9800000190734863 0.4987500011920929
v -0.45500001311302185 0.9800000190734863 0.4950000047683716
v -0.4387499988079071 0 0.4987500011920929
v -0.41999998688697815 0 0.5
v -0.4409945011138916 0.0030447840690612793 0.5139417052268982
v -0.41999998688697815 0 0.5
v -0.4205096662044525 0.0030447840690612793 0.5153073668479919
v -0.4409945011138916 0.0030447840690612793 0.5139417052268982
v -0.4409945011138916 0.0030447840690612793 0.5139417052268982
v -0.4205096662044525 0.0030447840690612793 0.5153073668479919
v -0.4428972899913788 0.011715710163116455 0.5268206000328064
v -0.4205096662044525 0.0030447840690612793 0.5153073668479919
v -0.4209417700767517 0.011715710163116455 0.5282842516899109
v -0.4428972899913788 0.011715710163116455 0.5268206000328064
v -0.4428972899913788 0.011715710163116455 0.5268206000328064
v -0.4209417700767517 0.011715710163116455 0.5282842516899109
v -0.44416868686676025 0.024692654609680176 0.5354259610176086
v -0.4209417700767517 0.011715710163116455 0.5282842516899109
v -0.4212304651737213 0.024692654609680176 0.5369551777839661
v -0.44416868686676025 0.024692654609680176 0.5354259610176086
v -0.44416868686676025 0.024692654609680176 0.5354259610176086
v -0.4212304651737213 0.024692654609680176 0.5369551777839661
v -0.44461512565612793 0.039999961853027344 0.5384477972984314
v -0.4212304651737213 0.024692654609680176 0.5369551777839661
v -0.42133185267448425 0.039999961853027344 0.5400000214576721
v -0.44461512565612793 0.039999961853027344 0.5384477972984314
v -0.44461512565612793 0.039999961853027344 0.5384477972984314
v -0.42133185267448425 0.039999961853027344 0.5400000214576721
v -0.44461512565612793 0.9399999380111694 0.5384477972984314
v -0.42133185267448425 0.039999961853027344 0.5400000214576721
v -0.42133185267448425 0.9399999380111694 0.5400000214576721
v -0.44461512565612793 0.9399999380111694 0.5384477972984314
v -0.44461512565612793 0.9399999380111694 0.5384477972984314
v -0.42133185267448425 0.9399999380111694 0.5400000214576721
v -0.44416868686676025 0.9553073644638062 0.5354259610176086
v -0.42133185267448425 0.9399999380111694 0.5400000214576721
v -0.4212304651737213 0.9553073644638062 0.5369551777839661
v -0.44416868686676025 0.9553073644638062 0.5354259610176086
v -0.44416868686676025 0.9553073644638062 0.5354259610176086
v -0.4212304651737213 0.9553073644638062 0.5369551777839661
v -0.4428972899913788 0.9682842493057251 0.5268206000328064
v -0.4212304651737213 0.9553073644638062 0.5369551777839661
v -0.4209417700767517 0.9682842493057251 0.5282842516899109
v -0.4428972899913788 0.9682842493057251 0.5268206000328064
v -0.4428972899913788 0.9682842493057251 0.5268206000328064
v -0.4209417700767517 0.9682842493057251 0.5282842516899109
v -0.4409945011138916 0.9769551753997803 0.5139417052268982
v -0.4209417700767517 0.9682842493057251 0.5282842516899109
v -0.4205096662044525 0.9769551753997803 0.5153073668479919
v -0.4409945011138916 0.9769551753997803 0.5139417052268982
v -0.4409945011138916 0.9769551753997803 0.5139417052268982
v -0.4205096662044525 0.9769551753997803 0.5153073668479919
v -0.4387499988079071 0.9800000190734863 0.4987500011920929
v -0.4205096662044525 0.9769551753997803 0.5153073668479919
v -0.41999998688697815 0.9800000190734863 0.5
v -0.4387499988079071 0.9800000190734863 0.4987500011920929
vt -0.41999998688697815 -0.5
vt -0.4387499988079071 -0.4987500011920929
vt -0.45500001311302185 -0.4950000047683716
vt 0.4387499988079071 -0.4987500011920929
vt 0.41999998688697815 -0.5
vt -0.41999998688697815 -0.5
vt 0.46875 -0.48875001072883606
vt 0.45500001311302185 -0.4950000047683716
vt 0.4387499988079071 -0.4987500011920929
vt 0.48875001072883606 -0.46875
vt 0.47999998927116394 -0.47999998927116394
vt 0.46875 -0.48875001072883606
vt 0.4987500011920929 -0.4387499988079071
vt 0.4950000047683716 -0.45500001311302185
vt 0.48875001072883606 -0.46875
vt 0.5 0.41999998688697815
vt 0.5 -0.41999998688697815
vt 0.4987500011920929 -0.4387499988079071
vt 0.4950000047683716 0.45500001311302185
vt 0.4987500011920929 0.4387499988079071
vt 0.5 0.41999998688697815
vt 0.47999998927116394 0.47999998927116394
vt 0.48875001072883606 0.46875
vt 0.4950000047683716 0.45500001311302185
vt 0.45500001311302185 0.4950000047683716
vt 0.46875 0.48875001072883606
vt 0.47999998927116394 0.47999998927116394
vt 0.41999998688697815 0.5
vt 0.4387499988079071 0.4987500011920929
vt 0.45500001311302185 0.4950000047683716
vt -0.4387499988079071 0.4987500011920929
vt -0.41999998688697815 0.5
vt 0.41999998688697815 0.5
vt -0.46875 0.48875001072883606
vt -0.45500001311302185 0.4950000047683716
vt -0.4387499988079071 0.4987500011920929
vt -0.48875001072883606 0.46875
vt -0.47999998927116394 0.47999998927116394
vt -0.46875 0.48875001072883606
vt -0.4987500011920929 0.4387499988079071
vt -0.4950000047683716 0.45500001311302185
vt -0.48875001072883606 0.46875
vt -0.5 -0.41999998688697815
vt -0.5 0.41999998688697815
vt -0.4987500011920929 0.4387499988079071
vt -0.4950000047683716 -0.45500001311302185
vt -0.4987500011920929 -0.4387499988079071
vt -0.5 -0.41999998688697815
vt -0.47999998927116394 -0.47999998927116394
vt -0.48875001072883606 -0.46875
vt -0.4950000047683716 -0.45500001311302185
vt -0.45500001311302185 -0.4950000047683716
vt -0.46875 -0.48875001072883606
vt -0.47999998927116394 -0.47999998927116394
vt 0.4387499988079071 -0.4987500011920929
vt -0.41999998688697815 -0.5
vt -0.45500001311302185 -0.4950000047683716
vt 0.48875001072883606 -0.46875
vt 0.46875 -0.48875001072883606
vt 0.4387499988079071 -0.4987500011920929
vt 0.5 0.41999998688697815
vt 0.4987500011920929 -0.4387499988079071
vt 0.48875001072883606 -0.46875
vt 0.47999998927116394 0.47999998927116394
vt 0.4950000047683716 0.45500001311302185
vt 0.5 0.41999998688697815
vt 0.41999998688697815 0.5
vt 0.45500001311302185 0.4950000047683716
vt 0.47999998927116394 0.47999998927116394
vt -0.46875 0.48875001072883606
vt -0.4387499988079071 0.4987500011920929
vt 0.41999998688697815 0.5
vt -0.4987500011920929 0.4387499988079071
vt -0.48875001072883606 0.46875
vt -0.46875 0.48875001072883606
vt -0.4950000047683716 -0.45500001311302185
vt -0.5 -0.41999998688697815
vt -0.4987500011920929 0.4387499988079071
vt -0.45500001311302185 -0.4950000047683716
vt -0.47999998927116394 -0.47999998927116394
vt -0.4950000047683716 -0.45500001311302185
vt 0.48875001072883606 -0.46875
vt 0.4387499988079071 -0.4987500011920929
vt -0.45500001311302185 -0.4950000047683716
vt 0.47999998927116394 0.47999998927116394
vt 0.5 0.41999998688697815
vt 0.48875001072883606 -0.46875
vt -0.46875 0.48875001072883606
vt 0.41999998688697815 0.5
vt 0.47999998927116394 0.47999998927116394
vt -0.4950000047683716 -0.45500001311302185
vt -0.4987500011920929 0.4387499988079071
vt -0.46875 0.48875001072883606
vt 0.48875001072883606 -0.46875
vt -0.45500001311302185 -0.4950000047683716
vt -0.4950000047683716 -0.45500001311302185
vt -0.46875 0.48875001072883606
vt 0.47999998927116394 0.47999998927116394
vt 0.48875001072883606 -0.46875
vt 0.48875001072883606 -0.46875
vt -0.4950000047683716 -0.45500001311302185
vt -0.46875 0.48875001072883606
vt -0.45500001311302185 -0.4950000047683716
vt -0.4387499988079071 -0.4987500011920929
vt -0.41999998688697815 -0.5
vt -0.41999998688697815 -0.5
vt 0.41999998688697815 -0.5
vt 0.4387499988079071 -0.4987500011920929
vt 0.4387499988079071 -0.4987500011920929
vt 0.45500001311302185 -0.4950000047683716
vt 0.46875 -0.48875001072883606
vt 0.46875 -0.48875001072883606
vt 0.47999998927116394 -0.47999998927116394
vt 0.48875001072883606 -0.46875
vt 0.48875001072883606 -0.46875
vt 0.4950000047683716 -0.45500001311302185
vt 0.4987500011920929 -0.4387499988079071
vt 0.4987500011920929 -0.4387499988079071
vt 0.5 -0.41999998688697815
vt 0.5 0.41999998688697815
vt 0.5 0.41999998688697815
vt 0.4987500011920929 0.4387499988079071
vt 0.4950000047683716 0.45500001311302185
vt 0.4950000047683716 0.45500001311302185
vt 0.48875001072883606 0.46875
vt 0.47999998927116394 0.47999998927116394
vt 0.47999998927116394 0.47999998927116394
vt 0.46875 0.48875001072883606
vt 0.45500001311302185 0.4950000047683716
vt 0.45500001311302185 0.4950000047683716
vt 0.4387499988079071 0.4987500011920929
vt 0.41999998688697815 0.5
vt 0.41999998688697815 0.5
vt -0.41999998688697815 0.5
vt -0.4387499988079071 0.4987500011920929
vt -0.4387499988079071 0.4987500011920929
vt -0.45500001311302185 0.4950000047683716
vt -0.46875 0.48875001072883606
vt -0.46875 0.48875001072883606
vt -0.47999998927116394 0.47999998927116394
vt -0.48875001072883606 0.46875
vt -0.48875001072883606 0.46875
vt -0.4950000047683716 0.45500001311302185
vt -0.4987500011920929 0.4387499988079071
vt -0.4987500011920929 0.4387499988079071
vt -0.5 0.41999998688697815
vt -0.5 -0.41999998688697815
vt -0.5 -0.41999998688697815
vt -0.4987500011920929 -0.4387499988079071
vt -0.4950000047683716 -0.45500001311302185
vt -0.4950000047683716 -0.45500001311302185
vt -0.48875001072883606 -0.46875
vt -0.47999998927116394 -0.47999998927116394
vt -0.47999998927116394 -0.47999998927116394
vt -0.46875 -0.48875001072883606
vt -0.45500001311302185 -0.4950000047683716
vt -0.45500001311302185 -0.4950000047683716
vt -0.41999998688697815 -0.5
vt 0.4387499988079071 -0.4987500011920929
vt 0.4387499988079071 -0.4987500011920929
vt 0.46875 -0.48875001072883606
vt 0.48875001072883606 -0.46875
vt 0.48875001072883606 -0.46875
vt 0.4987500011920929 -0.4387499988079071
vt 0.5 0.41999998688697815
vt 0.5 0.41999998688697815
vt 0.4950000047683716 0.45500001311302185
vt 0.47999998927116394 0.47999998927116394
vt 0.47999998927116394 0.47999998927116394
vt 0.45500001311302185 0.4950000047683716
vt 0.41999998688697815 0.5
vt 0.41999998688697815 0.5
vt -0.4387499988079071 0.4987500011920929
vt -0.46875 0.48875001072883606
vt -0.46875 0.48875001072883606
vt -0.48875001072883606 0.46875
vt -0.4987500011920929 0.4387499988079071
vt -0.4987500011920929 0.4387499988079071
vt -0.5 -0.41999998688697815
vt -0.4950000047683716 -0.45500001311302185
vt -0.4950000047683716 -0.45500001311302185
vt -0.47999998927116394 -0.47999998927116394
vt -0.45500001311302185 -0.4950000047683716
vt -0.45500001311302185 -0.4950000047683716
vt 0.4387499988079071 -0.4987500011920929
vt 0.48875001072883606 -0.46875
vt 0.48875001072883606 -0.46875
vt 0.5 0.41999998688697815
vt 0.47999998927116394 0.47999998927116394
vt 0.47999998927116394 0.47999998927116394
vt 0.41999998688697815 0.5
vt -0.46875 0.48875001072883606
vt -0.46875 0.48875001072883606
vt -0.4987500011920929 0.4387499988079071
vt -0.4950000047683716 -0.45500001311302185
vt -0.4950000047683716 -0.45500001311302185
vt -0.45500001311302185 -0.4950000047683716
vt 0.48875001072883606 -0.46875
vt 0.48875001072883606 -0.46875
vt 0.47999998927116394 0.47999998927116394
vt -0.46875 0.48875001072883606
vt -0.46875 0.48875001072883606
vt -0.4950000047683716 -0.45500001311302185
vt 0.48875001072883606 -0.46875
vt -0.41999998688697815 1.0399999618530273
vt 0.41999998688697815 1.0399999618530273
vt -0.4205096662044525 1.0369552373886108
vt 0.41999998688697815 1.0399999618530273
vt 0.4205096662044525 1.0369552373886108
vt -0.4205096662044525 1.0369552373886108
vt -0.4205096662044525 1.0369552373886108
vt 0.4205096662044525 1.0369552373886108
vt -0.4209417700767517 1.0282843112945557
vt 0.4205096662044525 1.0369552373886108
vt 0.4209417700767517 1.0282843112945557
vt -0.4209417700767517 1.0282843112945557
vt -0.4209417700767517 1.0282843112945557
vt 0.4209417700767517 1.0282843112945557
vt -0.4212304651737213 1.0153073072433472
vt 0.4209417700767517 1.0282843112945557
vt 0.4212304651737213 1.0153073072433472
vt -0.4212304651737213 1.0153073072433472
vt -0.4212304651737213 1.0153073072433472
vt 0.4212304651737213 1.0153073072433472
vt -0.42133185267448425 1
vt 0.4212304651737213 1.0153073072433472
vt 0.42133185267448425 1
vt -0.42133185267448425 1
vt -0.42133185267448425 1
vt 0.42133185267448425 1
vt -0.42133185267448425 0.10000000149011612
vt 0.42133185267448425 1
vt 0.42133185267448425 0.10000000149011612
vt -0.42133185267448425 0.10000000149011612
vt -0.42133185267448425 0.10000000149011612
vt 0.42133185267448425 0.10000000149011612
vt -0.4212304651737213 0.08469266444444656
vt 0.42133185267448425 0.10000000149011612
vt 0.4212304651737213 0.08469266444444656
vt -0.4212304651737213 0.08469266444444656
vt -0.4212304651737213 0.08469266444444656
vt 0.4212304651737213 0.08469266444444656
vt -0.4209417700767517 0.07171572744846344
vt 0.4212304651737213 0.08469266444444656
vt 0.4209417700767517 0.07171572744846344
vt -0.4209417700767517 0.07171572744846344
vt -0.4209417700767517 0.07171572744846344
vt 0.4209417700767517 0.07171572744846344
vt -0.4205096662044525 0.06304481625556946
vt 0.4209417700767517 0.07171572744846344
vt 0.4205096662044525 0.06304481625556946
vt -0.4205096662044525 0.06304481625556946
vt -0.4205096662044525 0.06304481625556946
vt 0.4205096662044525 0.06304481625556946
vt -0.41999998688697815 0.05999999865889549
vt 0.4205096662044525 0.06304481625556946
vt 0.41999998688697815 0.05999999865889549
vt -0.41999998688697815 0.05999999865889549
vt 0.41999998688697815 1.0399999618530273
vt 0.4387499988079071 1.0399999618530273
vt 0.4205096662044525 1.0369552373886108
vt 0.4387499988079071 1.0399999618530273
vt 0.4409945011138916 1.0369552373886108
vt 0.4205096662044525 1.0369552373886108
vt 0.4205096662044525 1.0369552373886108
vt 0.4409945011138916 1.0369552373886108
vt 0.4209417700767517 1.0282843112945557
vt 0.4409945011138916 1.0369552373886108
vt 0.4428972899913788 1.0282843112945557
vt 0.4209417700767517 1.0282843112945557
vt 0.4209417700767517 1.0282843112945557
vt 0.4428972899913788 1.0282843112945557
vt 0.4212304651737213 1.0153073072433472
vt 0.4428972899913788 1.0282843112945557
vt 0.44416868686676025 1.0153073072433472
vt 0.4212304651737213 1.0153073072433472
vt 0.4212304651737213 1.0153073072433472
vt 0.44416868686676025 1.0153073072433472
vt 0.42133185267448425 1
vt 0.44416868686676025 1.0153073072433472
vt 0.44461512565612793 1
vt 0.42133185267448425 1
vt 0.42133185267448425 1
vt 0.44461512565612793 1
vt 0.42133185267448425 0.10000000149011612
vt 0.44461512565612793 1
vt 0.44461512565612793 0.10000000149011612
vt 0.42133185267448425 0.10000000149011612
vt 0.42133185267448425 0.10000000149011612
vt 0.44461512565612793 0.10000000149011612
vt 0.4212304651737213 0.08469266444444656
vt 0.44461512565612793 0.10000000149011612
vt 0.44416868686676025 0.08469266444444656
vt 0.4212304651737213 0.08469266444444656
vt 0.4212304651737213 0.08469266444444656
vt 0.44416868686676025 0.08469266444444656
vt 0.4209417700767517 0.07171572744846344
vt 0.44416868686676025 0.08469266444444656
vt 0.4428972899913788 0.07171572744846344
vt 0.4209417700767517 0.07171572744846344
vt 0.4209417700767517 0.07171572744846344
vt 0.4428972899913788 0.07171572744846344
vt 0.4205096662044525 0.06304481625556946
vt 0.4428972899913788 0.07171572744846344
vt 0.4409945011138916 0.06304481625556946
vt 0.4205096662044525 0.06304481625556946
vt 0.4205096662044525 0.06304481625556946
vt 0.4409945011138916 0.06304481625556946
vt 0.41999998688697815 0.05999999865889549
vt 0.4409945011138916 0.06304481625556946
vt 0.4387499988079071 0.05999999865889549
vt 0.41999998688697815 0.05999999865889549
vt 0.4387499988079071 1.0399999618530273
vt 0.45500001311302185 1.0399999618530273
vt 0.4409945011138916 1.0369552373886108
vt 0.45500001311302185 1.0399999618530273
vt 0.4599372446537018 1.0369552373886108
vt 0.4409945011138916 1.0369552373886108
vt 0.4409945011138916 1.0369552373886108
vt 0.4599372446537018 1.0369552373886108
vt 0.4428972899913788 1.0282843112945557
vt 0.4599372446537018 1.0369552373886108
vt 0.46412283182144165 1.0282843112945557
vt 0.4428972899913788 1.0282843112945557
vt 0.4428972899913788 1.0282843112945557
vt 0.46412283182144165 1.0282843112945557
vt 0.44416868686676025 1.0153073072433472
vt 0.46412283182144165 1.0282843112945557
vt 0.46691954135894775 1.0153073072433472
vt 0.44416868686676025 1.0153073072433472
vt 0.44416868686676025 1.0153073072433472
vt 0.46691954135894775 1.0153073072433472
vt 0.44461512565612793 1
vt 0.46691954135894775 1.0153073072433472
vt 0.4679016172885895 1
vt 0.44461512565612793 1
vt 0.44461512565612793 1
vt 0.4679016172885895 1
vt 0.44461512565612793 0.10000000149011612
vt 0.4679016172885895 1
vt 0.4679016172885895 0.10000000149011612
vt 0.44461512565612793 0.10000000149011612
vt 0.44461512565612793 0.10000000149011612
vt 0.4679016172885895 0.10000000149011612
vt 0.44416868686676025 0.08469266444444656
vt 0.4679016172885895 0.10000000149011612
vt 0.46691954135894775 0.08469266444444656
vt 0.44416868686676025 0.08469266444444656
vt 0.44416868686676025 0.08469266444444656
vt 0.46691954135894775 0.08469266444444656
vt 0.4428972899913788 0.07171572744846344
vt 0.46691954135894775 0.08469266444444656
vt 0.46412283182144165 0.07171572744846344
vt 0.4428972899913788 0.07171572744846344
vt 0.4428972899913788 0.07171572744846344
vt 0.46412283182144165 0.07171572744846344
vt 0.4409945011138916 0.06304481625556946
vt 0.46412283182144165 0.07171572744846344
vt 0.4599372446537018 0.06304481625556946
vt 0.4409945011138916 0.06304481625556946
vt 0.4409945011138916 0.06304481625556946
vt 0.4599372446537018 0.06304481625556946
vt 0.4387499988079071 0.05999999865889549
vt 0.4599372446537018 0.06304481625556946
vt 0.45500001311302185 0.05999999865889549
vt 0.4387499988079071 0.05999999865889549
vt 0.45500001311302185 1.0399999618530273
vt 0.46875 1.0399999618530273
vt 0.4599372446537018 1.0369552373886108
vt 0.46875 1.0399999618530273
vt 0.4767250716686249 1.0369552373886108
vt 0.4599372446537018 1.0369552373886108
vt 0.4599372446537018 1.0369552373886108
vt 0.4767250716686249 1.0369552373886108
vt 0.46412283182144165 1.0282843112945557
vt 0.4767250716686249 1.0369552373886108
vt 0.48348599672317505 1.0282843112945557
vt 0.46412283182144165 1.0282843112945557
vt 0.46412283182144165 1.0282843112945557
vt 0.48348599672317505 1.0282843112945557
vt 0.46691954135894775 1.0153073072433472
vt 0.48348599672317505 1.0282843112945557
vt 0.48800352215766907 1.0153073072433472
vt 0.46691954135894775 1.0153073072433472
vt 0.46691954135894775 1.0153073072433472
vt 0.48800352215766907 1.0153073072433472
vt 0.4679016172885895 1
vt 0.48800352215766907 1.0153073072433472
vt 0.4895898401737213 1
vt 0.4679016172885895 1
vt 0.4679016172885895 1
vt 0.4895898401737213 1
vt 0.4679016172885895 0.10000000149011612
vt 0.4895898401737213 1
vt 0.4895898401737213 0.10000000149011612
vt 0.4679016172885895 0.10000000149011612
vt 0.4679016172885895 0.10000000149011612
vt 0.4895898401737213 0.10000000149011612
vt 0.46691954135894775 0.08469266444444656
vt 0.4895898401737213 0.10000000149011612
vt 0.48800352215766907 0.08469266444444656
vt 0.46691954135894775 0.08469266444444656
vt 0.46691954135894775 0.08469266444444656
vt 0.48800352215766907 0.08469266444444656
vt 0.46412283182144165 0.07171572744846344
vt 0.48800352215766907 0.08469266444444656
vt 0.48348599672317505 0.07171572744846344
vt 0.46412283182144165 0.07171572744846344
vt 0.46412283182144165 0.07171572744846344
vt 0.48348599672317505 0.07171572744846344
vt 0.4599372446537018 0.06304481625556946
vt 0.48348599672317505 0.07171572744846344
vt 0.4767250716686249 0.06304481625556946
vt 0.4599372446537018 0.06304481625556946
vt 0.4599372446537018 0.06304481625556946
vt 0.4767250716686249 0.06304481625556946
vt 0.45500001311302185 0.05999999865889549
vt 0.4767250716686249 0.06304481625556946
vt 0.46875 0.05999999865889549
vt 0.45500001311302185 0.05999999865889549
vt 0.46875 1.0399999618530273
vt 0.47999998927116394 1.0399999618530273
vt 0.4767250716686249 1.0369552373886108
vt 0.47999998927116394 1.0399999618530273
vt 0.490908145904541 1.0369552373886108
vt 0.4767250716686249 1.0369552373886108
vt 0.4767250716686249 1.0369552373886108
vt 0.490908145904541 1.0369552373886108
vt 0.48348599672317505 1.0282843112945557
vt 0.490908145904541 1.0369552373886108
vt 0.5001556277275085 1.0282843112945557
vt 0.48348599672317505 1.0282843112945557
vt 0.48348599672317505 1.0282843112945557
vt 0.5001556277275085 1.0282843112945557
vt 0.48800352215766907 1.0153073072433472
vt 0.5001556277275085 1.0282843112945557
vt 0.5063346028327942 1.0153073072433472
vt 0.48800352215766907 1.0153073072433472
vt 0.48800352215766907 1.0153073072433472
vt 0.5063346028327942 1.0153073072433472
vt 0.4895898401737213 1
vt 0.5063346028327942 1.0153073072433472
vt 0.5085043907165527 1
vt 0.4895898401737213 1
vt 0.4895898401737213 1
vt 0.5085043907165527 1
vt 0.4895898401737213 0.10000000149011612
vt 0.5085043907165527 1
vt 0.5085043907165527 0.10000000149011612
vt 0.4895898401737213 0.10000000149011612
vt 0.4895898401737213 0.10000000149011612
vt 0.5085043907165527 0.10000000149011612
vt 0.48800352215766907 0.08469266444444656
vt 0.5085043907165527 0.10000000149011612
vt 0.5063346028327942 0.08469266444444656
vt 0.48800352215766907 0.08469266444444656
vt 0.48800352215766907 0.08469266444444656
vt 0.5063346028327942 0.08469266444444656
vt 0.48348599672317505 0.07171572744846344
vt 0.5063346028327942 0.08469266444444656
vt 0.5001556277275085 0.07171572744846344
vt 0.48348599672317505 0.07171572744846344
vt 0.48348599672317505 0.07171572744846344
vt 0.5001556277275085 0.07171572744846344
vt 0.4767250716686249 0.06304481625556946
vt 0.5001556277275085 0.07171572744846344
vt 0.490908145904541 0.06304481625556946
vt 0.4767250716686249 0.06304481625556946
vt 0.4767250716686249 0.06304481625556946
vt 0.490908145904541 0.06304481625556946
vt 0.46875 0.05999999865889549
vt 0.490908145904541 0.06304481625556946
vt 0.47999998927116394 0.05999999865889549
vt 0.46875 0.05999999865889549
vt -0.47999998927116394 1.0399999618530273
vt -0.46875 1.0399999618530273
vt -0.490908145904541 1.0369552373886108
vt -0.46875 1.0399999618530273
vt -0.4767250716686249 1.0369552373886108
vt -0.490908145904541 1.0369552373886108
vt -0.490908145904541 1.0369552373886108
vt -0.4767250716686249 1.0369552373886108
vt -0.5001556277275085 1.0282843112945557
vt -0.4767250716686249 1.0369552373886108
vt -0.48348599672317505 1.0282843112945557
vt -0.5001556277275085 1.0282843112945557
vt -0.5001556277275085 1.0282843112945557
vt -0.48348599672317505 1.0282843112945557
vt -0.5063346028327942 1.0153073072433472
vt -0.48348599672317505 1.0282843112945557
vt -0.48800352215766907 1.0153073072433472
vt -0.5063346028327942 1.0153073072433472
vt -0.5063346028327942 1.0153073072433472
vt -0.48800352215766907 1.0153073072433472
vt -0.5085043907165527 1
vt -0.48800352215766907 1.0153073072433472
vt -0.4895898401737213 1
vt -0.5085043907165527 1
vt -0.5085043907165527 1
vt -0.4895898401737213 1
vt -0.5085043907165527 0.10000000149011612
vt -0.4895898401737213 1
vt -0.4895898401737213 0.10000000149011612
vt -0.5085043907165527 0.10000000149011612
vt -0.5085043907165527 0.10000000149011612
vt -0.4895898401737213 0.10000000149011612
vt -0.5063346028327942 0.08469266444444656
vt -0.4895898401737213 0.10000000149011612
vt -0.48800352215766907 0.08469266444444656
vt -0.5063346028327942 0.08469266444444656
vt -0.5063346028327942 0.08469266444444656
vt -0.48800352215766907 0.08469266444444656
vt -0.5001556277275085 0.07171572744846344
vt -0.48800352215766907 0.08469266444444656
vt -0.48348599672317505 0.07171572744846344
vt -0.5001556277275085 0.07171572744846344
vt -0.5001556277275085 0.07171572744846344
vt -0.48348599672317505 0.07171572744846344
vt -0.490908145904541 0.06304481625556946
vt -0.48348599672317505 0.07171572744846344
vt -0.4767250716686249 0.06304481625556946
vt -0.490908145904541 0.06304481625556946
vt -0.490908145904541 0.06304481625556946
vt -0.4767250716686249 0.06304481625556946
vt -0.47999998927116394 0.05999999865889549
vt -0.4767250716686249 0.06304481625556946
vt -0.46875 0.05999999865889549
vt -0.47999998927116394 0.05999999865889549
vt -0.46875 1.0399999618530273
vt -0.45500001311302185 1.0399999618530273
vt -0.4767250716686249 1.0369552373886108
vt -0.45500001311302185 1.0399999618530273
vt -0.4599372446537018 1.0369552373886108
vt -0.4767250716686249 1.0369552373886108
vt -0.4767250716686249 1.0369552373886108
vt -0.4599372446537018 1.0369552373886108
vt -0.48348599672317505 1.0282843112945557
vt -0.4599372446537018 1.0369552373886108
vt -0.46412283182144165 1.0282843112945557
vt -0.48348599672317505 1.0282843112945557
vt -0.48348599672317505 1.0282843112945557
vt -0.46412283182144165 1.0282843112945557
vt -0.48800352215766907 1.0153073072433472
vt -0.46412283182144165 1.0282843112945557
vt -0.46691954135894775 1.0153073072433472
vt -0.48800352215766907 1.0153073072433472
vt -0.48800352215766907 1.0153073072433472
vt -0.46691954135894775 1.0153073072433472
vt -0.4895898401737213 1
vt -0.46691954135894775 1.0153073072433472
vt -0.4679016172885895 1
vt -0.4895898401737213 1
vt -0.4895898401737213 1
vt -0.4679016172885895 1
vt -0.4895898401737213 0.10000000149011612
vt -0.4679016172885895 1
vt -0.4679016172885895 0.10000000149011612
vt -0.4895898401737213 0.10000000149011612
vt -0.4895898401737213 0.10000000149011612
vt -0.4679016172885895 0.10000000149011612
vt -0.48800352215766907 0.08469266444444656
vt -0.4679016172885895 0.10000000149011612
vt -0.46691954135894775 0.08469266444444656
vt -0.48800352215766907 0.08469266444444656
vt -0.48800352215766907 0.08469266444444656
vt -0.46691954135894775 0.08469266444444656
vt -0.48348599672317505 0.07171572744846344
vt -0.46691954135894775 0.08469266444444656
vt -0.46412283182144165 0.07171572744846344
vt -0.48348599672317505 0.07171572744846344
vt -0.48348599672317505 0.07171572744846344
vt -0.46412283182144165 0.07171572744846344
vt -0.4767250716686249 0.06304481625556946
vt -0.46412283182144165 0.07171572744846344
vt -0.4599372446537018 0.06304481625556946
vt -0.4767250716686249 0.06304481625556946
vt -0.4767250716686249 0.06304481625556946
vt -0.4599372446537018 0.06304481625556946
vt -0.46875 0.05999999865889549
vt -0.4599372446537018 0.06304481625556946
vt -0.45500001311302185 0.05999999865889549
vt -0.46875 0.05999999865889549
vt -0.45500001311302185 1.0399999618530273
vt -0.4387499988079071 1.0399999618530273
vt -0.4599372446537018 1.0369552373886108
vt -0.4387499988079071 1.0399999618530273
vt -0.4409945011138916 1.0369552373886108
vt -0.4599372446537018 1.0369552373886108
vt -0.4599372446537018 1.0369552373886108
vt -0.4409945011138916 1.0369552373886108
vt -0.46412283182144165 1.0282843112945557
vt -0.4409945011138916 1.0369552373886108
vt -0.4428972899913788 1.0282843112945557
vt -0.46412283182144165 1.0282843112945557
vt -0.46412283182144165 1.0282843112945557
vt -0.4428972899913788 1.0282843112945557
vt -0.46691954135894775 1.0153073072433472
vt -0.4428972899913788 1.0282843112945557
vt -0.44416868686676025 1.0153073072433472
vt -0.46691954135894775 1.0153073072433472
vt -0.46691954135894775 1.0153073072433472
vt -0.44416868686676025 1.0153073072433472
vt -0.4679016172885895 1
vt -0.44416868686676025 1.0153073072433472
vt -0.44461512565612793 1
vt -0.4679016172885895 1
vt -0.4679016172885895 1
vt -0.44461512565612793 1
vt -0.4679016172885895 0.10000000149011612
vt -0.44461512565612793 1
vt -0.44461512565612793 0.10000000149011612
vt -0.4679016172885895 0.10000000149011612
vt -0.4679016172885895 0.10000000149011612
vt -0.44461512565612793 0.10000000149011612
vt -0.46691954135894775 0.08469266444444656
vt -0.44461512565612793 0.10000000149011612
vt -0.44416868686676025 0.08469266444444656
vt -0.46691954135894775 0.08469266444444656
vt -0.46691954135894775 0.08469266444444656
vt -0.44416868686676025 0.08469266444444656
vt -0.46412283182144165 0.07171572744846344
vt -0.44416868686676025 0.08469266444444656
vt -0.4428972899913788 0.07171572744846344
vt -0.46412283182144165 0.07171572744846344
vt -0.46412283182144165 0.07171572744846344
vt -0.4428972899913788 0.07171572744846344
vt -0.4599372446537018 0.06304481625556946
vt -0.4428972899913788 0.07171572744846344
vt -0.4409945011138916 0.06304481625556946
vt -0.4599372446537018 0.06304481625556946
vt -0.4599372446537018 0.06304481625556946
vt -0.4409945011138916 0.06304481625556946
vt -0.45500001311302185 0.05999999865889549
vt -0.4409945011138916 0.06304481625556946
vt -0.4387499988079071 0.05999999865889549
vt -0.45500001311302185 0.05999999865889549
vt -0.4387499988079071 1.0399999618530273
vt -0.41999998688697815 1.0399999618530273
vt -0.4409945011138916 1.0369552373886108
vt -0.41999998688697815 1.0399999618530273
vt -0.4205096662044525 1.0369552373886108
vt -0.4409945011138916 1.0369552373886108
vt -0.4409945011138916 1.0369552373886108
vt -0.4205096662044525 1.0369552373886108
vt -0.4428972899913788 1.0282843112945557
vt -0.4205096662044525 1.0369552373886108
vt -0.4209417700767517 1.0282843112945557
vt -0.4428972899913788 1.0282843112945557
vt -0.4428972899913788 1.0282843112945557
vt -0.4209417700767517 1.0282843112945557
vt -0.44416868686676025 1.0153073072433472
vt -0.4209417700767517 1.0282843112945557
vt -0.4212304651737213 1.0153073072433472
vt -0.44416868686676025 1.0153073072433472
vt -0.44416868686676025 1.0153073072433472
vt -0.4212304651737213 1.0153073072433472
vt -0.44461512565612793 1
vt -0.4212304651737213 1.0153073072433472
vt -0.42133185267448425 1
vt -0.44461512565612793 1
vt -0.44461512565612793 1
vt -0.42133185267448425 1
vt -0.44461512565612793 0.10000000149011612
vt -0.42133185267448425 1
vt -0.42133185267448425 0.10000000149011612
vt -0.44461512565612793 0.10000000149011612
vt -0.44461512565612793 0.10000000149011612
vt -0.42133185267448425 0.10000000149011612
vt -0.44416868686676025 0.08469266444444656
vt -0.42133185267448425 0.10000000149011612
vt -0.4212304651737213 0.08469266444444656
vt -0.44416868686676025 0.08469266444444656
vt -0.44416868686676025 0.08469266444444656
vt -0.4212304651737213 0.08469266444444656
vt -0.4428972899913788 0.07171572744846344
vt -0.4212304651737213 0.08469266444444656
vt -0.4209417700767517 0.07171572744846344
vt -0.4428972899913788 0.07171572744846344
vt -0.4428972899913788 0.07171572744846344
vt -0.4209417700767517 0.07171572744846344
vt -0.4409945011138916 0.06304481625556946
vt -0.4209417700767517 0.07171572744846344
vt -0.4205096662044525 0.06304481625556946
vt -0.4409945011138916 0.06304481625556946
vt -0.4409945011138916 0.06304481625556946
vt -0.4205096662044525 0.06304481625556946
vt -0.4387499988079071 0.05999999865889549
vt -0.4205096662044525 0.06304481625556946
vt -0.41999998688697815 0.05999999865889549
vt -0.4387499988079071 0.05999999865889549
vt -0.41999998688697815 1.0399999618530273
vt 0.41999998688697815 1.0399999618530273
vt -0.4205096662044525 1.0369552373886108
vt 0.41999998688697815 1.0399999618530273
vt 0.4205096662044525 1.0369552373886108
vt -0.4205096662044525 1.0369552373886108
vt -0.4205096662044525 1.0369552373886108
vt 0.4205096662044525 1.0369552373886108
vt -0.4209417700767517 1.0282843112945557
vt 0.4205096662044525 1.0369552373886108
vt 0.4209417700767517 1.0282843112945557
vt -0.4209417700767517 1.0282843112945557
vt -0.4209417700767517 1.0282843112945557
vt 0.4209417700767517 1.0282843112945557
vt -0.4212304651737213 1.0153073072433472
vt 0.4209417700767517 1.0282843112945557
vt 0.4212304651737213 1.0153073072433472
vt -0.4212304651737213 1.0153073072433472
vt -0.4212304651737213 1.0153073072433472
vt 0.4212304651737213 1.0153073072433472
vt -0.42133185267448425 1
vt 0.4212304651737213 1.0153073072433472
vt 0.42133185267448425 1
vt -0.42133185267448425 1
vt -0.42133185267448425 1
vt 0.42133185267448425 1
vt -0.42133185267448425 0.10000000149011612
vt 0.42133185267448425 1
vt 0.42133185267448425 0.10000000149011612
vt -0.42133185267448425 0.10000000149011612
vt -0.42133185267448425 0.10000000149011612
vt 0.42133185267448425 0.10000000149011612
vt -0.4212304651737213 0.08469266444444656
vt 0.42133185267448425 0.10000000149011612
vt 0.4212304651737213 0.08469266444444656
vt -0.4212304651737213 0.08469266444444656
vt -0.4212304651737213 0.08469266444444656
vt 0.4212304651737213 0.08469266444444656
vt -0.4209417700767517 0.07171572744846344
vt 0.4212304651737213 0.08469266444444656
vt 0.4209417700767517 0.07171572744846344
vt -0.4209417700767517 0.07171572744846344
vt -0.4209417700767517 0.07171572744846344
vt 0.4209417700767517 0.07171572744846344
vt -0.4205096662044525 0.06304481625556946
vt 0.4209417700767517 0.07171572744846344
vt 0.4205096662044525 0.06304481625556946
vt -0.4205096662044525 0.06304481625556946
vt -0.4205096662044525 0.06304481625556946
vt 0.4205096662044525 0.06304481625556946
vt -0.41999998688697815 0.05999999865889549
vt 0.4205096662044525 0.06304481625556946
vt 0.41999998688697815 0.05999999865889549
vt -0.41999998688697815 0.05999999865889549
vt 0.41999998688697815 1.0399999618530273
vt 0.4387499988079071 1.0399999618530273
vt 0.4205096662044525 1.0369552373886108
vt 0.4387499988079071 1.0399999618530273
vt 0.4409945011138916 1.0369552373886108
vt 0.4205096662044525 1.0369552373886108
vt 0.4205096662044525 1.0369552373886108
vt 0.4409945011138916 1.0369552373886108
vt 0.4209417700767517 1.0282843112945557
vt 0.4409945011138916 1.0369552373886108
vt 0.4428972899913788 1.0282843112945557
vt 0.4209417700767517 1.0282843112945557
vt 0.4209417700767517 1.0282843112945557
vt 0.4428972899913788 1.0282843112945557
vt 0.4212304651737213 1.0153073072433472
vt 0.4428972899913788 1.0282843112945557
vt 0.44416868686676025 1.0153073072433472
vt 0.4212304651737213 1.0153073072433472
vt 0.4212304651737213 1.0153073072433472
vt 0.44416868686676025 1.0153073072433472
vt 0.42133185267448425 1
vt 0.44416868686676025 1.0153073072433472
vt 0.44461512565612793 1
vt 0.42133185267448425 1
vt 0.42133185267448425 1
vt 0.44461512565612793 1
vt 0.42133185267448425 0.10000000149011612
vt 0.44461512565612793 1
vt 0.44461512565612793 0.10000000149011612
vt 0.42133185267448425 0.10000000149011612
vt 0.42133185267448425 0.10000000149011612
vt 0.44461512565612793 0.10000000149011612
vt 0.4212304651737213 0.08469266444444656
vt 0.44461512565612793 0.10000000149011612
vt 0.44416868686676025 0.08469266444444656
vt 0.4212304651737213 0.08469266444444656
vt 0.4212304651737213 0.08469266444444656
vt 0.44416868686676025 0.08469266444444656
vt 0.4209417700767517 0.07171572744846344
vt 0.44416868686676025 0.08469266444444656
vt 0.4428972899913788 0.07171572744846344
vt 0.4209417700767517 0.07171572744846344
vt 0.4209417700767517 0.07171572744846344
vt 0.4428972899913788 0.07171572744846344
vt 0.4205096662044525 0.06304481625556946
vt 0.4428972899913788 0.07171572744846344
vt 0.4409945011138916 0.06304481625556946
vt 0.4205096662044525 0.06304481625556946
vt 0.4205096662044525 0.06304481625556946
vt 0.4409945011138916 0.06304481625556946
vt 0.41999998688697815 0.05999999865889549
vt 0.4409945011138916 0.06304481625556946
vt 0.4387499988079071 0.05999999865889549
vt 0.41999998688697815 0.05999999865889549
vt 0.4387499988079071 1.0399999618530273
vt 0.45500001311302185 1.0399999618530273
vt 0.4409945011138916 1.0369552373886108
vt 0.45500001311302185 1.0399999618530273
vt 0.4599372446537018 1.0369552373886108
vt 0.4409945011138916 1.0369552373886108
vt 0.4409945011138916 1.0369552373886108
vt 0.4599372446537018 1.0369552373886108
vt 0.4428972899913788 1.0282843112945557
vt 0.4599372446537018 1.0369552373886108
vt 0.46412283182144165 1.0282843112945557
vt 0.4428972899913788 1.0282843112945557
vt 0.4428972899913788 1.0282843112945557
vt 0.46412283182144165 1.0282843112945557
vt 0.44416868686676025 1.0153073072433472
vt 0.46412283182144165 1.0282843112945557
vt 0.46691954135894775 1.0153073072433472
vt 0.44416868686676025 1.0153073072433472
vt 0.44416868686676025 1.0153073072433472
vt 0.46691954135894775 1.0153073072433472
vt 0.44461512565612793 1
vt 0.46691954135894775 1.0153073072433472
vt 0.4679016172885895 1
vt 0.44461512565612793 1
vt 0.44461512565612793 1
vt 0.4679016172885895 1
vt 0.44461512565612793 0.10000000149011612
vt 0.4679016172885895 1
vt 0.4679016172885895 0.10000000149011612
vt 0.44461512565612793 0.10000000149011612
vt 0.44461512565612793 0.10000000149011612
vt 0.4679016172885895 0.10000000149011612
vt 0.44416868686676025 0.08469266444444656
vt 0.4679016172885895 0.10000000149011612
vt 0.46691954135894775 0.08469266444444656
vt 0.44416868686676025 0.08469266444444656
vt 0.44416868686676025 0.08469266444444656
vt 0.46691954135894775 0.08469266444444656
vt 0.4428972899913788 0.07171572744846344
vt 0.46691954135894775 0.08469266444444656
vt 0.46412283182144165 0.07171572744846344
vt 0.4428972899913788 0.07171572744846344
vt 0.4428972899913788 0.07171572744846344
vt 0.46412283182144165 0.07171572744846344
vt 0.4409945011138916 0.06304481625556946
vt 0.46412283182144165 0.07171572744846344
vt 0.4599372446537018 0.06304481625556946
vt 0.4409945011138916 0.06304481625556946
vt 0.4409945011138916 0.06304481625556946
vt 0.4599372446537018 0.06304481625556946
vt 0.4387499988079071 0.05999999865889549
vt 0.4599372446537018 0.06304481625556946
vt 0.45500001311302185 0.05999999865889549
vt 0.4387499988079071 0.05999999865889549
vt 0.45500001311302185 1.0399999618530273
vt 0.46875 1.0399999618530273
vt 0.4599372446537018 1.0369552373886108
vt 0.46875 1.0399999618530273
vt 0.4767250716686249 1.0369552373886108
vt 0.4599372446537018 1.0369552373886108
vt 0.4599372446537018 1.0369552373886108
vt 0.4767250716686249 1.0369552373886108
vt 0.46412283182144165 1.0282843112945557
vt 0.4767250716686249 1.0369552373886108
vt 0.48348599672317505 1.0282843112945557
vt 0.46412283182144165 1.0282843112945557
vt 0.46412283182144165 1.0282843112945557
vt 0.48348599672317505 1.0282843112945557
vt 0.46691954135894775 1.0153073072433472
vt 0.48348599672317505 1.0282843112945557
vt 0.48800352215766907 1.0153073072433472
vt 0.46691954135894775 1.0153073072433472
vt 0.46691954135894775 1.0153073072433472
vt 0.48800352215766907 1.0153073072433472
vt 0.4679016172885895 1
vt 0.48800352215766907 1.0153073072433472
vt 0.4895898401737213 1
vt 0.4679016172885895 1
vt 0.4679016172885895 1
vt 0.4895898401737213 1
vt 0.4679016172885895 0.10000000149011612
vt 0.4895898401737213 1
vt 0.4895898401737213 0.10000000149011612
vt 0.4679016172885895 0.10000000149011612
vt 0.4679016172885895 0.10000000149011612
vt 0.4895898401737213 0.10000000149011612
vt 0.46691954135894775 0.08469266444444656
vt 0.4895898401737213 0.10000000149011612
vt 0.48800352215766907 0.08469266444444656
vt 0.46691954135894775 0.08469266444444656
vt 0.46691954135894775 0.08469266444444656
vt 0.48800352215766907 0.08469266444444656
vt 0.46412283182144165 0.07171572744846344
vt 0.48800352215766907 0.08469266444444656
vt 0.48348599672317505 0.07171572744846344
vt 0.46412283182144165 0.07171572744846344
vt 0.46412283182144165 0.07171572744846344
vt 0.48348599672317505 0.07171572744846344
vt 0.4599372446537018 0.06304481625556946
vt 0.48348599672317505 0.07171572744846344
vt 0.4767250716686249 0.06304481625556946
vt 0.4599372446537018 0.06304481625556946
vt 0.4599372446537018 0.06304481625556946
vt 0.4767250716686249 0.06304481625556946
vt 0.45500001311302185 0.05999999865889549
vt 0.4767250716686249 0.06304481625556946
vt 0.46875 0.05999999865889549
vt 0.45500001311302185 0.05999999865889549
vt 0.46875 1.0399999618530273
vt 0.47999998927116394 1.0399999618530273
vt 0.4767250716686249 1.0369552373886108
vt 0.47999998927116394 1.0399999618530273
vt 0.490908145904541 1.0369552373886108
vt 0.4767250716686249 1.0369552373886108
vt 0.4767250716686249 1.0369552373886108
vt 0.490908145904541 1.0369552373886108
vt 0.48348599672317505 1.0282843112945557
vt 0.490908145904541 1.0369552373886108
vt 0.5001556277275085 1.0282843112945557
vt 0.48348599672317505 1.0282843112945557
vt 0.48348599672317505 1.0282843112945557
vt 0.5001556277275085 1.0282843112945557
vt 0.48800352215766907 1.0153073072433472
vt 0.5001556277275085 1.0282843112945557
vt 0.5063346028327942 1.0153073072433472
vt 0.48800352215766907 1.0153073072433472
vt 0.48800352215766907 1.0153073072433472
vt 0.5063346028327942 1.0153073072433472
vt 0.4895898401737213 1
vt 0.5063346028327942 1.0153073072433472
vt 0.5085043907165527 1
vt 0.4895898401737213 1
vt 0.4895898401737213 1
vt 0.5085043907165527 1
vt 0.4895898401737213 0.10000000149011612
vt 0.5085043907165527 1
vt 0.5085043907165527 0.10000000149011612
vt 0.4895898401737213 0.10000000149011612
vt 0.4895898401737213 0.10000000149011612
vt 0.5085043907165527 0.10000000149011612
vt 0.48800352215766907 0.08469266444444656
vt 0.5085043907165527 0.10000000149011612
vt 0.5063346028327942 0.08469266444444656
vt 0.48800352215766907 0.08469266444444656
vt 0.48800352215766907 0.08469266444444656
vt 0.5063346028327942 0.08469266444444656
vt 0.48348599672317505 0.07171572744846344
vt 0.5063346028327942 0.08469266444444656
vt 0.5001556277275085 0.07171572744846344
vt 0.48348599672317505 0.07171572744846344
vt 0.48348599672317505 0.07171572744846344
vt 0.5001556277275085 0.07171572744846344
vt 0.4767250716686249 0.06304481625556946
vt 0.5001556277275085 0.07171572744846344
vt 0.490908145904541 0.06304481625556946
vt 0.4767250716686249 0.06304481625556946
vt 0.4767250716686249 0.06304481625556946
vt 0.490908145904541 0.06304481625556946
vt 0.46875 0.05999999865889549
vt 0.490908145904541 0.06304481625556946
vt 0.47999998927116394 0.05999999865889549
vt 0.46875 0.05999999865889549
vt 0.47999998927116394 1.0399999618530273
vt 0.46875 1.0399999618530273
vt 0.490908145904541 1.0369552373886108
vt 0.46875 1.0399999618530273
vt 0.4767250716686249 1.0369552373886108
vt 0.490908145904541 1.0369552373886108
vt 0.490908145904541 1.0369552373886108
vt 0.4767250716686249 1.0369552373886108
vt 0.5001556277275085 1.0282843112945557
vt 0.4767250716686249 1.0369552373886108
vt 0.48348599672317505 1.0282843112945557
vt 0.5001556277275085 1.0282843112945557
vt 0.5001556277275085 1.0282843112945557
vt 0.48348599672317505 1.0282843112945557
vt 0.5063346028327942 1.0153073072433472
vt 0.48348599672317505 1.0282843112945557
vt 0.48800352215766907 1.0153073072433472
vt 0.5063346028327942 1.0153073072433472
vt 0.5063346028327942 1.0153073072433472
vt 0.48800352215766907 1.0153073072433472
vt 0.5085043907165527 1
vt 0.48800352215766907 1.0153073072433472
vt 0.4895898401737213 1
vt 0.5085043907165527 1
vt 0.5085043907165527 1
vt 0.4895898401737213 1
vt 0.5085043907165527 0.10000000149011612
vt 0.4895898401737213 1
vt 0.4895898401737213 0.10000000149011612
vt 0.5085043907165527 0.10000000149011612
vt 0.5085043907165527 0.10000000149011612
vt 0.4895898401737213 0.10000000149011612
vt 0.5063346028327942 0.08469266444444656
vt 0.4895898401737213 0.10000000149011612
vt 0.48800352215766907 0.08469266444444656
vt 0.5063346028327942 0.08469266444444656
vt 0.5063346028327942 0.08469266444444656
vt 0.48800352215766907 0.08469266444444656
vt 0.5001556277275085 0.07171572744846344
vt 0.48800352215766907 0.08469266444444656
vt 0.48348599672317505 0.07171572744846344
vt 0.5001556277275085 0.07171572744846344
vt 0.5001556277275085 0.07171572744846344
vt 0.48348599672317505 0.07171572744846344
vt 0.490908145904541 0.06304481625556946
vt 0.48348599672317505 0.07171572744846344
vt 0.4767250716686249 0.06304481625556946
vt 0.490908145904541 0.06304481625556946
vt 0.490908145904541 0.06304481625556946
vt 0.4767250716686249 0.06304481625556946
vt 0.47999998927116394 0.05999999865889549
vt 0.4767250716686249 0.06304481625556946
vt 0.46875 0.05999999865889549
vt 0.47999998927116394 0.05999999865889549
vt 0.46875 1.0399999618530273
vt 0.45500001311302185 1.0399999618530273
vt 0.4767250716686249 1.0369552373886108
vt 0.45500001311302185 1.0399999618530273
vt 0.4599372446537018 1.0369552373886108
vt 0.4767250716686249 1.0369552373886108
vt 0.4767250716686249 1.0369552373886108
vt 0.4599372446537018 1.0369552373886108
vt 0.48348599672317505 1.0282843112945557
vt 0.4599372446537018 1.0369552373886108
vt 0.46412283182144165 1.0282843112945557
vt 0.48348599672317505 1.0282843112945557
vt 0.48348599672317505 1.0282843112945557
vt 0.46412283182144165 1.0282843112945557
vt 0.48800352215766907 1.0153073072433472
vt 0.46412283182144165 1.0282843112945557
vt 0.46691954135894775 1.0153073072433472
vt 0.48800352215766907 1.0153073072433472
vt 0.48800352215766907 1.0153073072433472
vt 0.46691954135894775 1.0153073072433472
vt 0.4895898401737213 1
vt 0.46691954135894775 1.0153073072433472
vt 0.4679016172885895 1
vt 0.4895898401737213 1
vt 0.4895898401737213 1
vt 0.4679016172885895 1
vt 0.4895898401737213 0.10000000149011612
vt 0.4679016172885895 1
vt 0.4679016172885895 0.10000000149011612
vt 0.4895898401737213 0.10000000149011612
vt 0.4895898401737213 0.10000000149011612
vt 0.4679016172885895 0.10000000149011612
vt 0.48800352215766907 0.08469266444444656
vt 0.4679016172885895 0.10000000149011612
vt 0.46691954135894775 0.08469266444444656
vt 0.48800352215766907 0.08469266444444656
vt 0.48800352215766907 0.08469266444444656
vt 0.46691954135894775 0.08469266444444656
vt 0.48348599672317505 0.07171572744846344
vt 0.46691954135894775 0.08469266444444656
vt 0.46412283182144165 0.07171572744846344
vt 0.48348599672317505 0.07171572744846344
vt 0.48348599672317505 0.07171572744846344
vt 0.46412283182144165 0.07171572744846344
vt 0.4767250716686249 0.06304481625556946
vt 0.46412283182144165 0.07171572744846344
vt 0.4599372446537018 0.06304481625556946
vt 0.4767250716686249 0.06304481625556946
vt 0.4767250716686249 0.06304481625556946
vt 0.4599372446537018 0.06304481625556946
vt 0.46875 0.05999999865889549
vt 0.4599372446537018 0.06304481625556946
vt 0.45500001311302185 0.05999999865889549
vt 0.46875 0.05999999865889549
vt 0.45500001311302185 1.0399999618530273
vt 0.4387499988079071 1.0399999618530273
vt 0.4599372446537018 1.0369552373886108
vt 0.4387499988079071 1.0399999618530273
vt 0.4409945011138916 1.0369552373886108
vt 0.4599372446537018 1.0369552373886108
vt 0.4599372446537018 1.0369552373886108
vt 0.4409945011138916 1.0369552373886108
vt 0.46412283182144165 1.0282843112945557
vt 0.4409945011138916 1.0369552373886108
vt 0.4428972899913788 1.0282843112945557
vt 0.46412283182144165 1.0282843112945557
vt 0.46412283182144165 1.0282843112945557
vt 0.4428972899913788 1.0282843112945557
vt 0.46691954135894775 1.0153073072433472
vt 0.4428972899913788 1.0282843112945557
vt 0.44416868686676025 1.0153073072433472
vt 0.46691954135894775 1.0153073072433472
vt 0.46691954135894775 1.0153073072433472
vt 0.44416868686676025 1.0153073072433472
vt 0.4679016172885895 1
vt 0.44416868686676025 1.0153073072433472
vt 0.44461512565612793 1
vt 0.4679016172885895 1
vt 0.4679016172885895 1
vt 0.44461512565612793 1
vt 0.4679016172885895 0.10000000149011612
vt 0.44461512565612793 1
vt 0.44461512565612793 0.10000000149011612
vt 0.4679016172885895 0.10000000149011612
vt 0.4679016172885895 0.10000000149011612
vt 0.44461512565612793 0.10000000149011612
vt 0.46691954135894775 0.08469266444444656
vt 0.44461512565612793 0.10000000149011612
vt 0.44416868686676025 0.08469266444444656
vt 0.46691954135894775 0.08469266444444656
vt 0.46691954135894775 0.08469266444444656
vt 0.44416868686676025 0.08469266444444656
vt 0.46412283182144165 0.07171572744846344
vt 0.44416868686676025 0.08469266444444656
vt 0.4428972899913788 0.07171572744846344
vt 0.46412283182144165 0.07171572744846344
vt 0.46412283182144165 0.07171572744846344
vt 0.4428972899913788 0.07171572744846344
vt 0.4599372446537018 0.06304481625556946
vt 0.4428972899913788 0.07171572744846344
vt 0.4409945011138916 0.06304481625556946
vt 0.4599372446537018 0.06304481625556946
vt 0.4599372446537018 0.06304481625556946
vt 0.4409945011138916 0.06304481625556946
vt 0.45500001311302185 0.05999999865889549
vt 0.4409945011138916 0.06304481625556946
vt 0.4387499988079071 0.05999999865889549
vt 0.45500001311302185 0.05999999865889549
vt 0.4387499988079071 1.0399999618530273
vt 0.41999998688697815 1.0399999618530273
vt 0.4409945011138916 1.0369552373886108
vt 0.41999998688697815 1.0399999618530273
vt 0.4205096662044525 1.0369552373886108
vt 0.4409945011138916 1.0369552373886108
vt 0.4409945011138916 1.0369552373886108
vt 0.4205096662044525 1.0369552373886108
vt 0.4428972899913788 1.0282843112945557
vt 0.4205096662044525 1.0369552373886108
vt 0.4209417700767517 1.0282843112945557
vt 0.4428972899913788 1.0282843112945557
vt 0.4428972899913788 1.0282843112945557
vt 0.4209417700767517 1.0282843112945557
vt 0.44416868686676025 1.0153073072433472
vt 0.4209417700767517 1.0282843112945557
vt 0.4212304651737213 1.0153073072433472
vt 0.44416868686676025 1.0153073072433472
vt 0.44416868686676025 1.0153073072433472
vt 0.4212304651737213 1.0153073072433472
vt 0.44461512565612793 1
vt 0.4212304651737213 1.0153073072433472
vt 0.42133185267448425 1
vt 0.44461512565612793 1
vt 0.44461512565612793 1
vt 0.42133185267448425 1
vt 0.44461512565612793 0.10000000149011612
vt 0.42133185267448425 1
vt 0.42133185267448425 0.10000000149011612
vt 0.44461512565612793 0.10000000149011612
vt 0.44461512565612793 0.10000000149011612
vt 0.42133185267448425 0.10000000149011612
vt 0.44416868686676025 0.08469266444444656
vt 0.42133185267448425 0.10000000149011612
vt 0.4212304651737213 0.08469266444444656
vt 0.44416868686676025 0.08469266444444656
vt 0.44416868686676025 0.08469266444444656
vt 0.4212304651737213 0.08469266444444656
vt 0.4428972899913788 0.07171572744846344
vt 0.4212304651737213 0.08469266444444656
vt 0.4209417700767517 0.07171572744846344
vt 0.4428972899913788 0.07171572744846344
vt 0.4428972899913788 0.07171572744846344
vt 0.4209417700767517 0.07171572744846344
vt 0.4409945011138916 0.06304481625556946
vt 0.4209417700767517 0.07171572744846344
vt 0.4205096662044525 0.06304481625556946
vt 0.4409945011138916 0.06304481625556946
vt 0.4409945011138916 0.06304481625556946
vt 0.4205096662044525 0.06304481625556946
vt 0.4387499988079071 0.05999999865889549
vt 0.4205096662044525 0.06304481625556946
vt 0.41999998688697815 0.05999999865889549
vt 0.4387499988079071 0.05999999865889549
vt 0.41999998688697815 1.0399999618530273
vt -0.41999998688697815 1.0399999618530273
vt 0.4205096662044525 1.0369552373886108
vt -0.41999998688697815 1.0399999618530273
vt -0.4205096662044525 1.0369552373886108
vt 0.4205096662044525 1.0369552373886108
vt 0.4205096662044525 1.0369552373886108
vt -0.4205096662044525 1.0369552373886108
vt 0.4209417700767517 1.0282843112945557
vt -0.4205096662044525 1.0369552373886108
vt -0.4209417700767517 1.0282843112945557
vt 0.4209417700767517 1.0282843112945557
vt 0.4209417700767517 1.0282843112945557
vt -0.4209417700767517 1.0282843112945557
vt 0.4212304651737213 1.0153073072433472
vt -0.4209417700767517 1.0282843112945557
vt -0.4212304651737213 1.0153073072433472
vt 0.4212304651737213 1.0153073072433472
vt 0.4212304651737213 1.0153073072433472
vt -0.4212304651737213 1.0153073072433472
vt 0.42133185267448425 1
vt -0.4212304651737213 1.0153073072433472
vt -0.42133185267448425 1
vt 0.42133185267448425 1
vt 0.42133185267448425 1
vt -0.42133185267448425 1
vt 0.42133185267448425 0.10000000149011612
vt -0.42133185267448425 1
vt -0.42133185267448425 0.10000000149011612
vt 0.42133185267448425 0.10000000149011612
vt 0.42133185267448425 0.10000000149011612
vt -0.42133185267448425 0.10000000149011612
vt 0.4212304651737213 0.08469266444444656
vt -0.42133185267448425 0.10000000149011612
vt -0.4212304651737213 0.08469266444444656
vt 0.4212304651737213 0.08469266444444656
vt 0.4212304651737213 0.08469266444444656
vt -0.4212304651737213 0.08469266444444656
vt 0.4209417700767517 0.07171572744846344
vt -0.4212304651737213 0.08469266444444656
vt -0.4209417700767517 0.07171572744846344
vt 0.4209417700767517 0.07171572744846344
vt 0.4209417700767517 0.07171572744846344
vt -0.4209417700767517 0.07171572744846344
vt 0.4205096662044525 0.06304481625556946
vt -0.4209417700767517 0.07171572744846344
vt -0.4205096662044525 0.06304481625556946
vt 0.4205096662044525 0.06304481625556946
vt 0.4205096662044525 0.06304481625556946
vt -0.4205096662044525 0.06304481625556946
vt 0.41999998688697815 0.05999999865889549
vt -0.4205096662044525 0.06304481625556946
vt -0.41999998688697815 0.05999999865889549
vt 0.41999998688697815 0.05999999865889549
vt -0.41999998688697815 1.0399999618530273
vt -0.4387499988079071 1.0399999618530273
vt -0.4205096662044525 1.0369552373886108
vt -0.4387499988079071 1.0399999618530273
vt -0.4409945011138916 1.0369552373886108
vt -0.4205096662044525 1.0369552373886108
vt -0.4205096662044525 1.0369552373886108
vt -0.4409945011138916 1.0369552373886108
vt -0.4209417700767517 1.0282843112945557
vt -0.4409945011138916 1.0369552373886108
vt -0.4428972899913788 1.0282843112945557
vt -0.4209417700767517 1.0282843112945557
vt -0.4209417700767517 1.0282843112945557
vt -0.4428972899913788 1.0282843112945557
vt -0.4212304651737213 1.0153073072433472
vt -0.4428972899913788 1.0282843112945557
vt -0.44416868686676025 1.0153073072433472
vt -0.4212304651737213 1.0153073072433472
vt -0.4212304651737213 1.0153073072433472
vt -0.44416868686676025 1.0153073072433472
vt -0.42133185267448425 1
vt -0.44416868686676025 1.0153073072433472
vt -0.44461512565612793 1
vt -0.42133185267448425 1
vt -0.42133185267448425 1
vt -0.44461512565612793 1
vt -0.42133185267448425 0.10000000149011612
vt -0.44461512565612793 1
vt -0.44461512565612793 0.10000000149011612
vt -0.42133185267448425 0.10000000149011612
vt -0.42133185267448425 0.10000000149011612
vt -0.44461512565612793 0.10000000149011612
vt -0.4212304651737213 0.08469266444444656
vt -0.44461512565612793 0.10000000149011612
vt -0.44416868686676025 0.08469266444444656
vt -0.4212304651737213 0.08469266444444656
vt -0.4212304651737213 0.08469266444444656
vt -0.44416868686676025 0.08469266444444656
vt -0.4209417700767517 0.07171572744846344
vt -0.44416868686676025 0.08469266444444656
vt -0.4428972899913788 0.07171572744846344
vt -0.4209417700767517 0.07171572744846344
vt -0.4209417700767517 0.07171572744846344
vt -0.4428972899913788 0.07171572744846344
vt -0.4205096662044525 0.06304481625556946
vt -0.4428972899913788 0.07171572744846344
vt -0.4409945011138916 0.06304481625556946
vt -0.4205096662044525 0.06304481625556946
vt -0.4205096662044525 0.06304481625556946
vt -0.4409945011138916 0.06304481625556946
vt -0.41999998688697815 0.05999999865889549
vt -0.4409945011138916 0.06304481625556946
vt -0.4387499988079071 0.05999999865889549
vt -0.41999998688697815 0.05999999865889549
vt -0.4387499988079071 1.0399999618530273
vt -0.45500001311302185 1.0399999618530273
vt -0.4409945011138916 1.0369552373886108
vt -0.45500001311302185 1.0399999618530273
vt -0.4599372446537018 1.0369552373886108
vt -0.4409945011138916 1.0369552373886108
vt -0.4409945011138916 1.0369552373886108
vt -0.4599372446537018 1.0369552373886108
vt -0.4428972899913788 1.0282843112945557
vt -0.4599372446537018 1.0369552373886108
vt -0.46412283182144165 1.0282843112945557
vt -0.4428972899913788 1.0282843112945557
vt -0.4428972899913788 1.0282843112945557
vt -0.46412283182144165 1.0282843112945557
vt -0.44416868686676025 1.0153073072433472
vt -0.46412283182144165 1.0282843112945557
vt -0.46691954135894775 1.0153073072433472
vt -0.44416868686676025 1.0153073072433472
vt -0.44416868686676025 1.0153073072433472
vt -0.46691954135894775 1.0153073072433472
vt -0.44461512565612793 1
vt -0.46691954135894775 1.0153073072433472
vt -0.4679016172885895 1
vt -0.44461512565612793 1
vt -0.44461512565612793 1
vt -0.4679016172885895 1
vt -0.44461512565612793 0.10000000149011612
vt -0.4679016172885895 1
vt -0.4679016172885895 0.10000000149011612
vt -0.44461512565612793 0.10000000149011612
vt -0.44461512565612793 0.10000000149011612
vt -0.4679016172885895 0.10000000149011612
vt -0.44416868686676025 0.08469266444444656
vt -0.4679016172885895 0.10000000149011612
vt -0.46691954135894775 0.08469266444444656
vt -0.44416868686676025 0.08469266444444656
vt -0.44416868686676025 0.08469266444444656
vt -0.46691954135894775 0.08469266444444656
vt -0.4428972899913788 0.07171572744846344
vt -0.46691954135894775 0.08469266444444656
vt -0.46412283182144165 0.07171572744846344
vt -0.4428972899913788 0.07171572744846344
vt -0.4428972899913788 0.07171572744846344
vt -0.46412283182144165 0.07171572744846344
vt -0.4409945011138916 0.06304481625556946
vt -0.46412283182144165 0.07171572744846344
vt -0.4599372446537018 0.06304481625556946
vt -0.4409945011138916 0.06304481625556946
vt -0.4409945011138916 0.06304481625556946
vt -0.4599372446537018 0.06304481625556946
vt -0.4387499988079071 0.05999999865889549
vt -0.4599372446537018 0.06304481625556946
vt -0.45500001311302185 0.05999999865889549
vt -0.4387499988079071 0.05999999865889549
vt -0.45500001311302185 1.0399999618530273
vt -0.46875 1.0399999618530273
vt -0.4599372446537018 1.0369552373886108
vt -0.46875 1.0399999618530273
vt -0.4767250716686249 1.0369552373886108
vt -0.4599372446537018 1.0369552373886108
vt -0.4599372446537018 1.0369552373886108
vt -0.4767250716686249 1.0369552373886108
vt -0.46412283182144165 1.0282843112945557
vt -0.4767250716686249 1.0369552373886108
vt -0.48348599672317505 1.0282843112945557
vt -0.46412283182144165 1.0282843112945557
vt -0.46412283182144165 1.0282843112945557
vt -0.48348599672317505 1.0282843112945557
vt -0.46691954135894775 1.0153073072433472
vt -0.48348599672317505 1.0282843112945557
vt -0.48800352215766907 1.0153073072433472
vt -0.46691954135894775 1.0153073072433472
vt -0.46691954135894775 1.0153073072433472
vt -0.48800352215766907 1.0153073072433472
vt -0.4679016172885895 1
vt -0.48800352215766907 1.0153073072433472
vt -0.4895898401737213 1
vt -0.4679016172885895 1
vt -0.4679016172885895 1
vt -0.4895898401737213 1
vt -0.4679016172885895 0.10000000149011612
vt -0.4895898401737213 1
vt -0.4895898401737213 0.10000000149011612
vt -0.4679016172885895 0.10000000149011612
vt -0.4679016172885895 0.10000000149011612
vt -0.4895898401737213 0.10000000149011612
vt -0.46691954135894775 0.08469266444444656
vt -0.4895898401737213 0.10000000149011612
vt -0.48800352215766907 0.08469266444444656
vt -0.46691954135894775 0.08469266444444656
vt -0.46691954135894775 0.08469266444444656
vt -0.48800352215766907 0.08469266444444656
vt -0.46412283182144165 0.07171572744846344
vt -0.48800352215766907 0.08469266444444656
vt -0.48348599672317505 0.07171572744846344
vt -0.46412283182144165 0.07171572744846344
vt -0.46412283182144165 0.07171572744846344
vt -0.48348599672317505 0.07171572744846344
vt -0.4599372446537018 0.06304481625556946
vt -0.48348599672317505 0.07171572744846344
vt -0.4767250716686249 0.06304481625556946
vt -0.4599372446537018 0.06304481625556946
vt -0.4599372446537018 0.06304481625556946
vt -0.4767250716686249 0.06304481625556946
vt -0.45500001311302185 0.05999999865889549
vt -0.4767250716686249 0.06304481625556946
vt -0.46875 0.05999999865889549
vt -0.45500001311302185 0.05999999865889549
vt -0.46875 1.0399999618530273
vt -0.47999998927116394 1.0399999618530273
vt -0.4767250716686249 1.0369552373886108
vt -0.47999998927116394 1.0399999618530273
vt -0.490908145904541 1.0369552373886108
vt -0.4767250716686249 1.0369552373886108
vt -0.4767250716686249 1.0369552373886108
vt -0.490908145904541 1.0369552373886108
vt -0.48348599672317505 1.0282843112945557
vt -0.490908145904541 1.0369552373886108
vt -0.5001556277275085 1.0282843112945557
vt -0.48348599672317505 1.0282843112945557
vt -0.48348599672317505 1.0282843112945557
vt -0.5001556277275085 1.0282843112945557
vt -0.48800352215766907 1.0153073072433472
vt -0.5001556277275085 1.0282843112945557
vt -0.5063346028327942 1.0153073072433472
vt -0.48800352215766907 1.0153073072433472
vt -0.48800352215766907 1.0153073072433472
vt -0.5063346028327942 1.0153073072433472
vt -0.4895898401737213 1
vt -0.5063346028327942 1.0153073072433472
vt -0.5085043907165527 1
vt -0.4895898401737213 1
vt -0.4895898401737213 1
vt -0.5085043907165527 1
vt -0.4895898401737213 0.10000000149011612
vt -0.5085043907165527 1
vt -0.5085043907165527 0.10000000149011612
vt -0.4895898401737213 0.10000000149011612
vt -0.4895898401737213 0.10000000149011612
vt -0.5085043907165527 0.10000000149011612
vt -0.48800352215766907 0.08469266444444656
vt -0.5085043907165527 0.10000000149011612
vt -0.5063346028327942 0.08469266444444656
vt -0.48800352215766907 0.08469266444444656
vt -0.48800352215766907 0.08469266444444656
vt -0.5063346028327942 0.08469266444444656
vt -0.48348599672317505 0.07171572744846344
vt -0.5063346028327942 0.08469266444444656
vt -0.5001556277275085 0.07171572744846344
vt -0.48348599672317505 0.07171572744846344
vt -0.48348599672317505 0.07171572744846344
vt -0.5001556277275085 0.07171572744846344
vt -0.4767250716686249 0.06304481625556946
vt -0.5001556277275085 0.07171572744846344
vt -0.490908145904541 0.06304481625556946
vt -0.4767250716686249 0.06304481625556946
vt -0.4767250716686249 0.06304481625556946
vt -0.490908145904541 0.06304481625556946
vt -0.46875 0.05999999865889549
vt -0.490908145904541 0.06304481625556946
vt -0.47999998927116394 0.05999999865889549
vt -0.46875 0.05999999865889549
vt 0.47999998927116394 1.0399999618530273
vt 0.46875 1.0399999618530273
vt 0.490908145904541 1.0369552373886108
vt 0.46875 1.0399999618530273
vt 0.4767250716686249 1.0369552373886108
vt 0.490908145904541 1.0369552373886108
vt 0.490908145904541 1.0369552373886108
vt 0.4767250716686249 1.0369552373886108
vt 0.5001556277275085 1.0282843112945557
vt 0.4767250716686249 1.0369552373886108
vt 0.48348599672317505 1.0282843112945557
vt 0.5001556277275085 1.0282843112945557
vt 0.5001556277275085 1.0282843112945557
vt 0.48348599672317505 1.0282843112945557
vt 0.5063346028327942 1.0153073072433472
vt 0.48348599672317505 1.0282843112945557
vt 0.48800352215766907 1.0153073072433472
vt 0.5063346028327942 1.0153073072433472
vt 0.5063346028327942 1.0153073072433472
vt 0.48800352215766907 1.0153073072433472
vt 0.5085043907165527 1
vt 0.48800352215766907 1.0153073072433472
vt 0.4895898401737213 1
vt 0.5085043907165527 1
vt 0.5085043907165527 1
vt 0.4895898401737213 1
vt 0.5085043907165527 0.10000000149011612
vt 0.4895898401737213 1
vt 0.4895898401737213 0.10000000149011612
vt 0.5085043907165527 0.10000000149011612
vt 0.5085043907165527 0.10000000149011612
vt 0.4895898401737213 0.10000000149011612
vt 0.5063346028327942 0.08469266444444656
vt 0.4895898401737213 0.10000000149011612
vt 0.48800352215766907 0.08469266444444656
vt 0.5063346028327942 0.08469266444444656
vt 0.5063346028327942 0.08469266444444656
vt 0.48800352215766907 0.08469266444444656
vt 0.5001556277275085 0.07171572744846344
vt 0.48800352215766907 0.08469266444444656
vt 0.48348599672317505 0.07171572744846344
vt 0.5001556277275085 0.07171572744846344
vt 0.5001556277275085 0.07171572744846344
vt 0.48348599672317505 0.07171572744846344
vt 0.490908145904541 0.06304481625556946
vt 0.48348599672317505 0.07171572744846344
vt 0.4767250716686249 0.06304481625556946
vt 0.490908145904541 0.06304481625556946
vt 0.490908145904541 0.06304481625556946
vt 0.4767250716686249 0.06304481625556946
vt 0.47999998927116394 0.05999999865889549
vt 0.4767250716686249 0.06304481625556946
vt 0.46875 0.05999999865889549
vt 0.47999998927116394 0.05999999865889549
vt 0.46875 1.0399999618530273
vt 0.45500001311302185 1.0399999618530273
vt 0.4767250716686249 1.0369552373886108
vt 0.45500001311302185 1.0399999618530273
vt 0.4599372446537018 1.0369552373886108
vt 0.4767250716686249 1.0369552373886108
vt 0.4767250716686249 1.0369552373886108
vt 0.4599372446537018 1.0369552373886108
vt 0.48348599672317505 1.0282843112945557
vt 0.4599372446537018 1.0369552373886108
vt 0.46412283182144165 1.0282843112945557
vt 0.48348599672317505 1.0282843112945557
vt 0.48348599672317505 1.0282843112945557
vt 0.46412283182144165 1.0282843112945557
vt 0.48800352215766907 1.0153073072433472
vt 0.46412283182144165 1.0282843112945557
vt 0.46691954135894775 1.0153073072433472
vt 0.48800352215766907 1.0153073072433472
vt 0.48800352215766907 1.0153073072433472
vt 0.46691954135894775 1.0153073072433472
vt 0.4895898401737213 1
vt 0.46691954135894775 1.0153073072433472
vt 0.4679016172885895 1
vt 0.4895898401737213 1
vt 0.4895898401737213 1
vt 0.4679016172885895 1
vt 0.4895898401737213 0.10000000149011612
vt 0.4679016172885895 1
vt 0.4679016172885895 0.10000000149011612
vt 0.4895898401737213 0.10000000149011612
vt 0.4895898401737213 0.10000000149011612
vt 0.4679016172885895 0.10000000149011612
vt 0.48800352215766907 0.08469266444444656
vt 0.4679016172885895 0.10000000149011612
vt 0.46691954135894775 0.08469266444444656
vt 0.48800352215766907 0.08469266444444656
vt 0.48800352215766907 0.08469266444444656
vt 0.46691954135894775 0.08469266444444656
vt 0.48348599672317505 0.07171572744846344
vt 0.46691954135894775 0.08469266444444656
vt 0.46412283182144165 0.07171572744846344
vt 0.48348599672317505 0.07171572744846344
vt 0.48348599672317505 0.07171572744846344
vt 0.46412283182144165 0.07171572744846344
vt 0.4767250716686249 0.06304481625556946
vt 0.46412283182144165 0.07171572744846344
vt 0.4599372446537018 0.06304481625556946
vt 0.4767250716686249 0.06304481625556946
vt 0.4767250716686249 0.06304481625556946
vt 0.4599372446537018 0.06304481625556946
vt 0.46875 0.05999999865889549
vt 0.4599372446537018 0.06304481625556946
vt 0.45500001311302185 0.05999999865889549
vt 0.46875 0.05999999865889549
vt 0.45500001311302185 1.0399999618530273
vt 0.4387499988079071 1.0399999618530273
vt 0.4599372446537018 1.0369552373886108
vt 0.4387499988079071 1.0399999618530273
vt 0.4409945011138916 1.0369552373886108
vt 0.4599372446537018 1.0369552373886108
vt 0.4599372446537018 1.0369552373886108
vt 0.4409945011138916 1.0369552373886108
vt 0.46412283182144165 1.0282843112945557
vt 0.4409945011138916 1.0369552373886108
vt 0.4428972899913788 1.0282843112945557
vt 0.46412283182144165 1.0282843112945557
vt 0.46412283182144165 1.0282843112945557
vt 0.4428972899913788 1.0282843112945557
vt 0.46691954135894775 1.0153073072433472
vt 0.4428972899913788 1.0282843112945557
vt 0.44416868686676025 1.0153073072433472
vt 0.46691954135894775 1.0153073072433472
vt 0.46691954135894775 1.0153073072433472
vt 0.44416868686676025 1.0153073072433472
vt 0.4679016172885895 1
vt 0.44416868686676025 1.0153073072433472
vt 0.44461512565612793 1
vt 0.4679016172885895 1
vt 0.4679016172885895 1
vt 0.44461512565612793 1
vt 0.4679016172885895 0.10000000149011612
vt 0.44461512565612793 1
vt 0.44461512565612793 0.10000000149011612
vt 0.4679016172885895 0.10000000149011612
vt 0.4679016172885895 0.10000000149011612
vt 0.44461512565612793 0.10000000149011612
vt 0.46691954135894775 0.08469266444444656
vt 0.44461512565612793 0.10000000149011612
vt 0.44416868686676025 0.08469266444444656
vt 0.46691954135894775 0.08469266444444656
vt 0.46691954135894775 0.08469266444444656
vt 0.44416868686676025 0.08469266444444656
vt 0.46412283182144165 0.07171572744846344
vt 0.44416868686676025 0.08469266444444656
vt 0.4428972899913788 0.07171572744846344
vt 0.46412283182144165 0.07171572744846344
vt 0.46412283182144165 0.07171572744846344
vt 0.4428972899913788 0.07171572744846344
vt 0.4599372446537018 0.06304481625556946
vt 0.4428972899913788 0.07171572744846344
vt 0.4409945011138916 0.06304481625556946
vt 0.4599372446537018 0.06304481625556946
vt 0.4599372446537018 0.06304481625556946
vt 0.4409945011138916 0.06304481625556946
vt 0.45500001311302185 0.05999999865889549
vt 0.4409945011138916 0.06304481625556946
vt 0.4387499988079071 0.05999999865889549
vt 0.45500001311302185 0.05999999865889549
vt 0.4387499988079071 1.0399999618530273
vt 0.41999998688697815 1.0399999618530273
vt 0.4409945011138916 1.0369552373886108
vt 0.41999998688697815 1.0399999618530273
vt 0.4205096662044525 1.0369552373886108
vt 0.4409945011138916 1.0369552373886108
vt 0.4409945011138916 1.0369552373886108
vt 0.4205096662044525 1.0369552373886108
vt 0.4428972899913788 1.0282843112945557
vt 0.4205096662044525 1.0369552373886108
vt 0.4209417700767517 1.0282843112945557
vt 0.4428972899913788 1.0282843112945557
vt 0.4428972899913788 1.0282843112945557
vt 0.4209417700767517 1.0282843112945557
vt 0.44416868686676025 1.0153073072433472
vt 0.4209417700767517 1.0282843112945557
vt 0.4212304651737213 1.0153073072433472
vt 0.44416868686676025 1.0153073072433472
vt 0.44416868686676025 1.0153073072433472
vt 0.4212304651737213 1.0153073072433472
vt 0.44461512565612793 1
vt 0.4212304651737213 1.0153073072433472
vt 0.42133185267448425 1
vt 0.44461512565612793 1
vt 0.44461512565612793 1
vt 0.42133185267448425 1
vt 0.44461512565612793 0.10000000149011612
vt 0.42133185267448425 1
vt 0.42133185267448425 0.10000000149011612
vt 0.44461512565612793 0.10000000149011612
vt 0.44461512565612793 0.10000000149011612
vt 0.42133185267448425 0.10000000149011612
vt 0.44416868686676025 0.08469266444444656
vt 0.42133185267448425 0.10000000149011612
vt 0.4212304651737213 0.08469266444444656
vt 0.44416868686676025 0.08469266444444656
vt 0.44416868686676025 0.08469266444444656
vt 0.4212304651737213 0.08469266444444656
vt 0.4428972899913788 0.07171572744846344
vt 0.4212304651737213 0.08469266444444656
vt 0.4209417700767517 0.07171572744846344
vt 0.4428972899913788 0.07171572744846344
vt 0.4428972899913788 0.07171572744846344
vt 0.4209417700767517 0.07171572744846344
vt 0.4409945011138916 0.06304481625556946
vt 0.4209417700767517 0.07171572744846344
vt 0.4205096662044525 0.06304481625556946
vt 0.4409945011138916 0.06304481625556946
vt 0.4409945011138916 0.06304481625556946
vt 0.4205096662044525 0.06304481625556946
vt 0.4387499988079071 0.05999999865889549
vt 0.4205096662044525 0.06304481625556946
vt 0.41999998688697815 0.05999999865889549
vt 0.4387499988079071 0.05999999865889549
vt 0.41999998688697815 1.0399999618530273
vt -0.41999998688697815 1.0399999618530273
vt 0.4205096662044525 1.0369552373886108
vt -0.41999998688697815 1.0399999618530273
vt -0.4205096662044525 1.0369552373886108
vt 0.4205096662044525 1.0369552373886108
vt 0.4205096662044525 1.0369552373886108
vt -0.4205096662044525 1.0369552373886108
vt 0.4209417700767517 1.0282843112945557
vt -0.4205096662044525 1.0369552373886108
vt -0.4209417700767517 1.0282843112945557
vt 0.4209417700767517 1.0282843112945557
vt 0.4209417700767517 1.0282843112945557
vt -0.4209417700767517 1.0282843112945557
vt 0.4212304651737213 1.0153073072433472
vt -0.4209417700767517 1.0282843112945557
vt -0.4212304651737213 1.0153073072433472
vt 0.4212304651737213 1.0153073072433472
vt 0.4212304651737213 1.0153073072433472
vt -0.4212304651737213 1.0153073072433472
vt 0.42133185267448425 1
vt -0.4212304651737213 1.0153073072433472
vt -0.42133185267448425 1
vt 0.42133185267448425 1
vt 0.42133185267448425 1
vt -0.42133185267448425 1
vt 0.42133185267448425 0.10000000149011612
vt -0.42133185267448425 1
vt -0.42133185267448425 0.10000000149011612
vt 0.42133185267448425 0.10000000149011612
vt 0.42133185267448425 0.10000000149011612
vt -0.42133185267448425 0.10000000149011612
vt 0.4212304651737213 0.08469266444444656
vt -0.42133185267448425 0.10000000149011612
vt -0.4212304651737213 0.08469266444444656
vt 0.4212304651737213 0.08469266444444656
vt 0.4212304651737213 0.08469266444444656
vt -0.4212304651737213 0.08469266444444656
vt 0.4209417700767517 0.07171572744846344
vt -0.4212304651737213 0.08469266444444656
vt -0.4209417700767517 0.07171572744846344
vt 0.4209417700767517 0.07171572744846344
vt 0.4209417700767517 0.07171572744846344
vt -0.4209417700767517 0.07171572744846344
vt 0.4205096662044525 0.06304481625556946
vt -0.4209417700767517 0.07171572744846344
vt -0.4205096662044525 0.06304481625556946
vt 0.4205096662044525 0.06304481625556946
vt 0.4205096662044525 0.06304481625556946
vt -0.4205096662044525 0.06304481625556946
vt 0.41999998688697815 0.05999999865889549
vt -0.4205096662044525 0.06304481625556946
vt -0.41999998688697815 0.05999999865889549
vt 0.41999998688697815 0.05999999865889549
vt -0.41999998688697815 1.0399999618530273
vt -0.4387499988079071 1.0399999618530273
vt -0.4205096662044525 1.0369552373886108
vt -0.4387499988079071 1.0399999618530273
vt -0.4409945011138916 1.0369552373886108
vt -0.4205096662044525 1.0369552373886108
vt -0.4205096662044525 1.0369552373886108
vt -0.4409945011138916 1.0369552373886108
vt -0.4209417700767517 1.0282843112945557
vt -0.4409945011138916 1.0369552373886108
vt -0.4428972899913788 1.0282843112945557
vt -0.4209417700767517 1.0282843112945557
vt -0.4209417700767517 1.0282843112945557
vt -0.4428972899913788 1.0282843112945557
vt -0.4212304651737213 1.0153073072433472
vt -0.4428972899913788 1.0282843112945557
vt -0.44416868686676025 1.0153073072433472
vt -0.4212304651737213 1.0153073072433472
vt -0.4212304651737213 1.0153073072433472
vt -0.44416868686676025 1.0153073072433472
vt -0.42133185267448425 1
vt -0.44416868686676025 1.0153073072433472
vt -0.44461512565612793 1
vt -0.42133185267448425 1
vt -0.42133185267448425 1
vt -0.44461512565612793 1
vt -0.42133185267448425 0.10000000149011612
vt -0.44461512565612793 1
vt -0.44461512565612793 0.10000000149011612
vt -0.42133185267448425 0.10000000149011612
vt -0.42133185267448425 0.10000000149011612
vt -0.44461512565612793 0.10000000149011612
vt -0.4212304651737213 0.08469266444444656
vt -0.44461512565612793 0.10000000149011612
vt -0.44416868686676025 0.08469266444444656
vt -0.4212304651737213 0.08469266444444656
vt -0.4212304651737213 0.08469266444444656
vt -0.44416868686676025 0.08469266444444656
vt -0.4209417700767517 0.07171572744846344
vt -0.44416868686676025 0.08469266444444656
vt -0.4428972899913788 0.07171572744846344
vt -0.4209417700767517 0.07171572744846344
vt -0.4209417700767517 0.07171572744846344
vt -0.4428972899913788 0.07171572744846344
vt -0.4205096662044525 0.06304481625556946
vt -0.4428972899913788 0.07171572744846344
vt -0.4409945011138916 0.06304481625556946
vt -0.4205096662044525 0.06304481625556946
vt -0.4205096662044525 0.06304481625556946
vt -0.4409945011138916 0.06304481625556946
vt -0.41999998688697815 0.05999999865889549
vt -0.4409945011138916 0.06304481625556946
vt -0.4387499988079071 0.05999999865889549
vt -0.41999998688697815 0.05999999865889549
vt -0.4387499988079071 1.0399999618530273
vt -0.45500001311302185 1.0399999618530273
vt -0.4409945011138916 1.0369552373886108
vt -0.45500001311302185 1.0399999618530273
vt -0.4599372446537018 1.0369552373886108
vt -0.4409945011138916 1.0369552373886108
vt -0.4409945011138916 1.0369552373886108
vt -0.4599372446537018 1.0369552373886108
vt -0.4428972899913788 1.0282843112945557
vt -0.4599372446537018 1.0369552373886108
vt -0.46412283182144165 1.0282843112945557
vt -0.4428972899913788 1.0282843112945557
vt -0.4428972899913788 1.0282843112945557
vt -0.46412283182144165 1.0282843112945557
vt -0.44416868686676025 1.0153073072433472
vt -0.46412283182144165 1.0282843112945557
vt -0.46691954135894775 1.0153073072433472
vt -0.44416868686676025 1.0153073072433472
vt -0.44416868686676025 1.0153073072433472
vt -0.46691954135894775 1.0153073072433472
vt -0.44461512565612793 1
vt -0.46691954135894775 1.0153073072433472
vt -0.4679016172885895 1
vt -0.44461512565612793 1
vt -0.44461512565612793 1
vt -0.4679016172885895 1
vt -0.44461512565612793 0.10000000149011612
vt -0.4679016172885895 1
vt -0.4679016172885895 0.10000000149011612
vt -0.44461512565612793 0.10000000149011612
vt -0.44461512565612793 0.10000000149011612
vt -0.4679016172885895 0.10000000149011612
vt -0.44416868686676025 0.08469266444444656
vt -0.4679016172885895 0.10000000149011612
vt -0.46691954135894775 0.08469266444444656
vt -0.44416868686676025 0.08469266444444656
vt -0.44416868686676025 0.08469266444444656
vt -0.46691954135894775 0.08469266444444656
vt -0.4428972899913788 0.07171572744846344
vt -0.46691954135894775 0.08469266444444656
vt -0.46412283182144165 0.07171572744846344
vt -0.4428972899913788 0.07171572744846344
vt -0.4428972899913788 0.07171572744846344
vt -0.46412283182144165 0.07171572744846344
vt -0.4409945011138916 0.06304481625556946
vt -0.46412283182144165 0.07171572744846344
vt -0.4599372446537018 0.06304481625556946
vt -0.4409945011138916 0.06304481625556946
vt -0.4409945011138916 0.06304481625556946
vt -0.4599372446537018 0.06304481625556946
vt -0.4387499988079071 0.05999999865889549
vt -0.4599372446537018 0.06304481625556946
vt -0.45500001311302185 0.05999999865889549
vt -0.4387499988079071 0.05999999865889549
vt -0.45500001311302185 1.0399999618530273
vt -0.46875 1.0399999618530273
vt -0.4599372446537018 1.0369552373886108
vt -0.46875 1.0399999618530273
vt -0.4767250716686249 1.0369552373886108
vt -0.4599372446537018 1.0369552373886108
vt -0.4599372446537018 1.0369552373886108
vt -0.4767250716686249 1.0369552373886108
vt -0.46412283182144165 1.0282843112945557
vt -0.4767250716686249 1.0369552373886108
vt -0.48348599672317505 1.0282843112945557
vt -0.46412283182144165 1.0282843112945557
vt -0.46412283182144165 1.0282843112945557
vt -0.48348599672317505 1.0282843112945557
vt -0.46691954135894775 1.0153073072433472
vt -0.48348599672317505 1.0282843112945557
vt -0.48800352215766907 1.0153073072433472
vt -0.46691954135894775 1.0153073072433472
vt -0.46691954135894775 1.0153073072433472
vt -0.48800352215766907 1.0153073072433472
vt -0.4679016172885895 1
vt -0.48800352215766907 1.0153073072433472
vt -0.4895898401737213 1
vt -0.4679016172885895 1
vt -0.4679016172885895 1
vt -0.4895898401737213 1
vt -0.4679016172885895 0.10000000149011612
vt -0.4895898401737213 1
vt -0.4895898401737213 0.10000000149011612
vt -0.4679016172885895 0.10000000149011612
vt -0.4679016172885895 0.10000000149011612
vt -0.4895898401737213 0.10000000149011612
vt -0.46691954135894775 0.08469266444444656
vt -0.4895898401737213 0.10000000149011612
vt -0.48800352215766907 0.08469266444444656
vt -0.46691954135894775 0.08469266444444656
vt -0.46691954135894775 0.08469266444444656
vt -0.48800352215766907 0.08469266444444656
vt -0.46412283182144165 0.07171572744846344
vt -0.48800352215766907 0.08469266444444656
vt -0.48348599672317505 0.07171572744846344
vt -0.46412283182144165 0.07171572744846344
vt -0.46412283182144165 0.07171572744846344
vt -0.48348599672317505 0.07171572744846344
vt -0.4599372446537018 0.06304481625556946
vt -0.48348599672317505 0.07171572744846344
vt -0.4767250716686249 0.06304481625556946
vt -0.4599372446537018 0.06304481625556946
vt -0.4599372446537018 0.06304481625556946
vt -0.4767250716686249 0.06304481625556946
vt -0.45500001311302185 0.05999999865889549
vt -0.4767250716686249 0.06304481625556946
vt -0.46875 0.05999999865889549
vt -0.45500001311302185 0.05999999865889549
vt -0.46875 1.0399999618530273
vt -0.47999998927116394 1.0399999618530273
vt -0.4767250716686249 1.0369552373886108
vt -0.47999998927116394 1.0399999618530273
vt -0.490908145904541 1.0369552373886108
vt -0.4767250716686249 1.0369552373886108
vt -0.4767250716686249 1.0369552373886108
vt -0.490908145904541 1.0369552373886108
vt -0.48348599672317505 1.0282843112945557
vt -0.490908145904541 1.0369552373886108
vt -0.5001556277275085 1.0282843112945557
vt -0.48348599672317505 1.0282843112945557
vt -0.48348599672317505 1.0282843112945557
vt -0.5001556277275085 1.0282843112945557
vt -0.48800352215766907 1.0153073072433472
vt -0.5001556277275085 1.0282843112945557
vt -0.5063346028327942 1.0153073072433472
vt -0.48800352215766907 1.0153073072433472
vt -0.48800352215766907 1.0153073072433472
vt -0.5063346028327942 1.0153073072433472
vt -0.4895898401737213 1
vt -0.5063346028327942 1.0153073072433472
vt -0.5085043907165527 1
vt -0.4895898401737213 1
vt -0.4895898401737213 1
vt -0.5085043907165527 1
vt -0.4895898401737213 0.10000000149011612
vt -0.5085043907165527 1
vt -0.5085043907165527 0.10000000149011612
vt -0.4895898401737213 0.10000000149011612
vt -0.4895898401737213 0.10000000149011612
vt -0.5085043907165527 0.10000000149011612
vt -0.48800352215766907 0.08469266444444656
vt -0.5085043907165527 0.10000000149011612
vt -0.5063346028327942 0.08469266444444656
vt -0.48800352215766907 0.08469266444444656
vt -0.48800352215766907 0.08469266444444656
vt -0.5063346028327942 0.08469266444444656
vt -0.48348599672317505 0.07171572744846344
vt -0.5063346028327942 0.08469266444444656
vt -0.5001556277275085 0.07171572744846344
vt -0.48348599672317505 0.07171572744846344
vt -0.48348599672317505 0.07171572744846344
vt -0.5001556277275085 0.07171572744846344
vt -0.4767250716686249 0.06304481625556946
vt -0.5001556277275085 0.07171572744846344
vt -0.490908145904541 0.06304481625556946
vt -0.4767250716686249 0.06304481625556946
vt -0.4767250716686249 0.06304481625556946
vt -0.490908145904541 0.06304481625556946
vt -0.46875 0.05999999865889549
vt -0.490908145904541 0.06304481625556946
vt -0.47999998927116394 0.05999999865889549
vt -0.46875 0.05999999865889549
vt -0.47999998927116394 1.0399999618530273
vt -0.46875 1.0399999618530273
vt -0.490908145904541 1.0369552373886108
vt -0.46875 1.0399999618530273
vt -0.4767250716686249 1.0369552373886108
vt -0.490908145904541 1.0369552373886108
vt -0.490908145904541 1.0369552373886108
vt -0.4767250716686249 1.0369552373886108
vt -0.5001556277275085 1.0282843112945557
vt -0.4767250716686249 1.0369552373886108
vt -0.48348599672317505 1.0282843112945557
vt -0.5001556277275085 1.0282843112945557
vt -0.5001556277275085 1.0282843112945557
vt -0.48348599672317505 1.0282843112945557
vt -0.5063346028327942 1.0153073072433472
vt -0.48348599672317505 1.0282843112945557
vt -0.48800352215766907 1.0153073072433472
vt -0.5063346028327942 1.0153073072433472
vt -0.5063346028327942 1.0153073072433472
vt -0.48800352215766907 1.0153073072433472
vt -0.5085043907165527 1
vt -0.48800352215766907 1.0153073072433472
vt -0.4895898401737213 1
vt -0.5085043907165527 1
vt -0.5085043907165527 1
vt -0.4895898401737213 1
vt -0.5085043907165527 0.10000000149011612
vt -0.4895898401737213 1
vt -0.4895898401737213 0.10000000149011612
vt -0.5085043907165527 0.10000000149011612
vt -0.5085043907165527 0.10000000149011612
vt -0.4895898401737213 0.10000000149011612
vt -0.5063346028327942 0.08469266444444656
vt -0.4895898401737213 0.10000000149011612
vt -0.48800352215766907 0.08469266444444656
vt -0.5063346028327942 0.08469266444444656
vt -0.5063346028327942 0.08469266444444656
vt -0.48800352215766907 0.08469266444444656
vt -0.5001556277275085 0.07171572744846344
vt -0.48800352215766907 0.08469266444444656
vt -0.48348599672317505 0.07171572744846344
vt -0.5001556277275085 0.07171572744846344
vt -0.5001556277275085 0.07171572744846344
vt -0.48348599672317505 0.07171572744846344
vt -0.490908145904541 0.06304481625556946
vt -0.48348599672317505 0.07171572744846344
vt -0.4767250716686249 0.06304481625556946
vt -0.490908145904541 0.06304481625556946
vt -0.490908145904541 0.06304481625556946
vt -0.4767250716686249 0.06304481625556946
vt -0.47999998927116394 0.05999999865889549
vt -0.4767250716686249 0.06304481625556946
vt -0.46875 0.05999999865889549
vt -0.47999998927116394 0.05999999865889549
vt -0.46875 1.0399999618530273
vt -0.45500001311302185 1.0399999618530273
vt -0.4767250716686249 1.0369552373886108
vt -0.45500001311302185 1.0399999618530273
vt -0.4599372446537018 1.0369552373886108
vt -0.4767250716686249 1.0369552373886108
vt -0.4767250716686249 1.0369552373886108
vt -0.4599372446537018 1.0369552373886108
vt -0.48348599672317505 1.0282843112945557
vt -0.4599372446537018 1.0369552373886108
vt -0.46412283182144165 1.0282843112945557
vt -0.48348599672317505 1.0282843112945557
vt -0.48348599672317505 1.0282843112945557
vt -0.46412283182144165 1.0282843112945557
vt -0.48800352215766907 1.0153073072433472
vt -0.46412283182144165 1.0282843112945557
vt -0.46691954135894775 1.0153073072433472
vt -0.48800352215766907 1.0153073072433472
vt -0.48800352215766907 1.0153073072433472
vt -0.46691954135894775 1.0153073072433472
vt -0.4895898401737213 1
vt -0.46691954135894775 1.0153073072433472
vt -0.4679016172885895 1
vt -0.4895898401737213 1
vt -0.4895898401737213 1
vt -0.4679016172885895 1
vt -0.4895898401737213 0.10000000149011612
vt -0.4679016172885895 1
vt -0.4679016172885895 0.10000000149011612
vt -0.4895898401737213 0.10000000149011612
vt -0.4895898401737213 0.10000000149011612
vt -0.4679016172885895 0.10000000149011612
vt -0.48800352215766907 0.08469266444444656
vt -0.4679016172885895 0.10000000149011612
vt -0.46691954135894775 0.08469266444444656
vt -0.48800352215766907 0.08469266444444656
vt -0.48800352215766907 0.08469266444444656
vt -0.46691954135894775 0.08469266444444656
vt -0.48348599672317505 0.07171572744846344
vt -0.46691954135894775 0.08469266444444656
vt -0.46412283182144165 0.07171572744846344
vt -0.48348599672317505 0.07171572744846344
vt -0.48348599672317505 0.07171572744846344
vt -0.46412283182144165 0.07171572744846344
vt -0.4767250716686249 0.06304481625556946
vt -0.46412283182144165 0.07171572744846344
vt -0.4599372446537018 0.06304481625556946
vt -0.4767250716686249 0.06304481625556946
vt -0.4767250716686249 0.06304481625556946
vt -0.4599372446537018 0.06304481625556946
vt -0.46875 0.05999999865889549
vt -0.4599372446537018 0.06304481625556946
vt -0.45500001311302185 0.05999999865889549
vt -0.46875 0.05999999865889549
vt -0.45500001311302185 1.0399999618530273
vt -0.4387499988079071 1.0399999618530273
vt -0.4599372446537018 1.0369552373886108
vt -0.4387499988079071 1.0399999618530273
vt -0.4409945011138916 1.0369552373886108
vt -0.4599372446537018 1.0369552373886108
vt -0.4599372446537018 1.0369552373886108
vt -0.4409945011138916 1.0369552373886108
vt -0.46412283182144165 1.0282843112945557
vt -0.4409945011138916 1.0369552373886108
vt -0.4428972899913788 1.0282843112945557
vt -0.46412283182144165 1.0282843112945557
vt -0.46412283182144165 1.0282843112945557
vt -0.4428972899913788 1.0282843112945557
vt -0.46691954135894775 1.0153073072433472
vt -0.4428972899913788 1.0282843112945557
vt -0.44416868686676025 1.0153073072433472
vt -0.46691954135894775 1.0153073072433472
vt -0.46691954135894775 1.0153073072433472
vt -0.44416868686676025 1.0153073072433472
vt -0.4679016172885895 1
vt -0.44416868686676025 1.0153073072433472
vt -0.44461512565612793 1
vt -0.4679016172885895 1
vt -0.4679016172885895 1
vt -0.44461512565612793 1
vt -0.4679016172885895 0.10000000149011612
vt -0.44461512565612793 1
vt -0.44461512565612793 0.10000000149011612
vt -0.4679016172885895 0.10000000149011612
vt -0.4679016172885895 0.10000000149011612
vt -0.44461512565612793 0.10000000149011612
vt -0.46691954135894775 0.08469266444444656
vt -0.44461512565612793 0.10000000149011612
vt -0.44416868686676025 0.08469266444444656
vt -0.46691954135894775 0.08469266444444656
vt -0.46691954135894775 0.08469266444444656
vt -0.44416868686676025 0.08469266444444656
vt -0.46412283182144165 0.07171572744846344
vt -0.44416868686676025 0.08469266444444656
vt -0.4428972899913788 0.07171572744846344
vt -0.46412283182144165 0.07171572744846344
vt -0.46412283182144165 0.07171572744846344
vt -0.4428972899913788 0.07171572744846344
vt -0.4599372446537018 0.06304481625556946
vt -0.4428972899913788 0.07171572744846344
vt -0.4409945011138916 0.06304481625556946
vt -0.4599372446537018 0.06304481625556946
vt -0.4599372446537018 0.06304481625556946
vt -0.4409945011138916 0.06304481625556946
vt -0.45500001311302185 0.05999999865889549
vt -0.4409945011138916 0.06304481625556946
vt -0.4387499988079071 0.05999999865889549
vt -0.45500001311302185 0.05999999865889549
vt -0.4387499988079071 1.0399999618530273
vt -0.41999998688697815 1.0399999618530273
vt -0.4409945011138916 1.0369552373886108
vt -0.41999998688697815 1.0399999618530273
vt -0.4205096662044525 1.0369552373886108
vt -0.4409945011138916 1.0369552373886108
vt -0.4409945011138916 1.0369552373886108
vt -0.4205096662044525 1.0369552373886108
vt -0.4428972899913788 1.0282843112945557
vt -0.4205096662044525 1.0369552373886108
vt -0.4209417700767517 1.0282843112945557
vt -0.4428972899913788 1.0282843112945557
vt -0.4428972899913788 1.0282843112945557
vt -0.4209417700767517 1.0282843112945557
vt -0.44416868686676025 1.0153073072433472
vt -0.4209417700767517 1.0282843112945557
vt -0.4212304651737213 1.0153073072433472
vt -0.44416868686676025 1.0153073072433472
vt -0.44416868686676025 1.0153073072433472
vt -0.4212304651737213 1.0153073072433472
vt -0.44461512565612793 1
vt -0.4212304651737213 1.0153073072433472
vt -0.42133185267448425 1
vt -0.44461512565612793 1
vt -0.44461512565612793 1
vt -0.42133185267448425 1
vt -0.44461512565612793 0.10000000149011612
vt -0.42133185267448425 1
vt -0.42133185267448425 0.10000000149011612
vt -0.44461512565612793 0.10000000149011612
vt -0.44461512565612793 0.10000000149011612
vt -0.42133185267448425 0.10000000149011612
vt -0.44416868686676025 0.08469266444444656
vt -0.42133185267448425 0.10000000149011612
vt -0.4212304651737213 0.08469266444444656
vt -0.44416868686676025 0.08469266444444656
vt -0.44416868686676025 0.08469266444444656
vt -0.4212304651737213 0.08469266444444656
vt -0.4428972899913788 0.07171572744846344
vt -0.4212304651737213 0.08469266444444656
vt -0.4209417700767517 0.07171572744846344
vt -0.4428972899913788 0.07171572744846344
vt -0.4428972899913788 0.07171572744846344
vt -0.4209417700767517 0.07171572744846344
vt -0.4409945011138916 0.06304481625556946
vt -0.4209417700767517 0.07171572744846344
vt -0.4205096662044525 0.06304481625556946
vt -0.4409945011138916 0.06304481625556946
vt -0.4409945011138916 0.06304481625556946
vt -0.4205096662044525 0.06304481625556946
vt -0.4387499988079071 0.05999999865889549
vt -0.4205096662044525 0.06304481625556946
vt -0.41999998688697815 0.05999999865889549
vt -0.4387499988079071 0.05999999865889549
vn 0 -1 -6.123234262925839e-17
vn 0 -1 -6.123234262925839e-17
vn 0 -1 -6.123234262925839e-17
vn 0 -1 -6.123234262925839e-17
vn 0 -1 -6.123234262925839e-17
vn 0 -1 -6.123234262925839e-17
vn 0 -1 -6.123234262925839e-17
vn 0 -1 -6.123234262925839e-17
vn 0 -1 -6.123234262925839e-17
vn 0 -1 -6.123234262925839e-17
vn 0 -1 -6.123234262925839e-17
vn 0 -1 -6.123234262925839e-17
vn 0 -1 -6.123234262925839e-17
vn 0 -1 -6.123234262925839e-17
vn 0 -1 -6.123234262925839e-17
vn 0 -1 -6.123234262925839e-17
vn 0 -1 -6.123234262925839e-17
vn 0 -1 -6.123234262925839e-17
vn 0 -1 -6.123234262925839e-17
vn 0 -1 -6.123234262925839e-17
vn 0 -1 -6.123234262925839e-17
vn 0 -1 -6.123234262925839e-17
vn 0 -1 -6.123234262925839e-17
vn 0 -1 -6.123234262925839e-17
vn 0 -1 -6.123234262925839e-17
vn 0 -1 -6.123234262925839e-17
vn 0 -1 -6.123234262925839e-17
vn 0 -1 -6.123234262925839e-17
vn 0 -1 -6.123234262925839e-17
vn 0 -1 -6.123234262925839e-17
vn 0 -1 -6.123234262925839e-17
vn 0 -1 -6.123234262925839e-17
vn 0 -1 -6.123234262925839e-17
vn 0 -1 -6.123234262925839e-17
vn 0 -1 -6.123234262925839e-17
vn 0 -1 -6.123234262925839e-17
vn 0 -1 -6.123234262925839e-17
vn 0 -1 -6.123234262925839e-17
vn 0 -1 -6.123234262925839e-17
vn 0 -1 -6.123234262925839e-17
vn 0 -1 -6.123234262925839e-17
vn 0 -1 -6.123234262925839e-17
vn 0 -1 -6.123234262925839e-17
vn 0 -1 -6.123234262925839e-17
vn 0 -1 -6.123234262925839e-17
vn 0 -1 -6.123234262925839e-17
vn 0 -1 -6.123234262925839e-17
vn 0 -1 -6.123234262925839e-17
vn 0 -1 -6.123234262925839e-17
vn 0 -1 -6.123234262925839e-17
vn 0 -1 -6.123234262925839e-17
vn 0 -1 -6.123234262925839e-17
vn 0 -1 -6.123234262925839e-17
vn 0 -1 -6.123234262925839e-17
vn 0 -1 -6.123234262925839e-17
vn 0 -1 -6.123234262925839e-17
vn 0 -1 -6.123234262925839e-17
vn 0 -1 -6.123234262925839e-17
vn 0 -1 -6.123234262925839e-17
vn 0 -1 -6.123234262925839e-17
vn 0 -1 -6.123234262925839e-17
vn 0 -1 -6.123234262925839e-17
vn 0 -1 -6.123234262925839e-17
vn 0 -1 -6.123234262925839e-17
vn 0 -1 -6.123234262925839e-17
vn 0 -1 -6.123234262925839e-17
vn 0 -1 -6.123234262925839e-17
vn 0 -1 -6.123234262925839e-17
vn 0 -1 -6.123234262925839e-17
vn 0 -1 -6.123234262925839e-17
vn 0 -1 -6.123234262925839e-17
vn 0 -1 -6.123234262925839e-17
vn 0 -1 -6.123234262925839e-17
vn 0 -1 -6.123234262925839e-17
vn 0 -1 -6.123234262925839e-17
vn 0 -1 -6.123234262925839e-17
vn 0 -1 -6.123234262925839e-17
vn 0 -1 -6.123234262925839e-17
vn 0 -1 -6.123234262925839e-17
vn 0 -1 -6.123234262925839e-17
vn 0 -1 -6.123234262925839e-17
vn 0 -1 -6.123234262925839e-17
vn 0 -1 -6.123234262925839e-17
vn 0 -1 -6.123234262925839e-17
vn 0 -1 -6.123234262925839e-17
vn 0 -1 -6.123234262925839e-17
vn 0 -1 -6.123234262925839e-17
vn 0 -1 -6.123234262925839e-17
vn 0 -1 -6.123234262925839e-17
vn 0 -1 -6.123234262925839e-17
vn 0 -1 -6.123234262925839e-17
vn 0 -1 -6.123234262925839e-17
vn 0 -1 -6.123234262925839e-17
vn 0 -1 -6.123234262925839e-17
vn 0 -1 -6.123234262925839e-17
vn 0 -1 -6.123234262925839e-17
vn 0 -1 -6.123234262925839e-17
vn 0 -1 -6.123234262925839e-17
vn 0 -1 -6.123234262925839e-17
vn 0 -1 -6.123234262925839e-17
vn 0 -1 -6.123234262925839e-17
vn 0 -1 -6.123234262925839e-17
vn 0 1 6.123234262925839e-17
vn 0 1 6.123234262925839e-17
vn 0 1 6.123234262925839e-17
vn 0 1 6.123234262925839e-17
vn 0 1 6.123234262925839e-17
vn 0 1 6.123234262925839e-17
vn 0 1 6.123234262925839e-17
vn 0 1 6.123234262925839e-17
vn 0 1 6.123234262925839e-17
vn 0 1 6.123234262925839e-17
vn 0 1 6.123234262925839e-17
vn 0 1 6.123234262925839e-17
vn 0 1 6.123234262925839e-17
vn 0 1 6.123234262925839e-17
vn 0 1 6.123234262925839e-17
vn 0 1 6.123234262925839e-17
vn 0 1 6.123234262925839e-17
vn 0 1 6.123234262925839e-17
vn 0 1 6.123234262925839e-17
vn 0 1 6.123234262925839e-17
vn 0 1 6.123234262925839e-17
vn 0 1 6.123234262925839e-17
vn 0 1 6.123234262925839e-17
vn 0 1 6.123234262925839e-17
vn 0 1 6.123234262925839e-17
vn 0 1 6.123234262925839e-17
vn 0 1 6.123234262925839e-17
vn 0 1 6.123234262925839e-17
vn 0 1 6.123234262925839e-17
vn 0 1 6.123234262925839e-17
vn 0 1 6.123234262925839e-17
vn 0 1 6.123234262925839e-17
vn 0 1 6.123234262925839e-17
vn 0 1 6.123234262925839e-17
vn 0 1 6.123234262925839e-17
vn 0 1 6.123234262925839e-17
vn 0 1 6.123234262925839e-17
vn 0 1 6.123234262925839e-17
vn 0 1 6.123234262925839e-17
vn 0 1 6.123234262925839e-17
vn 0 1 6.123234262925839e-17
vn 0 1 6.123234262925839e-17
vn 0 1 6.123234262925839e-17
vn 0 1 6.123234262925839e-17
vn 0 1 6.123234262925839e-17
vn 0 1 6.123234262925839e-17
vn 0 1 6.123234262925839e-17
vn 0 1 6.123234262925839e-17
vn 0 1 6.123234262925839e-17
vn 0 1 6.123234262925839e-17
vn 0 1 6.123234262925839e-17
vn 0 1 6.123234262925839e-17
vn 0 1 6.123234262925839e-17
vn 0 1 6.123234262925839e-17
vn 0 1 6.123234262925839e-17
vn 0 1 6.123234262925839e-17
vn 0 1 6.123234262925839e-17
vn 0 1 6.123234262925839e-17
vn 0 1 6.123234262925839e-17
vn 0 1 6.123234262925839e-17
vn 0 1 6.123234262925839e-17
vn 0 1 6.123234262925839e-17
vn 0 1 6.123234262925839e-17
vn 0 1 6.123234262925839e-17
vn 0 1 6.123234262925839e-17
vn 0 1 6.123234262925839e-17
vn 0 1 6.123234262925839e-17
vn 0 1 6.123234262925839e-17
vn 0 1 6.123234262925839e-17
vn 0 1 6.123234262925839e-17
vn 0 1 6.123234262925839e-17
vn 0 1 6.123234262925839e-17
vn 0 1 6.123234262925839e-17
vn 0 1 6.123234262925839e-17
vn 0 1 6.123234262925839e-17
vn 0 1 6.123234262925839e-17
vn 0 1 6.123234262925839e-17
vn 0 1 6.123234262925839e-17
vn 0 1 6.123234262925839e-17
vn 0 1 6.123234262925839e-17
vn 0 1 6.123234262925839e-17
vn 0 1 6.123234262925839e-17
vn 0 1 6.123234262925839e-17
vn 0 1 6.123234262925839e-17
vn 0 1 6.123234262925839e-17
vn 0 1 6.123234262925839e-17
vn 0 1 6.123234262925839e-17
vn 0 1 6.123234262925839e-17
vn 0 1 6.123234262925839e-17
vn 0 1 6.123234262925839e-17
vn 0 1 6.123234262925839e-17
vn 0 1 6.123234262925839e-17
vn 0 1 6.123234262925839e-17
vn 0 1 6.123234262925839e-17
vn 0 1 6.123234262925839e-17
vn 0 1 6.123234262925839e-17
vn 0 1 6.123234262925839e-17
vn 0 1 6.123234262925839e-17
vn 0 1 6.123234262925839e-17
vn 0 1 6.123234262925839e-17
vn 0 1 6.123234262925839e-17
vn 0 1 6.123234262925839e-17
vn 0 -0.9807853661739456 0.1950898908171298
vn 0 -0.9807853661739456 0.1950898908171298
vn 0 -0.9807853661739456 0.1950898908171298
vn 0 -0.9807853661739456 0.1950898908171298
vn 0 -0.9807853661739456 0.1950898908171298
vn 0 -0.9807853661739456 0.1950898908171298
vn 0 -0.8314686005563504 0.555571747201803
vn 0 -0.8314686005563504 0.555571747201803
vn 0 -0.8314686005563504 0.555571747201803
vn 0 -0.8314686005563504 0.555571747201803
vn 0 -0.8314686005563504 0.555571747201803
vn 0 -0.8314686005563504 0.555571747201803
vn 0 -0.5555709637053736 0.8314691240734573
vn 0 -0.5555709637053736 0.8314691240734573
vn 0 -0.5555709637053736 0.8314691240734573
vn 0 -0.5555709637053736 0.8314691240734573
vn 0 -0.5555709637053736 0.8314691240734573
vn 0 -0.5555709637053736 0.8314691240734573
vn 0 -0.195091862741501 0.9807849739326411
vn 0 -0.195091862741501 0.9807849739326411
vn 0 -0.195091862741501 0.9807849739326411
vn 0 -0.195091862741501 0.9807849739326411
vn 0 -0.195091862741501 0.9807849739326411
vn 0 -0.195091862741501 0.9807849739326411
vn 0 -6.123234262925839e-17 1
vn 0 -6.123234262925839e-17 1
vn 0 -6.123234262925839e-17 1
vn 0 -6.123234262925839e-17 1
vn 0 -6.123234262925839e-17 1
vn 0 -6.123234262925839e-17 1
vn 0 0.19509149591536024 0.9807850468994249
vn 0 0.19509149591536024 0.9807850468994249
vn 0 0.19509149591536024 0.9807850468994249
vn 0 0.19509148158134784 0.980785049750655
vn 0 0.19509148158134784 0.980785049750655
vn 0 0.19509148158134784 0.980785049750655
vn 0 0.5555706475345937 0.8314693353323335
vn 0 0.5555706475345937 0.8314693353323335
vn 0 0.5555706475345937 0.8314693353323335
vn 0 0.5555706063274427 0.8314693628660995
vn 0 0.5555706063274427 0.8314693628660995
vn 0 0.5555706063274427 0.8314693628660995
vn 0 0.8314699139158558 0.5555697816231183
vn 0 0.8314699139158558 0.5555697816231183
vn 0 0.8314699139158558 0.5555697816231183
vn 0 0.8314699323132922 0.5555697540893754
vn 0 0.8314699323132922 0.5555697540893754
vn 0 0.8314699323132922 0.5555697540893754
vn 0 0.9807850440481946 0.1950915102493725
vn 0 0.9807850440481946 0.1950915102493725
vn 0 0.9807850440481946 0.1950915102493725
vn 0 0.9807850468994249 0.19509149591536024
vn 0 0.9807850468994249 0.19509149591536024
vn 0 0.9807850468994249 0.19509149591536024
vn 0.012977166082508254 -0.9807853684500515 0.1946577873982021
vn 0.012977166082508254 -0.9807853684500515 0.1946577873982021
vn 0.012977166082508254 -0.9807853684500515 0.1946577873982021
vn 0.012977248730405283 -0.9807853503257099 0.19465787320800512
vn 0.012977248730405283 -0.9807853503257099 0.19465787320800512
vn 0.012977248730405283 -0.9807853503257099 0.19465787320800512
vn 0.03695623896376358 -0.831468629880038 0.5543411890948259
vn 0.03695623896376358 -0.831468629880038 0.5543411890948259
vn 0.03695623896376358 -0.831468629880038 0.5543411890948259
vn 0.036954727952510445 -0.8314696759317184 0.5543397208282655
vn 0.036954727952510445 -0.8314696759317184 0.5543397208282655
vn 0.036954727952510445 -0.8314696759317184 0.5543397208282655
vn 0.05530663324808196 -0.5555709122569723 0.8296277103452597
vn 0.05530663324808196 -0.5555709122569723 0.8296277103452597
vn 0.05530663324808196 -0.5555709122569723 0.8296277103452597
vn 0.05530867613415613 -0.5555686241938573 0.82962910638166
vn 0.05530867613415613 -0.5555686241938573 0.82962910638166
vn 0.05530867613415613 -0.5555686241938573 0.82962910638166
vn 0.06524092839079906 -0.19509187744497306 0.9786126816150005
vn 0.06524092839079906 -0.19509187744497306 0.9786126816150005
vn 0.06524092839079906 -0.19509187744497306 0.9786126816150005
vn 0.06524109806419175 -0.19509164887401848 0.9786127158702749
vn 0.06524109806419175 -0.19509164887401848 0.9786127158702749
vn 0.06524109806419175 -0.19509164887401848 0.9786127158702749
vn 0.06651925975558053 -6.109671749817201e-17 0.9977851412411238
vn 0.06651925975558053 -6.109671749817201e-17 0.9977851412411238
vn 0.06651925975558053 -6.109671749817201e-17 0.9977851412411238
vn 0.06651925975558053 -6.109671749817201e-17 0.9977851412411238
vn 0.06651925975558053 -6.109671749817201e-17 0.9977851412411238
vn 0.06651925975558053 -6.109671749817201e-17 0.9977851412411238
vn 0.06524110700035443 0.19509153410708974 0.9786127381539188
vn 0.06524110700035443 0.19509153410708974 0.9786127381539188
vn 0.06524110700035443 0.19509153410708974 0.9786127381539188
vn 0.06524093559547 0.19509129556432533 0.97861279713565
vn 0.06524093559547 0.19509129556432533 0.97861279713565
vn 0.06524093559547 0.19509129556432533 0.97861279713565
vn 0.055308592275875965 0.5555705498583134 0.8296278224303909
vn 0.055308592275875965 0.5555705498583134 0.8296278224303909
vn 0.055308592275875965 0.5555705498583134 0.8296278224303909
vn 0.055306756175090656 0.5555682299718202 0.8296294983710306
vn 0.055306756175090656 0.5555682299718202 0.8296294983710306
vn 0.055306756175090656 0.5555682299718202 0.8296294983710306
vn 0.03695469758080729 0.8314699611440647 0.5543392950547511
vn 0.03695469758080729 0.8314699611440647 0.5543392950547511
vn 0.03695469758080729 0.8314699611440647 0.5543392950547511
vn 0.036956002095335845 0.8314710489424885 0.5543375764636631
vn 0.036956002095335845 0.8314710489424885 0.5543375764636631
vn 0.036956002095335845 0.8314710489424885 0.5543375764636631
vn 0.01297734924999269 0.980785047522369 0.19465939217769102
vn 0.01297734924999269 0.980785047522369 0.19465939217769102
vn 0.01297734924999269 0.980785047522369 0.19465939217769102
vn 0.012977278976544163 0.9807850262402539 0.19465950409181013
vn 0.012977278976544163 0.9807850262402539 0.19465950409181013
vn 0.012977278976544163 0.9807850262402539 0.19465950409181013
vn 0.04386775846307083 -0.9807853487785829 0.1900939751509744
vn 0.04386775846307083 -0.9807853487785829 0.1900939751509744
vn 0.04386775846307083 -0.9807853487785829 0.1900939751509744
vn 0.043867879386135546 -0.980785327490085 0.19009405708314553
vn 0.043867879386135546 -0.980785327490085 0.19009405708314553
vn 0.043867879386135546 -0.980785327490085 0.19009405708314553
vn 0.12492527235858339 -0.8314697258363242 0.5413425637651282
vn 0.12492527235858339 -0.8314697258363242 0.5413425637651282
vn 0.12492527235858339 -0.8314697258363242 0.5413425637651282
vn 0.12492665872173014 -0.8314688950660875 0.5413435198450277
vn 0.12492665872173014 -0.8314688950660875 0.5413435198450277
vn 0.12492665872173014 -0.8314688950660875 0.5413435198450277
vn 0.1869658411613498 -0.55556858503109 0.810177339577812
vn 0.1869658411613498 -0.55556858503109 0.810177339577812
vn 0.1869658411613498 -0.55556858503109 0.810177339577812
vn 0.18696449482354813 -0.5555699403871361 0.8101767208539193
vn 0.18696449482354813 -0.5555699403871361 0.8101767208539193
vn 0.18696449482354813 -0.5555699403871361 0.8101767208539193
vn 0.22053955829602176 -0.1950914144281273 0.9556681658625177
vn 0.22053955829602176 -0.1950914144281273 0.9556681658625177
vn 0.22053955829602176 -0.1950914144281273 0.9556681658625177
vn 0.22054002694691163 -0.19509076643656761 0.9556681899934978
vn 0.22054002694691163 -0.19509076643656761 0.9556681899934978
vn 0.22054002694691163 -0.19509076643656761 0.9556681899934978
vn 0.22486068313689966 -5.966423319514437e-17 0.9743909242081471
vn 0.22486068313689966 -5.966423319514437e-17 0.9743909242081471
vn 0.22486068313689966 -5.966423319514437e-17 0.9743909242081471
vn 0.22486068313689966 -5.966423319514437e-17 0.9743909242081471
vn 0.22486068313689966 -5.966423319514437e-17 0.9743909242081471
vn 0.22486068313689966 -5.966423319514437e-17 0.9743909242081471
vn 0.2205400131515435 0.1950910505368151 0.9556681351805966
vn 0.2205400131515435 0.1950910505368151 0.9556681351805966
vn 0.2205400131515435 0.1950910505368151 0.9556681351805966
vn 0.2205396231660185 0.19509037772410662 0.9556683625260679
vn 0.2205396231660185 0.19509037772410662 0.9556683625260679
vn 0.2205396231660185 0.19509037772410662 0.9556683625260679
vn 0.18696476450880303 0.5555682758084562 0.8101778000830355
vn 0.18696476450880303 0.5555682758084562 0.8101778000830355
vn 0.18696476450880303 0.5555682758084562 0.8101778000830355
vn 0.1869656880679507 0.5555697053903108 0.8101766066345049
vn 0.1869656880679507 0.5555697053903108 0.8101766066345049
vn 0.1869656880679507 0.5555697053903108 0.8101766066345049
vn 0.12492593401681079 0.8314710275313085 0.5413404117429785
vn 0.12492593401681079 0.8314710275313085 0.5413404117429785
vn 0.12492593401681079 0.8314710275313085 0.5413404117429785
vn 0.12492511314827652 0.8314701843827438 0.5413418962055462
vn 0.12492511314827652 0.8314701843827438 0.5413418962055462
vn 0.12492511314827652 0.8314701843827438 0.5413418962055462
vn 0.04386821850424959 0.9807850320757769 0.19009550300146713
vn 0.04386821850424959 0.9807850320757769 0.19009550300146713
vn 0.04386821850424959 0.9807850320757769 0.19009550300146713
vn 0.043868146741577754 0.9807850101171871 0.19009563285590933
vn 0.043868146741577754 0.9807850101171871 0.19009563285590933
vn 0.043868146741577754 0.9807850101171871 0.19009563285590933
vn 0.08072886707992041 -0.9807853214456542 0.17760350012524423
vn 0.08072886707992041 -0.9807853214456542 0.17760350012524423
vn 0.08072886707992041 -0.9807853214456542 0.17760350012524423
vn 0.0807287862985999 -0.9807853357217078 0.17760345800690938
vn 0.0807287862985999 -0.9807853357217078 0.17760345800690938
vn 0.0807287862985999 -0.9807853357217078 0.17760345800690938
vn 0.22989689319430914 -0.8314688984678248 0.5057735554379119
vn 0.22989689319430914 -0.8314688984678248 0.5057735554379119
vn 0.22989689319430914 -0.8314688984678248 0.5057735554379119
vn 0.22989589355521434 -0.8314694303479669 0.5057731354305772
vn 0.22989589355521434 -0.8314694303479669 0.5057731354305772
vn 0.22989589355521434 -0.8314694303479669 0.5057731354305772
vn 0.34406342657725286 -0.5555699395847081 0.7569427988439834
vn 0.34406342657725286 -0.5555699395847081 0.7569427988439834
vn 0.34406342657725286 -0.5555699395847081 0.7569427988439834
vn 0.3440636930970382 -0.5555696984192958 0.7569428547061661
vn 0.3440636930970382 -0.5555696984192958 0.7569428547061661
vn 0.3440636930970382 -0.5555696984192958 0.7569428547061661
vn 0.405850582293407 -0.1950907226617555 0.8928745235381154
vn 0.405850582293407 -0.1950907226617555 0.8928745235381154
vn 0.405850582293407 -0.1950907226617555 0.8928745235381154
vn 0.40585071880423224 -0.1950905372634314 0.8928745019969792
vn 0.40585071880423224 -0.1950905372634314 0.8928745019969792
vn 0.40585071880423224 -0.1950905372634314 0.8928745019969792
vn 0.41380181038375763 -5.574389883099258e-17 0.9103669928787647
vn 0.41380181038375763 -5.574389883099258e-17 0.9103669928787647
vn 0.41380181038375763 -5.574389883099258e-17 0.9103669928787647
vn 0.41380181038375763 -5.574389883099258e-17 0.9103669928787647
vn 0.41380181038375763 -5.574389883099258e-17 0.9103669928787647
vn 0.41380181038375763 -5.574389883099258e-17 0.9103669928787647
vn 0.4058507362565688 0.1950903525129178 0.8928745344315664
vn 0.4058507362565688 0.1950903525129178 0.8928745344315664
vn 0.4058507362565688 0.1950903525129178 0.8928745344315664
vn 0.4058505851087682 0.1950901428698076 0.8928746489412209
vn 0.4058505851087682 0.1950901428698076 0.8928746489412209
vn 0.4058505851087682 0.1950901428698076 0.8928746489412209
vn 0.3440637266351532 0.5555695852423009 0.7569429225295843
vn 0.3440637266351532 0.5555695852423009 0.7569429225295843
vn 0.3440637266351532 0.5555695852423009 0.7569429225295843
vn 0.34406360914865797 0.555569409210212 0.7569431051336788
vn 0.34406360914865797 0.555569409210212 0.7569431051336788
vn 0.34406360914865797 0.555569409210212 0.7569431051336788
vn 0.22989538586353814 0.8314702610075271 0.505772000627486
vn 0.22989538586353814 0.8314702610075271 0.505772000627486
vn 0.22989538586353814 0.8314702610075271 0.505772000627486
vn 0.22989572575350126 0.831470787189583 0.5057709811076614
vn 0.22989572575350126 0.831470787189583 0.5057709811076614
vn 0.22989572575350126 0.831470787189583 0.5057709811076614
vn 0.080729476491338 0.9807850047591041 0.1776049719605806
vn 0.080729476491338 0.9807850047591041 0.1776049719605806
vn 0.080729476491338 0.9807850047591041 0.1776049719605806
vn 0.08072949955201661 0.9807850133720001 0.17760491391559777
vn 0.08072949955201661 0.9807850133720001 0.17760491391559777
vn 0.08072949955201661 0.9807850133720001 0.17760491391559777
vn 0.1197739860015029 -0.9807853270233264 0.1539945926747377
vn 0.1197739860015029 -0.9807853270233264 0.1539945926747377
vn 0.1197739860015029 -0.9807853270233264 0.1539945926747377
vn 0.11977412498203474 -0.9807853058925659 0.15399461915928717
vn 0.11977412498203474 -0.9807853058925659 0.15399461915928717
vn 0.11977412498203474 -0.9807853058925659 0.15399461915928717
vn 0.34108830575153887 -0.8314693832643387 0.4385401148966474
vn 0.34108830575153887 -0.8314693832643387 0.4385401148966474
vn 0.34108830575153887 -0.8314693832643387 0.4385401148966474
vn 0.3410881402678296 -0.8314694623196648 0.4385400937183296
vn 0.3410881402678296 -0.8314694623196648 0.4385400937183296
vn 0.3410881402678296 -0.8314694623196648 0.4385400937183296
vn 0.5104743789204933 -0.5555698818169258 0.6563215788648608
vn 0.5104743789204933 -0.5555698818169258 0.6563215788648608
vn 0.5104743789204933 -0.5555698818169258 0.6563215788648608
vn 0.5104738670033856 -0.5555703853453411 0.6563215507918653
vn 0.5104738670033856 -0.5555703853453411 0.6563215507918653
vn 0.5104738670033856 -0.5555703853453411 0.6563215507918653
vn 0.6021450812281727 -0.1950901466319863 0.774184174366686
vn 0.6021450812281727 -0.1950901466319863 0.774184174366686
vn 0.6021450812281727 -0.1950901466319863 0.774184174366686
vn 0.6021437642376832 -0.19509211174229812 0.7741847034949761
vn 0.6021437642376832 -0.19509211174229812 0.7741847034949761
vn 0.6021437642376832 -0.19509211174229812 0.7741847034949761
vn 0.6139406960444225 -4.8333878863925676e-17 0.7893521531867065
vn 0.6139406960444225 -4.8333878863925676e-17 0.7893521531867065
vn 0.6139406960444225 -4.8333878863925676e-17 0.7893521531867065
vn 0.6139406960444225 -4.8333878863925676e-17 0.7893521531867065
vn 0.6139406960444225 -4.8333878863925676e-17 0.7893521531867065
vn 0.6139406960444225 -4.8333878863925676e-17 0.7893521531867065
vn 0.6021440570629911 0.19508981527939248 0.7741850544398114
vn 0.6021440570629911 0.19508981527939248 0.7741850544398114
vn 0.6021440570629911 0.19508981527939248 0.7741850544398114
vn 0.602144884088361 0.1950917947234058 0.7741839123863367
vn 0.602144884088361 0.1950917947234058 0.7741839123863367
vn 0.602144884088361 0.1950917947234058 0.7741839123863367
vn 0.510474211405217 0.5555695960904865 0.6563219510195247
vn 0.510474211405217 0.5555695960904865 0.6563219510195247
vn 0.510474211405217 0.5555695960904865 0.6563219510195247
vn 0.5104743240748031 0.5555700658102225 0.6563214657742027
vn 0.5104743240748031 0.5555700658102225 0.6563214657742027
vn 0.5104743240748031 0.5555700658102225 0.6563214657742027
vn 0.341087002981762 0.8314707023214588 0.43853862723593634
vn 0.341087002981762 0.8314707023214588 0.43853862723593634
vn 0.341087002981762 0.8314707023214588 0.43853862723593634
vn 0.34108698648949637 0.8314707943721438 0.43853846553486053
vn 0.34108698648949637 0.8314707943721438 0.43853846553486053
vn 0.34108698648949637 0.8314707943721438 0.43853846553486053
vn 0.11977504889696187 0.9807850082209375 0.15399579640622102
vn 0.11977504889696187 0.9807850082209375 0.15399579640622102
vn 0.11977504889696187 0.9807850082209375 0.15399579640622102
vn 0.11977503852991929 0.9807849843393157 0.1539959565692693
vn 0.11977503852991929 0.9807849843393157 0.1539959565692693
vn 0.11977503852991929 0.9807849843393157 0.1539959565692693
vn 0.1539946931350404 -0.9807853025166859 0.1197740575145453
vn 0.1539946931350404 -0.9807853025166859 0.1197740575145453
vn 0.1539946931350404 -0.9807853025166859 0.1197740575145453
vn 0.15399454751971783 -0.9807853241475141 0.11977406760669501
vn 0.15399454751971783 -0.9807853241475141 0.11977406760669501
vn 0.15399454751971783 -0.9807853241475141 0.11977406760669501
vn 0.438539984061489 -0.8314694804310535 0.3410882371045107
vn 0.438539984061489 -0.8314694804310535 0.3410882371045107
vn 0.438539984061489 -0.8314694804310535 0.3410882371045107
vn 0.4385401787488648 -0.8314693944173367 0.34108819646856914
vn 0.4385401787488648 -0.8314693944173367 0.34108819646856914
vn 0.4385401787488648 -0.8314693944173367 0.34108819646856914
vn 0.6563212735222739 -0.5555704120629422 0.5104741944136972
vn 0.6563212735222739 -0.5555704120629422 0.5104741944136972
vn 0.6563212735222739 -0.5555704120629422 0.5104741944136972
vn 0.656321758767742 -0.5555699423433543 0.5104740817442349
vn 0.656321758767742 -0.5555699423433543 0.5104740817442349
vn 0.656321758767742 -0.5555699423433543 0.5104740817442349
vn 0.7741838622772584 -0.1950921547441225 0.6021448318691796
vn 0.7741838622772584 -0.1950921547441225 0.6021448318691796
vn 0.7741838622772584 -0.1950921547441225 0.6021448318691796
vn 0.7741850020806991 -0.19509018963425154 0.6021440030937616
vn 0.7741850020806991 -0.19509018963425154 0.6021440030937616
vn 0.7741850020806991 -0.19509018963425154 0.6021440030937616
vn 0.7893521531867065 -3.759302498215237e-17 0.6139406960444225
vn 0.7893521531867065 -3.759302498215237e-17 0.6139406960444225
vn 0.7893521531867065 -3.759302498215237e-17 0.6139406960444225
vn 0.7893521531867065 -3.759302498215237e-17 0.6139406960444225
vn 0.7893521531867065 -3.759302498215237e-17 0.6139406960444225
vn 0.7893521531867065 -3.759302498215237e-17 0.6139406960444225
vn 0.7741847558546705 0.19509173738756735 0.6021438182073655
vn 0.7741847558546705 0.19509173738756735 0.6021438182073655
vn 0.7741847558546705 0.19509173738756735 0.6021438182073655
vn 0.7741842244751795 0.19508978661114104 0.6021451334468995
vn 0.7741842244751795 0.19508978661114104 0.6021451334468995
vn 0.7741842244751795 0.19508978661114104 0.6021451334468995
vn 0.6563217013403417 0.5555700633956593 0.510474023833008
vn 0.6563217013403417 0.5555700633956593 0.510474023833008
vn 0.6563217013403417 0.5555700633956593 0.510474023833008
vn 0.6563216954837121 0.5555695816009264 0.5104745557196332
vn 0.6563216954837121 0.5555695816009264 0.5104745557196332
vn 0.6563216954837121 0.5555695816009264 0.5104745557196332
vn 0.43853852259222664 0.8314707895424923 0.34108692490362574
vn 0.43853852259222664 0.8314707895424923 0.34108692490362574
vn 0.43853852259222664 0.8314707895424923 0.34108692490362574
vn 0.4385385701785735 0.831470707151111 0.34108706456763155
vn 0.4385385701785735 0.831470707151111 0.34108706456763155
vn 0.4385385701785735 0.831470707151111 0.34108706456763155
vn 0.1539958825935263 0.9807849877152226 0.11977510599741414
vn 0.1539958825935263 0.9807849877152226 0.11977510599741414
vn 0.1539958825935263 0.9807849877152226 0.11977510599741414
vn 0.15399587065681594 0.9807850065955246 0.11977496674207774
vn 0.15399587065681594 0.9807850065955246 0.11977496674207774
vn 0.15399587065681594 0.9807850065955246 0.11977496674207774
vn 0.1776034428280048 -0.9807853341879185 0.08072883832641863
vn 0.1776034428280048 -0.9807853341879185 0.08072883832641863
vn 0.1776034428280048 -0.9807853341879185 0.08072883832641863
vn 0.17760351541097316 -0.9807853235693634 0.08072880765007825
vn 0.17760351541097316 -0.9807853235693634 0.08072880765007825
vn 0.17760351541097316 -0.9807853235693634 0.08072880765007825
vn 0.5057727679843148 -0.83146947381159 0.22989654474341742
vn 0.5057727679843148 -0.83146947381159 0.22989654474341742
vn 0.5057727679843148 -0.83146947381159 0.22989654474341742
vn 0.5057737892356684 -0.8314689504760414 0.22989619073935033
vn 0.5057737892356684 -0.8314689504760414 0.22989619073935033
vn 0.5057737892356684 -0.8314689504760414 0.22989619073935033
vn 0.7569429344908675 -0.5555697132307543 0.34406349365349936
vn 0.7569429344908675 -0.5555697132307543 0.34406349365349936
vn 0.7569429344908675 -0.5555697132307543 0.34406349365349936
vn 0.7569426936058593 -0.5555699498390628 0.3440636415440134
vn 0.7569426936058593 -0.5555699498390628 0.3440636415440134
vn 0.7569426936058593 -0.5555699498390628 0.3440636415440134
vn 0.8928745598772837 -0.1950905219855061 0.40585059881115076
vn 0.8928745598772837 -0.1950905219855061 0.40585059881115076
vn 0.8928745598772837 -0.1950905219855061 0.40585059881115076
vn 0.8928744708491222 -0.19509070927164596 0.40585070464616174
vn 0.8928744708491222 -0.19509070927164596 0.40585070464616174
vn 0.8928744708491222 -0.19509070927164596 0.40585070464616174
vn 0.9103669928787647 -2.5338052061434538e-17 0.41380181038375763
vn 0.9103669928787647 -2.5338052061434538e-17 0.41380181038375763
vn 0.9103669928787647 -2.5338052061434538e-17 0.41380181038375763
vn 0.9103669928787647 -2.5338052061434538e-17 0.41380181038375763
vn 0.9103669928787647 -2.5338052061434538e-17 0.41380181038375763
vn 0.9103669928787647 -2.5338052061434538e-17 0.41380181038375763
vn 0.8928745776657006 0.1950901701220815 0.4058507288154526
vn 0.8928745776657006 0.1950901701220815 0.4058507288154526
vn 0.8928745776657006 0.1950901701220815 0.4058507288154526
vn 0.8928745979201416 0.19509036826270587 0.40585058901037413
vn 0.8928745979201416 0.19509036826270587 0.40585058901037413
vn 0.8928745979201416 0.19509036826270587 0.40585058901037413
vn 0.7569430581763832 0.555569358888273 0.34406379371136636
vn 0.7569430581763832 0.555569358888273 0.34406379371136636
vn 0.7569430581763832 0.555569358888273 0.34406379371136636
vn 0.7569429694868679 0.5555696355642253 0.34406354207244394
vn 0.7569429694868679 0.5555696355642253 0.34406354207244394
vn 0.7569429694868679 0.5555696355642253 0.34406354207244394
vn 0.5057713234881972 0.8314707621234894 0.22989506317183314
vn 0.5057713234881972 0.8314707621234894 0.22989506317183314
vn 0.5057713234881972 0.8314707621234894 0.22989506317183314
vn 0.5057716991391891 0.831470255311079 0.22989606974193072
vn 0.5057716991391891 0.831470255311079 0.22989606974193072
vn 0.5057716991391891 0.831470255311079 0.22989606974193072
vn 0.17760491455655414 0.9807850169115441 0.0807294551398766
vn 0.17760491455655414 0.9807850169115441 0.0807294551398766
vn 0.17760491455655414 0.9807850169115441 0.0807294551398766
vn 0.1776049568884979 0.9807850038152266 0.08072952111712961
vn 0.1776049568884979 0.9807850038152266 0.08072952111712961
vn 0.1776049568884979 0.9807850038152266 0.08072952111712961
vn 0.19009408661623547 -0.9807853261009847 0.043867782466455514
vn 0.19009408661623547 -0.9807853261009847 0.043867782466455514
vn 0.19009408661623547 -0.9807853261009847 0.043867782466455514
vn 0.19009394564895046 -0.9807853503279627 0.04386785166462581
vn 0.19009394564895046 -0.9807853503279627 0.04386785166462581
vn 0.19009394564895046 -0.9807853503279627 0.04386785166462581
vn 0.5413438046001948 -0.8314688746872071 0.12492556042450065
vn 0.5413438046001948 -0.8314688746872071 0.12492556042450065
vn 0.5413438046001948 -0.8314688746872071 0.12492556042450065
vn 0.5413423617731212 -0.831469690236186 0.12492638459685013
vn 0.5413423617731212 -0.831469690236186 0.12492638459685013
vn 0.5413423617731212 -0.831469690236186 0.12492638459685013
vn 0.8101764200770293 -0.5555699981034801 0.1869656266763174
vn 0.8101764200770293 -0.5555699981034801 0.1869656266763174
vn 0.8101764200770293 -0.5555699981034801 0.1869656266763174
vn 0.8101775662165337 -0.5555686365578504 0.18696470595464132
vn 0.8101775662165337 -0.5555686365578504 0.18696470595464132
vn 0.8101775662165337 -0.5555686365578504 0.18696470595464132
vn 0.9556682949358744 -0.1950907458895201 0.22053959037467513
vn 0.9556682949358744 -0.1950907458895201 0.22053959037467513
vn 0.9556682949358744 -0.1950907458895201 0.22053959037467513
vn 0.9556680585307106 -0.1950914317539752 0.2205400080718375
vn 0.9556680585307106 -0.1950914317539752 0.2205400080718375
vn 0.9556680585307106 -0.1950914317539752 0.2205400080718375
vn 0.9743909242081471 -1.3768745554012956e-17 0.22486068313689966
vn 0.9743909242081471 -1.3768745554012956e-17 0.22486068313689966
vn 0.9743909242081471 -1.3768745554012956e-17 0.22486068313689966
vn 0.9743909242081471 -1.3768745554012956e-17 0.22486068313689966
vn 0.9743909242081471 -1.3768745554012956e-17 0.22486068313689966
vn 0.9743909242081471 -1.3768745554012956e-17 0.22486068313689966
vn 0.9556682614755085 0.19509039633219513 0.2205400445890185
vn 0.9556682614755085 0.19509039633219513 0.2205400445890185
vn 0.9556682614755085 0.19509039633219513 0.2205400445890185
vn 0.9556682314259535 0.19509105801668655 0.2205395894734548
vn 0.9556682314259535 0.19509105801668655 0.2205395894734548
vn 0.9556682314259535 0.19509105801668655 0.2205395894734548
vn 0.8101769074113956 0.5555696476739633 0.18696455621517016
vn 0.8101769074113956 0.5555696476739633 0.18696455621517016
vn 0.8101769074113956 0.5555696476739633 0.18696455621517016
vn 0.8101775734442928 0.5555682242816733 0.1869658997155
vn 0.8101775734442928 0.5555682242816733 0.1869658997155
vn 0.8101775734442928 0.5555682242816733 0.1869658997155
vn 0.5413415429880828 0.8314702507615185 0.12492620195082951
vn 0.5413415429880828 0.8314702507615185 0.12492620195082951
vn 0.5413415429880828 0.8314702507615185 0.12492620195082951
vn 0.5413406553684886 0.8314710355288826 0.12492482508189966
vn 0.5413406553684886 0.8314710355288826 0.12492482508189966
vn 0.5413406553684886 0.8314710355288826 0.12492482508189966
vn 0.19009560332282419 0.9807850115062975 0.043868243661256995
vn 0.19009560332282419 0.9807850115062975 0.043868243661256995
vn 0.19009560332282419 0.9807850115062975 0.043868243661256995
vn 0.19009554689724154 0.9807850279084518 0.04386812146030559
vn 0.19009554689724154 0.9807850279084518 0.04386812146030559
vn 0.19009554689724154 0.9807850279084518 0.04386812146030559
vn 0.1946578877374514 -0.9807853484528228 0.012977172337174752
vn 0.1946578877374514 -0.9807853484528228 0.012977172337174752
vn 0.1946578877374514 -0.9807853484528228 0.012977172337174752
vn 0.19465780153946555 -0.9807853646212988 0.012977243331621766
vn 0.19465780153946555 -0.9807853646212988 0.012977243331621766
vn 0.19465780153946555 -0.9807853646212988 0.012977243331621766
vn 0.5543395407186771 -0.8314697335929827 0.03695613230061124
vn 0.5543395407186771 -0.8314697335929827 0.03695613230061124
vn 0.5543395407186771 -0.8314697335929827 0.03695613230061124
vn 0.5543412593071513 -0.8314686457907328 0.036954827785915356
vn 0.5543412593071513 -0.8314686457907328 0.036954827785915356
vn 0.5543412593071513 -0.8314686457907328 0.036954827785915356
vn 0.8296292784793989 -0.5555685600916568 0.055306738535509326
vn 0.8296292784793989 -0.5555685600916568 0.055306738535509326
vn 0.8296292784793989 -0.5555685600916568 0.055306738535509326
vn 0.8296275841290229 -0.5555709075646805 0.05530857365723852
vn 0.8296275841290229 -0.5555709075646805 0.05530857365723852
vn 0.8296275841290229 -0.5555709075646805 0.05530857365723852
vn 0.9786127268110856 -0.19509165105512727 0.06524092743022718
vn 0.9786127268110856 -0.19509165105512727 0.06524092743022718
vn 0.9786127268110856 -0.19509165105512727 0.06524092743022718
vn 0.9786126649843485 -0.19509190393188264 0.06524109864544188
vn 0.9786126649843485 -0.19509190393188264 0.06524109864544188
vn 0.9786126649843485 -0.19509190393188264 0.06524109864544188
vn 0.9977851412411238 -4.0731299405827504e-18 0.06651925975558053
vn 0.9977851412411238 -4.0731299405827504e-18 0.06651925975558053
vn 0.9977851412411238 -4.0731299405827504e-18 0.06651925975558053
vn 0.9977851412411238 -4.0731299405827504e-18 0.06651925975558053
vn 0.9977851412411238 -4.0731299405827504e-18 0.06651925975558053
vn 0.9977851412411238 -4.0731299405827504e-18 0.06651925975558053
vn 0.9786127890397491 0.1950912790492062 0.0652411064190978
vn 0.9786127890397491 0.1950912790492062 0.0652411064190978
vn 0.9786127890397491 0.1950912790492062 0.0652411064190978
vn 0.9786127544619417 0.19509151057452273 0.06524093275055252
vn 0.9786127544619417 0.19509151057452273 0.06524093275055252
vn 0.9786127544619417 0.19509151057452273 0.06524093275055252
vn 0.8296293262733055 0.5555682940740351 0.05530869377383491
vn 0.8296293262733055 0.5555682940740351 0.05530869377383491
vn 0.8296293262733055 0.5555682940740351 0.05530869377383491
vn 0.8296279211738495 0.5555705957577611 0.05530665003526335
vn 0.8296279211738495 0.5555705957577611 0.05530665003526335
vn 0.8296279211738495 0.5555705957577611 0.05530665003526335
vn 0.5543377291006643 0.8314710096787616 0.03695459591578443
vn 0.5543377291006643 0.8314710096787616 0.03695459591578443
vn 0.5543377291006643 0.8314710096787616 0.03695459591578443
vn 0.5543392248425001 0.8314699452334003 0.03695610875866735
vn 0.5543392248425001 0.8314699452334003 0.03695610875866735
vn 0.5543392248425001 0.8314699452334003 0.03695610875866735
vn 0.19465947522349486 0.9807850309462187 0.01297735633858641
vn 0.19465947522349486 0.9807850309462187 0.01297735633858641
vn 0.19465947522349486 0.9807850309462187 0.01297735633858641
vn 0.1946593923729623 0.9807850485062368 0.012977271963238977
vn 0.1946593923729623 0.9807850485062368 0.012977271963238977
vn 0.1946593923729623 0.9807850485062368 0.012977271963238977
vn 0.1950898908171298 -0.9807853661739456 -6.005578055179305e-17
vn 0.1950898908171298 -0.9807853661739456 -6.005578055179305e-17
vn 0.1950898908171298 -0.9807853661739456 -6.005578055179305e-17
vn 0.1950898908171298 -0.9807853661739456 -6.005578055179305e-17
vn 0.1950898908171298 -0.9807853661739456 -6.005578055179305e-17
vn 0.1950898908171298 -0.9807853661739456 -6.005578055179305e-17
vn 0.555571747201803 -0.8314686005563504 -5.0912769306152465e-17
vn 0.555571747201803 -0.8314686005563504 -5.0912769306152465e-17
vn 0.555571747201803 -0.8314686005563504 -5.0912769306152465e-17
vn 0.555571747201803 -0.8314686005563504 -5.0912769306152465e-17
vn 0.555571747201803 -0.8314686005563504 -5.0912769306152465e-17
vn 0.555571747201803 -0.8314686005563504 -5.0912769306152465e-17
vn 0.8314691240734573 -0.5555709637053736 -3.401891133740585e-17
vn 0.8314691240734573 -0.5555709637053736 -3.401891133740585e-17
vn 0.8314691240734573 -0.5555709637053736 -3.401891133740585e-17
vn 0.8314691240734573 -0.5555709637053736 -3.401891133740585e-17
vn 0.8314691240734573 -0.5555709637053736 -3.401891133740585e-17
vn 0.8314691240734573 -0.5555709637053736 -3.401891133740585e-17
vn 0.9807849739326411 -0.195091862741501 -1.1945931734771861e-17
vn 0.9807849739326411 -0.195091862741501 -1.1945931734771861e-17
vn 0.9807849739326411 -0.195091862741501 -1.1945931734771861e-17
vn 0.9807849739326411 -0.195091862741501 -1.1945931734771861e-17
vn 0.9807849739326411 -0.195091862741501 -1.1945931734771861e-17
vn 0.9807849739326411 -0.195091862741501 -1.1945931734771861e-17
vn 1 0 0
vn 1 0 0
vn 1 0 0
vn 1 0 0
vn 1 0 0
vn 1 0 0
vn 0.9807850468994249 0.19509149591536024 1.1945908837663586e-17
vn 0.9807850468994249 0.19509149591536024 1.1945908837663586e-17
vn 0.9807850468994249 0.19509149591536024 1.1945908837663586e-17
vn 0.980785049750655 0.19509148158134784 1.194590804521082e-17
vn 0.980785049750655 0.19509148158134784 1.194590804521082e-17
vn 0.980785049750655 0.19509148158134784 1.194590804521082e-17
vn 0.8314693353323335 0.5555706475345937 3.401889037385384e-17
vn 0.8314693353323335 0.5555706475345937 3.401889037385384e-17
vn 0.8314693353323335 0.5555706475345937 3.401889037385384e-17
vn 0.8314693628660995 0.5555706063274427 3.401888819165297e-17
vn 0.8314693628660995 0.5555706063274427 3.401888819165297e-17
vn 0.8314693628660995 0.5555706063274427 3.401888819165297e-17
vn 0.5555697816231183 0.8314699139158558 5.091284884146579e-17
vn 0.5555697816231183 0.8314699139158558 5.091284884146579e-17
vn 0.5555697816231183 0.8314699139158558 5.091284884146579e-17
vn 0.5555697540893754 0.8314699323132922 5.091284962697444e-17
vn 0.5555697540893754 0.8314699323132922 5.091284962697444e-17
vn 0.5555697540893754 0.8314699323132922 5.091284962697444e-17
vn 0.1950915102493725 0.9807850440481946 6.005575922360431e-17
vn 0.1950915102493725 0.9807850440481946 6.005575922360431e-17
vn 0.1950915102493725 0.9807850440481946 6.005575922360431e-17
vn 0.19509149591536024 0.9807850468994249 6.00557593981918e-17
vn 0.19509149591536024 0.9807850468994249 6.00557593981918e-17
vn 0.19509149591536024 0.9807850468994249 6.00557593981918e-17
vn 0.19465778739820214 -0.9807853684500517 -0.012977166082508257
vn 0.19465778739820214 -0.9807853684500517 -0.012977166082508257
vn 0.19465778739820214 -0.9807853684500517 -0.012977166082508257
vn 0.19465787320800512 -0.9807853503257099 -0.012977248730405283
vn 0.19465787320800512 -0.9807853503257099 -0.012977248730405283
vn 0.19465787320800512 -0.9807853503257099 -0.012977248730405283
vn 0.5543411890948259 -0.831468629880038 -0.03695623896376358
vn 0.5543411890948259 -0.831468629880038 -0.03695623896376358
vn 0.5543411890948259 -0.831468629880038 -0.03695623896376358
vn 0.5543397208282655 -0.8314696759317184 -0.036954727952510445
vn 0.5543397208282655 -0.8314696759317184 -0.036954727952510445
vn 0.5543397208282655 -0.8314696759317184 -0.036954727952510445
vn 0.8296277103452597 -0.5555709122569723 -0.05530663324808196
vn 0.8296277103452597 -0.5555709122569723 -0.05530663324808196
vn 0.8296277103452597 -0.5555709122569723 -0.05530663324808196
vn 0.82962910638166 -0.5555686241938573 -0.05530867613415613
vn 0.82962910638166 -0.5555686241938573 -0.05530867613415613
vn 0.82962910638166 -0.5555686241938573 -0.05530867613415613
vn 0.9786126816150005 -0.19509187744497306 -0.06524092839079906
vn 0.9786126816150005 -0.19509187744497306 -0.06524092839079906
vn 0.9786126816150005 -0.19509187744497306 -0.06524092839079906
vn 0.9786127158702749 -0.19509164887401848 -0.06524109806419175
vn 0.9786127158702749 -0.19509164887401848 -0.06524109806419175
vn 0.9786127158702749 -0.19509164887401848 -0.06524109806419175
vn 0.9977851412411238 4.0731299405827504e-18 -0.06651925975558053
vn 0.9977851412411238 4.0731299405827504e-18 -0.06651925975558053
vn 0.9977851412411238 4.0731299405827504e-18 -0.06651925975558053
vn 0.9977851412411238 4.0731299405827504e-18 -0.06651925975558053
vn 0.9977851412411238 4.0731299405827504e-18 -0.06651925975558053
vn 0.9977851412411238 4.0731299405827504e-18 -0.06651925975558053
vn 0.9786127381539188 0.19509153410708974 -0.06524110700035443
vn 0.9786127381539188 0.19509153410708974 -0.06524110700035443
vn 0.9786127381539188 0.19509153410708974 -0.06524110700035443
vn 0.97861279713565 0.19509129556432533 -0.06524093559547
vn 0.97861279713565 0.19509129556432533 -0.06524093559547
vn 0.97861279713565 0.19509129556432533 -0.06524093559547
vn 0.8296278224303909 0.5555705498583134 -0.055308592275875965
vn 0.8296278224303909 0.5555705498583134 -0.055308592275875965
vn 0.8296278224303909 0.5555705498583134 -0.055308592275875965
vn 0.8296294983710306 0.5555682299718202 -0.055306756175090656
vn 0.8296294983710306 0.5555682299718202 -0.055306756175090656
vn 0.8296294983710306 0.5555682299718202 -0.055306756175090656
vn 0.5543392950547511 0.8314699611440647 -0.03695469758080729
vn 0.5543392950547511 0.8314699611440647 -0.03695469758080729
vn 0.5543392950547511 0.8314699611440647 -0.03695469758080729
vn 0.5543375764636631 0.8314710489424885 -0.036956002095335845
vn 0.5543375764636631 0.8314710489424885 -0.036956002095335845
vn 0.5543375764636631 0.8314710489424885 -0.036956002095335845
vn 0.19465939217769102 0.980785047522369 -0.01297734924999269
vn 0.19465939217769102 0.980785047522369 -0.01297734924999269
vn 0.19465939217769102 0.980785047522369 -0.01297734924999269
vn 0.19465950409181013 0.9807850262402539 -0.012977278976544163
vn 0.19465950409181013 0.9807850262402539 -0.012977278976544163
vn 0.19465950409181013 0.9807850262402539 -0.012977278976544163
vn 0.1900939751509744 -0.9807853487785829 -0.04386775846307083
vn 0.1900939751509744 -0.9807853487785829 -0.04386775846307083
vn 0.1900939751509744 -0.9807853487785829 -0.04386775846307083
vn 0.19009405708314553 -0.980785327490085 -0.043867879386135546
vn 0.19009405708314553 -0.980785327490085 -0.043867879386135546
vn 0.19009405708314553 -0.980785327490085 -0.043867879386135546
vn 0.5413425637651282 -0.8314697258363242 -0.12492527235858339
vn 0.5413425637651282 -0.8314697258363242 -0.12492527235858339
vn 0.5413425637651282 -0.8314697258363242 -0.12492527235858339
vn 0.5413435198450277 -0.8314688950660875 -0.12492665872173014
vn 0.5413435198450277 -0.8314688950660875 -0.12492665872173014
vn 0.5413435198450277 -0.8314688950660875 -0.12492665872173014
vn 0.810177339577812 -0.55556858503109 -0.1869658411613498
vn 0.810177339577812 -0.55556858503109 -0.1869658411613498
vn 0.810177339577812 -0.55556858503109 -0.1869658411613498
vn 0.8101767208539193 -0.5555699403871361 -0.18696449482354813
vn 0.8101767208539193 -0.5555699403871361 -0.18696449482354813
vn 0.8101767208539193 -0.5555699403871361 -0.18696449482354813
vn 0.9556681658625177 -0.1950914144281273 -0.22053955829602176
vn 0.9556681658625177 -0.1950914144281273 -0.22053955829602176
vn 0.9556681658625177 -0.1950914144281273 -0.22053955829602176
vn 0.9556681899934978 -0.19509076643656761 -0.22054002694691163
vn 0.9556681899934978 -0.19509076643656761 -0.22054002694691163
vn 0.9556681899934978 -0.19509076643656761 -0.22054002694691163
vn 0.9743909242081471 1.3768745554012956e-17 -0.22486068313689966
vn 0.9743909242081471 1.3768745554012956e-17 -0.22486068313689966
vn 0.9743909242081471 1.3768745554012956e-17 -0.22486068313689966
vn 0.9743909242081471 1.3768745554012956e-17 -0.22486068313689966
vn 0.9743909242081471 1.3768745554012956e-17 -0.22486068313689966
vn 0.9743909242081471 1.3768745554012956e-17 -0.22486068313689966
vn 0.9556681351805966 0.1950910505368151 -0.2205400131515435
vn 0.9556681351805966 0.1950910505368151 -0.2205400131515435
vn 0.9556681351805966 0.1950910505368151 -0.2205400131515435
vn 0.9556683625260679 0.19509037772410662 -0.2205396231660185
vn 0.9556683625260679 0.19509037772410662 -0.2205396231660185
vn 0.9556683625260679 0.19509037772410662 -0.2205396231660185
vn 0.8101778000830355 0.5555682758084562 -0.18696476450880303
vn 0.8101778000830355 0.5555682758084562 -0.18696476450880303
vn 0.8101778000830355 0.5555682758084562 -0.18696476450880303
vn 0.8101766066345049 0.5555697053903108 -0.1869656880679507
vn 0.8101766066345049 0.5555697053903108 -0.1869656880679507
vn 0.8101766066345049 0.5555697053903108 -0.1869656880679507
vn 0.5413404117429785 0.8314710275313085 -0.12492593401681079
vn 0.5413404117429785 0.8314710275313085 -0.12492593401681079
vn 0.5413404117429785 0.8314710275313085 -0.12492593401681079
vn 0.5413418962055462 0.8314701843827438 -0.12492511314827652
vn 0.5413418962055462 0.8314701843827438 -0.12492511314827652
vn 0.5413418962055462 0.8314701843827438 -0.12492511314827652
vn 0.19009550300146713 0.9807850320757769 -0.04386821850424959
vn 0.19009550300146713 0.9807850320757769 -0.04386821850424959
vn 0.19009550300146713 0.9807850320757769 -0.04386821850424959
vn 0.19009563285590933 0.9807850101171871 -0.043868146741577754
vn 0.19009563285590933 0.9807850101171871 -0.043868146741577754
vn 0.19009563285590933 0.9807850101171871 -0.043868146741577754
vn 0.17760350012524423 -0.9807853214456542 -0.08072886707992041
vn 0.17760350012524423 -0.9807853214456542 -0.08072886707992041
vn 0.17760350012524423 -0.9807853214456542 -0.08072886707992041
vn 0.17760345800690938 -0.9807853357217078 -0.0807287862985999
vn 0.17760345800690938 -0.9807853357217078 -0.0807287862985999
vn 0.17760345800690938 -0.9807853357217078 -0.0807287862985999
vn 0.5057735554379119 -0.8314688984678248 -0.22989689319430914
vn 0.5057735554379119 -0.8314688984678248 -0.22989689319430914
vn 0.5057735554379119 -0.8314688984678248 -0.22989689319430914
vn 0.5057731354305772 -0.8314694303479669 -0.22989589355521434
vn 0.5057731354305772 -0.8314694303479669 -0.22989589355521434
vn 0.5057731354305772 -0.8314694303479669 -0.22989589355521434
vn 0.7569427988439834 -0.5555699395847081 -0.34406342657725286
vn 0.7569427988439834 -0.5555699395847081 -0.34406342657725286
vn 0.7569427988439834 -0.5555699395847081 -0.34406342657725286
vn 0.7569428547061661 -0.5555696984192958 -0.3440636930970382
vn 0.7569428547061661 -0.5555696984192958 -0.3440636930970382
vn 0.7569428547061661 -0.5555696984192958 -0.3440636930970382
vn 0.8928745235381154 -0.1950907226617555 -0.405850582293407
vn 0.8928745235381154 -0.1950907226617555 -0.405850582293407
vn 0.8928745235381154 -0.1950907226617555 -0.405850582293407
vn 0.8928745019969792 -0.1950905372634314 -0.40585071880423224
vn 0.8928745019969792 -0.1950905372634314 -0.40585071880423224
vn 0.8928745019969792 -0.1950905372634314 -0.40585071880423224
vn 0.9103669928787647 2.5338052061434538e-17 -0.41380181038375763
vn 0.9103669928787647 2.5338052061434538e-17 -0.41380181038375763
vn 0.9103669928787647 2.5338052061434538e-17 -0.41380181038375763
vn 0.9103669928787647 2.5338052061434538e-17 -0.41380181038375763
vn 0.9103669928787647 2.5338052061434538e-17 -0.41380181038375763
vn 0.9103669928787647 2.5338052061434538e-17 -0.41380181038375763
vn 0.8928745344315664 0.1950903525129178 -0.4058507362565688
vn 0.8928745344315664 0.1950903525129178 -0.4058507362565688
vn 0.8928745344315664 0.1950903525129178 -0.4058507362565688
vn 0.8928746489412209 0.1950901428698076 -0.4058505851087682
vn 0.8928746489412209 0.1950901428698076 -0.4058505851087682
vn 0.8928746489412209 0.1950901428698076 -0.4058505851087682
vn 0.7569429225295843 0.5555695852423009 -0.3440637266351532
vn 0.7569429225295843 0.5555695852423009 -0.3440637266351532
vn 0.7569429225295843 0.5555695852423009 -0.3440637266351532
vn 0.7569431051336788 0.555569409210212 -0.34406360914865797
vn 0.7569431051336788 0.555569409210212 -0.34406360914865797
vn 0.7569431051336788 0.555569409210212 -0.34406360914865797
vn 0.505772000627486 0.8314702610075271 -0.22989538586353814
vn 0.505772000627486 0.8314702610075271 -0.22989538586353814
vn 0.505772000627486 0.8314702610075271 -0.22989538586353814
vn 0.5057709811076614 0.831470787189583 -0.22989572575350126
vn 0.5057709811076614 0.831470787189583 -0.22989572575350126
vn 0.5057709811076614 0.831470787189583 -0.22989572575350126
vn 0.1776049719605806 0.9807850047591041 -0.080729476491338
vn 0.1776049719605806 0.9807850047591041 -0.080729476491338
vn 0.1776049719605806 0.9807850047591041 -0.080729476491338
vn 0.17760491391559777 0.9807850133720001 -0.08072949955201661
vn 0.17760491391559777 0.9807850133720001 -0.08072949955201661
vn 0.17760491391559777 0.9807850133720001 -0.08072949955201661
vn 0.1539945926747377 -0.9807853270233264 -0.1197739860015029
vn 0.1539945926747377 -0.9807853270233264 -0.1197739860015029
vn 0.1539945926747377 -0.9807853270233264 -0.1197739860015029
vn 0.15399461915928717 -0.9807853058925659 -0.11977412498203474
vn 0.15399461915928717 -0.9807853058925659 -0.11977412498203474
vn 0.15399461915928717 -0.9807853058925659 -0.11977412498203474
vn 0.4385401148966474 -0.8314693832643387 -0.34108830575153887
vn 0.4385401148966474 -0.8314693832643387 -0.34108830575153887
vn 0.4385401148966474 -0.8314693832643387 -0.34108830575153887
vn 0.4385400937183296 -0.8314694623196648 -0.3410881402678296
vn 0.4385400937183296 -0.8314694623196648 -0.3410881402678296
vn 0.4385400937183296 -0.8314694623196648 -0.3410881402678296
vn 0.6563215788648608 -0.5555698818169258 -0.5104743789204933
vn 0.6563215788648608 -0.5555698818169258 -0.5104743789204933
vn 0.6563215788648608 -0.5555698818169258 -0.5104743789204933
vn 0.6563215507918653 -0.5555703853453411 -0.5104738670033856
vn 0.6563215507918653 -0.5555703853453411 -0.5104738670033856
vn 0.6563215507918653 -0.5555703853453411 -0.5104738670033856
vn 0.774184174366686 -0.1950901466319863 -0.6021450812281727
vn 0.774184174366686 -0.1950901466319863 -0.6021450812281727
vn 0.774184174366686 -0.1950901466319863 -0.6021450812281727
vn 0.7741847034949761 -0.19509211174229812 -0.6021437642376832
vn 0.7741847034949761 -0.19509211174229812 -0.6021437642376832
vn 0.7741847034949761 -0.19509211174229812 -0.6021437642376832
vn 0.7893521531867065 3.759302498215237e-17 -0.6139406960444225
vn 0.7893521531867065 3.759302498215237e-17 -0.6139406960444225
vn 0.7893521531867065 3.759302498215237e-17 -0.6139406960444225
vn 0.7893521531867065 3.759302498215237e-17 -0.6139406960444225
vn 0.7893521531867065 3.759302498215237e-17 -0.6139406960444225
vn 0.7893521531867065 3.759302498215237e-17 -0.6139406960444225
vn 0.7741850544398114 0.19508981527939248 -0.6021440570629911
vn 0.7741850544398114 0.19508981527939248 -0.6021440570629911
vn 0.7741850544398114 0.19508981527939248 -0.6021440570629911
vn 0.7741839123863367 0.1950917947234058 -0.602144884088361
vn 0.7741839123863367 0.1950917947234058 -0.602144884088361
vn 0.7741839123863367 0.1950917947234058 -0.602144884088361
vn 0.6563219510195247 0.5555695960904865 -0.510474211405217
vn 0.6563219510195247 0.5555695960904865 -0.510474211405217
vn 0.6563219510195247 0.5555695960904865 -0.510474211405217
vn 0.6563214657742027 0.5555700658102225 -0.5104743240748031
vn 0.6563214657742027 0.5555700658102225 -0.5104743240748031
vn 0.6563214657742027 0.5555700658102225 -0.5104743240748031
vn 0.43853862723593634 0.8314707023214588 -0.341087002981762
vn 0.43853862723593634 0.8314707023214588 -0.341087002981762
vn 0.43853862723593634 0.8314707023214588 -0.341087002981762
vn 0.43853846553486053 0.8314707943721438 -0.34108698648949637
vn 0.43853846553486053 0.8314707943721438 -0.34108698648949637
vn 0.43853846553486053 0.8314707943721438 -0.34108698648949637
vn 0.15399579640622102 0.9807850082209375 -0.11977504889696187
vn 0.15399579640622102 0.9807850082209375 -0.11977504889696187
vn 0.15399579640622102 0.9807850082209375 -0.11977504889696187
vn 0.1539959565692693 0.9807849843393157 -0.11977503852991929
vn 0.1539959565692693 0.9807849843393157 -0.11977503852991929
vn 0.1539959565692693 0.9807849843393157 -0.11977503852991929
vn 0.1197740575145453 -0.9807853025166859 -0.1539946931350404
vn 0.1197740575145453 -0.9807853025166859 -0.1539946931350404
vn 0.1197740575145453 -0.9807853025166859 -0.1539946931350404
vn 0.11977406760669501 -0.9807853241475141 -0.15399454751971783
vn 0.11977406760669501 -0.9807853241475141 -0.15399454751971783
vn 0.11977406760669501 -0.9807853241475141 -0.15399454751971783
vn 0.3410882371045107 -0.8314694804310535 -0.438539984061489
vn 0.3410882371045107 -0.8314694804310535 -0.438539984061489
vn 0.3410882371045107 -0.8314694804310535 -0.438539984061489
vn 0.34108819646856914 -0.8314693944173367 -0.4385401787488648
vn 0.34108819646856914 -0.8314693944173367 -0.4385401787488648
vn 0.34108819646856914 -0.8314693944173367 -0.4385401787488648
vn 0.5104741944136972 -0.5555704120629422 -0.6563212735222739
vn 0.5104741944136972 -0.5555704120629422 -0.6563212735222739
vn 0.5104741944136972 -0.5555704120629422 -0.6563212735222739
vn 0.5104740817442349 -0.5555699423433543 -0.656321758767742
vn 0.5104740817442349 -0.5555699423433543 -0.656321758767742
vn 0.5104740817442349 -0.5555699423433543 -0.656321758767742
vn 0.6021448318691796 -0.1950921547441225 -0.7741838622772584
vn 0.6021448318691796 -0.1950921547441225 -0.7741838622772584
vn 0.6021448318691796 -0.1950921547441225 -0.7741838622772584
vn 0.6021440030937616 -0.19509018963425154 -0.7741850020806991
vn 0.6021440030937616 -0.19509018963425154 -0.7741850020806991
vn 0.6021440030937616 -0.19509018963425154 -0.7741850020806991
vn 0.6139406960444225 4.8333878863925676e-17 -0.7893521531867065
vn 0.6139406960444225 4.8333878863925676e-17 -0.7893521531867065
vn 0.6139406960444225 4.8333878863925676e-17 -0.7893521531867065
vn 0.6139406960444225 4.8333878863925676e-17 -0.7893521531867065
vn 0.6139406960444225 4.8333878863925676e-17 -0.7893521531867065
vn 0.6139406960444225 4.8333878863925676e-17 -0.7893521531867065
vn 0.6021438182073655 0.19509173738756735 -0.7741847558546705
vn 0.6021438182073655 0.19509173738756735 -0.7741847558546705
vn 0.6021438182073655 0.19509173738756735 -0.7741847558546705
vn 0.6021451334468995 0.19508978661114104 -0.7741842244751795
vn 0.6021451334468995 0.19508978661114104 -0.7741842244751795
vn 0.6021451334468995 0.19508978661114104 -0.7741842244751795
vn 0.510474023833008 0.5555700633956593 -0.6563217013403417
vn 0.510474023833008 0.5555700633956593 -0.6563217013403417
vn 0.510474023833008 0.5555700633956593 -0.6563217013403417
vn 0.5104745557196332 0.5555695816009264 -0.6563216954837121
vn 0.5104745557196332 0.5555695816009264 -0.6563216954837121
vn 0.5104745557196332 0.5555695816009264 -0.6563216954837121
vn 0.34108692490362574 0.8314707895424923 -0.43853852259222664
vn 0.34108692490362574 0.8314707895424923 -0.43853852259222664
vn 0.34108692490362574 0.8314707895424923 -0.43853852259222664
vn 0.34108706456763155 0.831470707151111 -0.4385385701785735
vn 0.34108706456763155 0.831470707151111 -0.4385385701785735
vn 0.34108706456763155 0.831470707151111 -0.4385385701785735
vn 0.11977510599741414 0.9807849877152226 -0.1539958825935263
vn 0.11977510599741414 0.9807849877152226 -0.1539958825935263
vn 0.11977510599741414 0.9807849877152226 -0.1539958825935263
vn 0.11977496674207774 0.9807850065955246 -0.15399587065681594
vn 0.11977496674207774 0.9807850065955246 -0.15399587065681594
vn 0.11977496674207774 0.9807850065955246 -0.15399587065681594
vn 0.08072883832641863 -0.9807853341879185 -0.1776034428280048
vn 0.08072883832641863 -0.9807853341879185 -0.1776034428280048
vn 0.08072883832641863 -0.9807853341879185 -0.1776034428280048
vn 0.08072880765007825 -0.9807853235693634 -0.17760351541097316
vn 0.08072880765007825 -0.9807853235693634 -0.17760351541097316
vn 0.08072880765007825 -0.9807853235693634 -0.17760351541097316
vn 0.22989654474341742 -0.83146947381159 -0.5057727679843148
vn 0.22989654474341742 -0.83146947381159 -0.5057727679843148
vn 0.22989654474341742 -0.83146947381159 -0.5057727679843148
vn 0.22989619073935033 -0.8314689504760414 -0.5057737892356684
vn 0.22989619073935033 -0.8314689504760414 -0.5057737892356684
vn 0.22989619073935033 -0.8314689504760414 -0.5057737892356684
vn 0.34406349365349936 -0.5555697132307543 -0.7569429344908675
vn 0.34406349365349936 -0.5555697132307543 -0.7569429344908675
vn 0.34406349365349936 -0.5555697132307543 -0.7569429344908675
vn 0.3440636415440134 -0.5555699498390628 -0.7569426936058593
vn 0.3440636415440134 -0.5555699498390628 -0.7569426936058593
vn 0.3440636415440134 -0.5555699498390628 -0.7569426936058593
vn 0.40585059881115076 -0.1950905219855061 -0.8928745598772837
vn 0.40585059881115076 -0.1950905219855061 -0.8928745598772837
vn 0.40585059881115076 -0.1950905219855061 -0.8928745598772837
vn 0.40585070464616174 -0.19509070927164596 -0.8928744708491222
vn 0.40585070464616174 -0.19509070927164596 -0.8928744708491222
vn 0.40585070464616174 -0.19509070927164596 -0.8928744708491222
vn 0.41380181038375763 5.574389883099258e-17 -0.9103669928787647
vn 0.41380181038375763 5.574389883099258e-17 -0.9103669928787647
vn 0.41380181038375763 5.574389883099258e-17 -0.9103669928787647
vn 0.41380181038375763 5.574389883099258e-17 -0.9103669928787647
vn 0.41380181038375763 5.574389883099258e-17 -0.9103669928787647
vn 0.41380181038375763 5.574389883099258e-17 -0.9103669928787647
vn 0.4058507288154526 0.1950901701220815 -0.8928745776657006
vn 0.4058507288154526 0.1950901701220815 -0.8928745776657006
vn 0.4058507288154526 0.1950901701220815 -0.8928745776657006
vn 0.40585058901037413 0.19509036826270587 -0.8928745979201416
vn 0.40585058901037413 0.19509036826270587 -0.8928745979201416
vn 0.40585058901037413 0.19509036826270587 -0.8928745979201416
vn 0.34406379371136636 0.555569358888273 -0.7569430581763832
vn 0.34406379371136636 0.555569358888273 -0.7569430581763832
vn 0.34406379371136636 0.555569358888273 -0.7569430581763832
vn 0.34406354207244394 0.5555696355642253 -0.7569429694868679
vn 0.34406354207244394 0.5555696355642253 -0.7569429694868679
vn 0.34406354207244394 0.5555696355642253 -0.7569429694868679
vn 0.22989506317183314 0.8314707621234894 -0.5057713234881972
vn 0.22989506317183314 0.8314707621234894 -0.5057713234881972
vn 0.22989506317183314 0.8314707621234894 -0.5057713234881972
vn 0.22989606974193072 0.831470255311079 -0.5057716991391891
vn 0.22989606974193072 0.831470255311079 -0.5057716991391891
vn 0.22989606974193072 0.831470255311079 -0.5057716991391891
vn 0.0807294551398766 0.9807850169115441 -0.17760491455655414
vn 0.0807294551398766 0.9807850169115441 -0.17760491455655414
vn 0.0807294551398766 0.9807850169115441 -0.17760491455655414
vn 0.08072952111712961 0.9807850038152266 -0.1776049568884979
vn 0.08072952111712961 0.9807850038152266 -0.1776049568884979
vn 0.08072952111712961 0.9807850038152266 -0.1776049568884979
vn 0.043867782466455514 -0.9807853261009847 -0.19009408661623547
vn 0.043867782466455514 -0.9807853261009847 -0.19009408661623547
vn 0.043867782466455514 -0.9807853261009847 -0.19009408661623547
vn 0.04386785166462581 -0.9807853503279627 -0.19009394564895046
vn 0.04386785166462581 -0.9807853503279627 -0.19009394564895046
vn 0.04386785166462581 -0.9807853503279627 -0.19009394564895046
vn 0.12492556042450065 -0.8314688746872071 -0.5413438046001948
vn 0.12492556042450065 -0.8314688746872071 -0.5413438046001948
vn 0.12492556042450065 -0.8314688746872071 -0.5413438046001948
vn 0.12492638459685013 -0.831469690236186 -0.5413423617731212
vn 0.12492638459685013 -0.831469690236186 -0.5413423617731212
vn 0.12492638459685013 -0.831469690236186 -0.5413423617731212
vn 0.1869656266763174 -0.5555699981034801 -0.8101764200770293
vn 0.1869656266763174 -0.5555699981034801 -0.8101764200770293
vn 0.1869656266763174 -0.5555699981034801 -0.8101764200770293
vn 0.18696470595464132 -0.5555686365578504 -0.8101775662165337
vn 0.18696470595464132 -0.5555686365578504 -0.8101775662165337
vn 0.18696470595464132 -0.5555686365578504 -0.8101775662165337
vn 0.22053959037467513 -0.1950907458895201 -0.9556682949358744
vn 0.22053959037467513 -0.1950907458895201 -0.9556682949358744
vn 0.22053959037467513 -0.1950907458895201 -0.9556682949358744
vn 0.2205400080718375 -0.1950914317539752 -0.9556680585307106
vn 0.2205400080718375 -0.1950914317539752 -0.9556680585307106
vn 0.2205400080718375 -0.1950914317539752 -0.9556680585307106
vn 0.22486068313689966 5.966423319514437e-17 -0.9743909242081471
vn 0.22486068313689966 5.966423319514437e-17 -0.9743909242081471
vn 0.22486068313689966 5.966423319514437e-17 -0.9743909242081471
vn 0.22486068313689966 5.966423319514437e-17 -0.9743909242081471
vn 0.22486068313689966 5.966423319514437e-17 -0.9743909242081471
vn 0.22486068313689966 5.966423319514437e-17 -0.9743909242081471
vn 0.2205400445890185 0.19509039633219513 -0.9556682614755085
vn 0.2205400445890185 0.19509039633219513 -0.9556682614755085
vn 0.2205400445890185 0.19509039633219513 -0.9556682614755085
vn 0.2205395894734548 0.19509105801668655 -0.9556682314259535
vn 0.2205395894734548 0.19509105801668655 -0.9556682314259535
vn 0.2205395894734548 0.19509105801668655 -0.9556682314259535
vn 0.18696455621517016 0.5555696476739633 -0.8101769074113956
vn 0.18696455621517016 0.5555696476739633 -0.8101769074113956
vn 0.18696455621517016 0.5555696476739633 -0.8101769074113956
vn 0.1869658997155 0.5555682242816733 -0.8101775734442928
vn 0.1869658997155 0.5555682242816733 -0.8101775734442928
vn 0.1869658997155 0.5555682242816733 -0.8101775734442928
vn 0.12492620195082951 0.8314702507615185 -0.5413415429880828
vn 0.12492620195082951 0.8314702507615185 -0.5413415429880828
vn 0.12492620195082951 0.8314702507615185 -0.5413415429880828
vn 0.12492482508189966 0.8314710355288826 -0.5413406553684886
vn 0.12492482508189966 0.8314710355288826 -0.5413406553684886
vn 0.12492482508189966 0.8314710355288826 -0.5413406553684886
vn 0.043868243661256995 0.9807850115062975 -0.19009560332282419
vn 0.043868243661256995 0.9807850115062975 -0.19009560332282419
vn 0.043868243661256995 0.9807850115062975 -0.19009560332282419
vn 0.04386812146030559 0.9807850279084518 -0.19009554689724154
vn 0.04386812146030559 0.9807850279084518 -0.19009554689724154
vn 0.04386812146030559 0.9807850279084518 -0.19009554689724154
vn 0.012977172337174752 -0.9807853484528228 -0.1946578877374514
vn 0.012977172337174752 -0.9807853484528228 -0.1946578877374514
vn 0.012977172337174752 -0.9807853484528228 -0.1946578877374514
vn 0.012977243331621766 -0.9807853646212988 -0.19465780153946555
vn 0.012977243331621766 -0.9807853646212988 -0.19465780153946555
vn 0.012977243331621766 -0.9807853646212988 -0.19465780153946555
vn 0.03695613230061124 -0.8314697335929827 -0.5543395407186771
vn 0.03695613230061124 -0.8314697335929827 -0.5543395407186771
vn 0.03695613230061124 -0.8314697335929827 -0.5543395407186771
vn 0.036954827785915356 -0.8314686457907328 -0.5543412593071513
vn 0.036954827785915356 -0.8314686457907328 -0.5543412593071513
vn 0.036954827785915356 -0.8314686457907328 -0.5543412593071513
vn 0.055306738535509326 -0.5555685600916568 -0.8296292784793989
vn 0.055306738535509326 -0.5555685600916568 -0.8296292784793989
vn 0.055306738535509326 -0.5555685600916568 -0.8296292784793989
vn 0.05530857365723852 -0.5555709075646805 -0.8296275841290229
vn 0.05530857365723852 -0.5555709075646805 -0.8296275841290229
vn 0.05530857365723852 -0.5555709075646805 -0.8296275841290229
vn 0.06524092743022718 -0.19509165105512727 -0.9786127268110856
vn 0.06524092743022718 -0.19509165105512727 -0.9786127268110856
vn 0.06524092743022718 -0.19509165105512727 -0.9786127268110856
vn 0.06524109864544188 -0.19509190393188264 -0.9786126649843485
vn 0.06524109864544188 -0.19509190393188264 -0.9786126649843485
vn 0.06524109864544188 -0.19509190393188264 -0.9786126649843485
vn 0.06651925975558053 6.109671749817201e-17 -0.9977851412411238
vn 0.06651925975558053 6.109671749817201e-17 -0.9977851412411238
vn 0.06651925975558053 6.109671749817201e-17 -0.9977851412411238
vn 0.06651925975558053 6.109671749817201e-17 -0.9977851412411238
vn 0.06651925975558053 6.109671749817201e-17 -0.9977851412411238
vn 0.06651925975558053 6.109671749817201e-17 -0.9977851412411238
vn 0.0652411064190978 0.1950912790492062 -0.9786127890397491
vn 0.0652411064190978 0.1950912790492062 -0.9786127890397491
vn 0.0652411064190978 0.1950912790492062 -0.9786127890397491
vn 0.06524093275055252 0.19509151057452273 -0.9786127544619417
vn 0.06524093275055252 0.19509151057452273 -0.9786127544619417
vn 0.06524093275055252 0.19509151057452273 -0.9786127544619417
vn 0.05530869377383491 0.5555682940740351 -0.8296293262733055
vn 0.05530869377383491 0.5555682940740351 -0.8296293262733055
vn 0.05530869377383491 0.5555682940740351 -0.8296293262733055
vn 0.05530665003526335 0.5555705957577611 -0.8296279211738495
vn 0.05530665003526335 0.5555705957577611 -0.8296279211738495
vn 0.05530665003526335 0.5555705957577611 -0.8296279211738495
vn 0.03695459591578443 0.8314710096787616 -0.5543377291006643
vn 0.03695459591578443 0.8314710096787616 -0.5543377291006643
vn 0.03695459591578443 0.8314710096787616 -0.5543377291006643
vn 0.03695610875866735 0.8314699452334003 -0.5543392248425001
vn 0.03695610875866735 0.8314699452334003 -0.5543392248425001
vn 0.03695610875866735 0.8314699452334003 -0.5543392248425001
vn 0.01297735633858641 0.9807850309462187 -0.19465947522349486
vn 0.01297735633858641 0.9807850309462187 -0.19465947522349486
vn 0.01297735633858641 0.9807850309462187 -0.19465947522349486
vn 0.012977271963238977 0.9807850485062368 -0.1946593923729623
vn 0.012977271963238977 0.9807850485062368 -0.1946593923729623
vn 0.012977271963238977 0.9807850485062368 -0.1946593923729623
vn 0 -0.9807853661739456 -0.1950898908171298
vn 0 -0.9807853661739456 -0.1950898908171298
vn 0 -0.9807853661739456 -0.1950898908171298
vn 0 -0.9807853661739456 -0.1950898908171298
vn 0 -0.9807853661739456 -0.1950898908171298
vn 0 -0.9807853661739456 -0.1950898908171298
vn 0 -0.8314686005563504 -0.555571747201803
vn 0 -0.8314686005563504 -0.555571747201803
vn 0 -0.8314686005563504 -0.555571747201803
vn 0 -0.8314686005563504 -0.555571747201803
vn 0 -0.8314686005563504 -0.555571747201803
vn 0 -0.8314686005563504 -0.555571747201803
vn 0 -0.5555709637053736 -0.8314691240734573
vn 0 -0.5555709637053736 -0.8314691240734573
vn 0 -0.5555709637053736 -0.8314691240734573
vn 0 -0.5555709637053736 -0.8314691240734573
vn 0 -0.5555709637053736 -0.8314691240734573
vn 0 -0.5555709637053736 -0.8314691240734573
vn 0 -0.195091862741501 -0.9807849739326411
vn 0 -0.195091862741501 -0.9807849739326411
vn 0 -0.195091862741501 -0.9807849739326411
vn 0 -0.195091862741501 -0.9807849739326411
vn 0 -0.195091862741501 -0.9807849739326411
vn 0 -0.195091862741501 -0.9807849739326411
vn 0 6.123234262925839e-17 -1
vn 0 6.123234262925839e-17 -1
vn 0 6.123234262925839e-17 -1
vn 0 6.123234262925839e-17 -1
vn 0 6.123234262925839e-17 -1
vn 0 6.123234262925839e-17 -1
vn 0 0.19509149591536024 -0.9807850468994249
vn 0 0.19509149591536024 -0.9807850468994249
vn 0 0.19509149591536024 -0.9807850468994249
vn 0 0.19509148158134784 -0.980785049750655
vn 0 0.19509148158134784 -0.980785049750655
vn 0 0.19509148158134784 -0.980785049750655
vn 0 0.5555706475345937 -0.8314693353323335
vn 0 0.5555706475345937 -0.8314693353323335
vn 0 0.5555706475345937 -0.8314693353323335
vn 0 0.5555706063274427 -0.8314693628660995
vn 0 0.5555706063274427 -0.8314693628660995
vn 0 0.5555706063274427 -0.8314693628660995
vn 0 0.8314699139158558 -0.5555697816231183
vn 0 0.8314699139158558 -0.5555697816231183
vn 0 0.8314699139158558 -0.5555697816231183
vn 0 0.8314699323132922 -0.5555697540893754
vn 0 0.8314699323132922 -0.5555697540893754
vn 0 0.8314699323132922 -0.5555697540893754
vn 0 0.9807850440481946 -0.1950915102493725
vn 0 0.9807850440481946 -0.1950915102493725
vn 0 0.9807850440481946 -0.1950915102493725
vn 0 0.9807850468994249 -0.19509149591536024
vn 0 0.9807850468994249 -0.19509149591536024
vn 0 0.9807850468994249 -0.19509149591536024
vn -0.012977166082508254 -0.9807853684500515 -0.1946577873982021
vn -0.012977166082508254 -0.9807853684500515 -0.1946577873982021
vn -0.012977166082508254 -0.9807853684500515 -0.1946577873982021
vn -0.012977248730405283 -0.9807853503257099 -0.19465787320800512
vn -0.012977248730405283 -0.9807853503257099 -0.19465787320800512
vn -0.012977248730405283 -0.9807853503257099 -0.19465787320800512
vn -0.03695623896376358 -0.831468629880038 -0.5543411890948259
vn -0.03695623896376358 -0.831468629880038 -0.5543411890948259
vn -0.03695623896376358 -0.831468629880038 -0.5543411890948259
vn -0.036954727952510445 -0.8314696759317184 -0.5543397208282655
vn -0.036954727952510445 -0.8314696759317184 -0.5543397208282655
vn -0.036954727952510445 -0.8314696759317184 -0.5543397208282655
vn -0.05530663324808196 -0.5555709122569723 -0.8296277103452597
vn -0.05530663324808196 -0.5555709122569723 -0.8296277103452597
vn -0.05530663324808196 -0.5555709122569723 -0.8296277103452597
vn -0.05530867613415613 -0.5555686241938573 -0.82962910638166
vn -0.05530867613415613 -0.5555686241938573 -0.82962910638166
vn -0.05530867613415613 -0.5555686241938573 -0.82962910638166
vn -0.06524092839079906 -0.19509187744497306 -0.9786126816150005
vn -0.06524092839079906 -0.19509187744497306 -0.9786126816150005
vn -0.06524092839079906 -0.19509187744497306 -0.9786126816150005
vn -0.06524109806419175 -0.19509164887401848 -0.9786127158702749
vn -0.06524109806419175 -0.19509164887401848 -0.9786127158702749
vn -0.06524109806419175 -0.19509164887401848 -0.9786127158702749
vn -0.06651925975558053 6.109671749817201e-17 -0.9977851412411238
vn -0.06651925975558053 6.109671749817201e-17 -0.9977851412411238
vn -0.06651925975558053 6.109671749817201e-17 -0.9977851412411238
vn -0.06651925975558053 6.109671749817201e-17 -0.9977851412411238
vn -0.06651925975558053 6.109671749817201e-17 -0.9977851412411238
vn -0.06651925975558053 6.109671749817201e-17 -0.9977851412411238
vn -0.06524110700035443 0.19509153410708974 -0.9786127381539188
vn -0.06524110700035443 0.19509153410708974 -0.9786127381539188
vn -0.06524110700035443 0.19509153410708974 -0.9786127381539188
vn -0.06524093559547 0.19509129556432533 -0.97861279713565
vn -0.06524093559547 0.19509129556432533 -0.97861279713565
vn -0.06524093559547 0.19509129556432533 -0.97861279713565
vn -0.055308592275875965 0.5555705498583134 -0.8296278224303909
vn -0.055308592275875965 0.5555705498583134 -0.8296278224303909
vn -0.055308592275875965 0.5555705498583134 -0.8296278224303909
vn -0.055306756175090656 0.5555682299718202 -0.8296294983710306
vn -0.055306756175090656 0.5555682299718202 -0.8296294983710306
vn -0.055306756175090656 0.5555682299718202 -0.8296294983710306
vn -0.03695469758080729 0.8314699611440647 -0.5543392950547511
vn -0.03695469758080729 0.8314699611440647 -0.5543392950547511
vn -0.03695469758080729 0.8314699611440647 -0.5543392950547511
vn -0.036956002095335845 0.8314710489424885 -0.5543375764636631
vn -0.036956002095335845 0.8314710489424885 -0.5543375764636631
vn -0.036956002095335845 0.8314710489424885 -0.5543375764636631
vn -0.01297734924999269 0.980785047522369 -0.19465939217769102
vn -0.01297734924999269 0.980785047522369 -0.19465939217769102
vn -0.01297734924999269 0.980785047522369 -0.19465939217769102
vn -0.012977278976544163 0.9807850262402539 -0.19465950409181013
vn -0.012977278976544163 0.9807850262402539 -0.19465950409181013
vn -0.012977278976544163 0.9807850262402539 -0.19465950409181013
vn -0.04386775846307083 -0.9807853487785829 -0.1900939751509744
vn -0.04386775846307083 -0.9807853487785829 -0.1900939751509744
vn -0.04386775846307083 -0.9807853487785829 -0.1900939751509744
vn -0.043867879386135546 -0.980785327490085 -0.19009405708314553
vn -0.043867879386135546 -0.980785327490085 -0.19009405708314553
vn -0.043867879386135546 -0.980785327490085 -0.19009405708314553
vn -0.12492527235858339 -0.8314697258363242 -0.5413425637651282
vn -0.12492527235858339 -0.8314697258363242 -0.5413425637651282
vn -0.12492527235858339 -0.8314697258363242 -0.5413425637651282
vn -0.12492665872173014 -0.8314688950660875 -0.5413435198450277
vn -0.12492665872173014 -0.8314688950660875 -0.5413435198450277
vn -0.12492665872173014 -0.8314688950660875 -0.5413435198450277
vn -0.1869658411613498 -0.55556858503109 -0.810177339577812
vn -0.1869658411613498 -0.55556858503109 -0.810177339577812
vn -0.1869658411613498 -0.55556858503109 -0.810177339577812
vn -0.18696449482354813 -0.5555699403871361 -0.8101767208539193
vn -0.18696449482354813 -0.5555699403871361 -0.8101767208539193
vn -0.18696449482354813 -0.5555699403871361 -0.8101767208539193
vn -0.22053955829602176 -0.1950914144281273 -0.9556681658625177
vn -0.22053955829602176 -0.1950914144281273 -0.9556681658625177
vn -0.22053955829602176 -0.1950914144281273 -0.9556681658625177
vn -0.22054002694691163 -0.19509076643656761 -0.9556681899934978
vn -0.22054002694691163 -0.19509076643656761 -0.9556681899934978
vn -0.22054002694691163 -0.19509076643656761 -0.9556681899934978
vn -0.22486068313689966 5.966423319514437e-17 -0.9743909242081471
vn -0.22486068313689966 5.966423319514437e-17 -0.9743909242081471
vn -0.22486068313689966 5.966423319514437e-17 -0.9743909242081471
vn -0.22486068313689966 5.966423319514437e-17 -0.9743909242081471
vn -0.22486068313689966 5.966423319514437e-17 -0.9743909242081471
vn -0.22486068313689966 5.966423319514437e-17 -0.9743909242081471
vn -0.2205400131515435 0.1950910505368151 -0.9556681351805966
vn -0.2205400131515435 0.1950910505368151 -0.9556681351805966
vn -0.2205400131515435 0.1950910505368151 -0.9556681351805966
vn -0.2205396231660185 0.19509037772410662 -0.9556683625260679
vn -0.2205396231660185 0.19509037772410662 -0.9556683625260679
vn -0.2205396231660185 0.19509037772410662 -0.9556683625260679
vn -0.18696476450880303 0.5555682758084562 -0.8101778000830355
vn -0.18696476450880303 0.5555682758084562 -0.8101778000830355
vn -0.18696476450880303 0.5555682758084562 -0.8101778000830355
vn -0.1869656880679507 0.5555697053903108 -0.8101766066345049
vn -0.1869656880679507 0.5555697053903108 -0.8101766066345049
vn -0.1869656880679507 0.5555697053903108 -0.8101766066345049
vn -0.12492593401681079 0.8314710275313085 -0.5413404117429785
vn -0.12492593401681079 0.8314710275313085 -0.5413404117429785
vn -0.12492593401681079 0.8314710275313085 -0.5413404117429785
vn -0.12492511314827652 0.8314701843827438 -0.5413418962055462
vn -0.12492511314827652 0.8314701843827438 -0.5413418962055462
vn -0.12492511314827652 0.8314701843827438 -0.5413418962055462
vn -0.04386821850424959 0.9807850320757769 -0.19009550300146713
vn -0.04386821850424959 0.9807850320757769 -0.19009550300146713
vn -0.04386821850424959 0.9807850320757769 -0.19009550300146713
vn -0.043868146741577754 0.9807850101171871 -0.19009563285590933
vn -0.043868146741577754 0.9807850101171871 -0.19009563285590933
vn -0.043868146741577754 0.9807850101171871 -0.19009563285590933
vn -0.08072886707992041 -0.9807853214456542 -0.17760350012524423
vn -0.08072886707992041 -0.9807853214456542 -0.17760350012524423
vn -0.08072886707992041 -0.9807853214456542 -0.17760350012524423
vn -0.0807287862985999 -0.9807853357217078 -0.17760345800690938
vn -0.0807287862985999 -0.9807853357217078 -0.17760345800690938
vn -0.0807287862985999 -0.9807853357217078 -0.17760345800690938
vn -0.22989689319430914 -0.8314688984678248 -0.5057735554379119
vn -0.22989689319430914 -0.8314688984678248 -0.5057735554379119
vn -0.22989689319430914 -0.8314688984678248 -0.5057735554379119
vn -0.22989589355521434 -0.8314694303479669 -0.5057731354305772
vn -0.22989589355521434 -0.8314694303479669 -0.5057731354305772
vn -0.22989589355521434 -0.8314694303479669 -0.5057731354305772
vn -0.34406342657725286 -0.5555699395847081 -0.7569427988439834
vn -0.34406342657725286 -0.5555699395847081 -0.7569427988439834
vn -0.34406342657725286 -0.5555699395847081 -0.7569427988439834
vn -0.3440636930970382 -0.5555696984192958 -0.7569428547061661
vn -0.3440636930970382 -0.5555696984192958 -0.7569428547061661
vn -0.3440636930970382 -0.5555696984192958 -0.7569428547061661
vn -0.405850582293407 -0.1950907226617555 -0.8928745235381154
vn -0.405850582293407 -0.1950907226617555 -0.8928745235381154
vn -0.405850582293407 -0.1950907226617555 -0.8928745235381154
vn -0.40585071880423224 -0.1950905372634314 -0.8928745019969792
vn -0.40585071880423224 -0.1950905372634314 -0.8928745019969792
vn -0.40585071880423224 -0.1950905372634314 -0.8928745019969792
vn -0.41380181038375763 5.574389883099258e-17 -0.9103669928787647
vn -0.41380181038375763 5.574389883099258e-17 -0.9103669928787647
vn -0.41380181038375763 5.574389883099258e-17 -0.9103669928787647
vn -0.41380181038375763 5.574389883099258e-17 -0.9103669928787647
vn -0.41380181038375763 5.574389883099258e-17 -0.9103669928787647
vn -0.41380181038375763 5.574389883099258e-17 -0.9103669928787647
vn -0.4058507362565688 0.1950903525129178 -0.8928745344315664
vn -0.4058507362565688 0.1950903525129178 -0.8928745344315664
vn -0.4058507362565688 0.1950903525129178 -0.8928745344315664
vn -0.4058505851087682 0.1950901428698076 -0.8928746489412209
vn -0.4058505851087682 0.1950901428698076 -0.8928746489412209
vn -0.4058505851087682 0.1950901428698076 -0.8928746489412209
vn -0.3440637266351532 0.5555695852423009 -0.7569429225295843
vn -0.3440637266351532 0.5555695852423009 -0.7569429225295843
vn -0.3440637266351532 0.5555695852423009 -0.7569429225295843
vn -0.34406360914865797 0.555569409210212 -0.7569431051336788
vn -0.34406360914865797 0.555569409210212 -0.7569431051336788
vn -0.34406360914865797 0.555569409210212 -0.7569431051336788
vn -0.22989538586353814 0.8314702610075271 -0.505772000627486
vn -0.22989538586353814 0.8314702610075271 -0.505772000627486
vn -0.22989538586353814 0.8314702610075271 -0.505772000627486
vn -0.22989572575350126 0.831470787189583 -0.5057709811076614
vn -0.22989572575350126 0.831470787189583 -0.5057709811076614
vn -0.22989572575350126 0.831470787189583 -0.5057709811076614
vn -0.080729476491338 0.9807850047591041 -0.1776049719605806
vn -0.080729476491338 0.9807850047591041 -0.1776049719605806
vn -0.080729476491338 0.9807850047591041 -0.1776049719605806
vn -0.08072949955201661 0.9807850133720001 -0.17760491391559777
vn -0.08072949955201661 0.9807850133720001 -0.17760491391559777
vn -0.08072949955201661 0.9807850133720001 -0.17760491391559777
vn -0.1197739860015029 -0.9807853270233264 -0.1539945926747377
vn -0.1197739860015029 -0.9807853270233264 -0.1539945926747377
vn -0.1197739860015029 -0.9807853270233264 -0.1539945926747377
vn -0.11977412498203474 -0.9807853058925659 -0.15399461915928717
vn -0.11977412498203474 -0.9807853058925659 -0.15399461915928717
vn -0.11977412498203474 -0.9807853058925659 -0.15399461915928717
vn -0.34108830575153887 -0.8314693832643387 -0.4385401148966474
vn -0.34108830575153887 -0.8314693832643387 -0.4385401148966474
vn -0.34108830575153887 -0.8314693832643387 -0.4385401148966474
vn -0.3410881402678296 -0.8314694623196648 -0.4385400937183296
vn -0.3410881402678296 -0.8314694623196648 -0.4385400937183296
vn -0.3410881402678296 -0.8314694623196648 -0.4385400937183296
vn -0.5104743789204933 -0.5555698818169258 -0.6563215788648608
vn -0.5104743789204933 -0.5555698818169258 -0.6563215788648608
vn -0.5104743789204933 -0.5555698818169258 -0.6563215788648608
vn -0.5104738670033856 -0.5555703853453411 -0.6563215507918653
vn -0.5104738670033856 -0.5555703853453411 -0.6563215507918653
vn -0.5104738670033856 -0.5555703853453411 -0.6563215507918653
vn -0.6021450812281727 -0.1950901466319863 -0.774184174366686
vn -0.6021450812281727 -0.1950901466319863 -0.774184174366686
vn -0.6021450812281727 -0.1950901466319863 -0.774184174366686
vn -0.6021437642376832 -0.19509211174229812 -0.7741847034949761
vn -0.6021437642376832 -0.19509211174229812 -0.7741847034949761
vn -0.6021437642376832 -0.19509211174229812 -0.7741847034949761
vn -0.6139406960444225 4.8333878863925676e-17 -0.7893521531867065
vn -0.6139406960444225 4.8333878863925676e-17 -0.7893521531867065
vn -0.6139406960444225 4.8333878863925676e-17 -0.7893521531867065
vn -0.6139406960444225 4.8333878863925676e-17 -0.7893521531867065
vn -0.6139406960444225 4.8333878863925676e-17 -0.7893521531867065
vn -0.6139406960444225 4.8333878863925676e-17 -0.7893521531867065
vn -0.6021440570629911 0.19508981527939248 -0.7741850544398114
vn -0.6021440570629911 0.19508981527939248 -0.7741850544398114
vn -0.6021440570629911 0.19508981527939248 -0.7741850544398114
vn -0.602144884088361 0.1950917947234058 -0.7741839123863367
vn -0.602144884088361 0.1950917947234058 -0.7741839123863367
vn -0.602144884088361 0.1950917947234058 -0.7741839123863367
vn -0.510474211405217 0.5555695960904865 -0.6563219510195247
vn -0.510474211405217 0.5555695960904865 -0.6563219510195247
vn -0.510474211405217 0.5555695960904865 -0.6563219510195247
vn -0.5104743240748031 0.5555700658102225 -0.6563214657742027
vn -0.5104743240748031 0.5555700658102225 -0.6563214657742027
vn -0.5104743240748031 0.5555700658102225 -0.6563214657742027
vn -0.341087002981762 0.8314707023214588 -0.43853862723593634
vn -0.341087002981762 0.8314707023214588 -0.43853862723593634
vn -0.341087002981762 0.8314707023214588 -0.43853862723593634
vn -0.34108698648949637 0.8314707943721438 -0.43853846553486053
vn -0.34108698648949637 0.8314707943721438 -0.43853846553486053
vn -0.34108698648949637 0.8314707943721438 -0.43853846553486053
vn -0.11977504889696187 0.9807850082209375 -0.15399579640622102
vn -0.11977504889696187 0.9807850082209375 -0.15399579640622102
vn -0.11977504889696187 0.9807850082209375 -0.15399579640622102
vn -0.11977503852991929 0.9807849843393157 -0.1539959565692693
vn -0.11977503852991929 0.9807849843393157 -0.1539959565692693
vn -0.11977503852991929 0.9807849843393157 -0.1539959565692693
vn -0.1539946931350404 -0.9807853025166859 -0.1197740575145453
vn -0.1539946931350404 -0.9807853025166859 -0.1197740575145453
vn -0.1539946931350404 -0.9807853025166859 -0.1197740575145453
vn -0.15399454751971783 -0.9807853241475141 -0.11977406760669501
vn -0.15399454751971783 -0.9807853241475141 -0.11977406760669501
vn -0.15399454751971783 -0.9807853241475141 -0.11977406760669501
vn -0.438539984061489 -0.8314694804310535 -0.3410882371045107
vn -0.438539984061489 -0.8314694804310535 -0.3410882371045107
vn -0.438539984061489 -0.8314694804310535 -0.3410882371045107
vn -0.4385401787488648 -0.8314693944173367 -0.34108819646856914
vn -0.4385401787488648 -0.8314693944173367 -0.34108819646856914
vn -0.4385401787488648 -0.8314693944173367 -0.34108819646856914
vn -0.6563212735222739 -0.5555704120629422 -0.5104741944136972
vn -0.6563212735222739 -0.5555704120629422 -0.5104741944136972
vn -0.6563212735222739 -0.5555704120629422 -0.5104741944136972
vn -0.656321758767742 -0.5555699423433543 -0.5104740817442349
vn -0.656321758767742 -0.5555699423433543 -0.5104740817442349
vn -0.656321758767742 -0.5555699423433543 -0.5104740817442349
vn -0.7741838622772584 -0.1950921547441225 -0.6021448318691796
vn -0.7741838622772584 -0.1950921547441225 -0.6021448318691796
vn -0.7741838622772584 -0.1950921547441225 -0.6021448318691796
vn -0.7741850020806991 -0.19509018963425154 -0.6021440030937616
vn -0.7741850020806991 -0.19509018963425154 -0.6021440030937616
vn -0.7741850020806991 -0.19509018963425154 -0.6021440030937616
vn -0.7893521531867065 3.759302498215237e-17 -0.6139406960444225
vn -0.7893521531867065 3.759302498215237e-17 -0.6139406960444225
vn -0.7893521531867065 3.759302498215237e-17 -0.6139406960444225
vn -0.7893521531867065 3.759302498215237e-17 -0.6139406960444225
vn -0.7893521531867065 3.759302498215237e-17 -0.6139406960444225
vn -0.7893521531867065 3.759302498215237e-17 -0.6139406960444225
vn -0.7741847558546705 0.19509173738756735 -0.6021438182073655
vn -0.7741847558546705 0.19509173738756735 -0.6021438182073655
vn -0.7741847558546705 0.19509173738756735 -0.6021438182073655
vn -0.7741842244751795 0.19508978661114104 -0.6021451334468995
vn -0.7741842244751795 0.19508978661114104 -0.6021451334468995
vn -0.7741842244751795 0.19508978661114104 -0.6021451334468995
vn -0.6563217013403417 0.5555700633956593 -0.510474023833008
vn -0.6563217013403417 0.5555700633956593 -0.510474023833008
vn -0.6563217013403417 0.5555700633956593 -0.510474023833008
vn -0.6563216954837121 0.5555695816009264 -0.5104745557196332
vn -0.6563216954837121 0.5555695816009264 -0.5104745557196332
vn -0.6563216954837121 0.5555695816009264 -0.5104745557196332
vn -0.43853852259222664 0.8314707895424923 -0.34108692490362574
vn -0.43853852259222664 0.8314707895424923 -0.34108692490362574
vn -0.43853852259222664 0.8314707895424923 -0.34108692490362574
vn -0.4385385701785735 0.831470707151111 -0.34108706456763155
vn -0.4385385701785735 0.831470707151111 -0.34108706456763155
vn -0.4385385701785735 0.831470707151111 -0.34108706456763155
vn -0.1539958825935263 0.9807849877152226 -0.11977510599741414
vn -0.1539958825935263 0.9807849877152226 -0.11977510599741414
vn -0.1539958825935263 0.9807849877152226 -0.11977510599741414
vn -0.15399587065681594 0.9807850065955246 -0.11977496674207774
vn -0.15399587065681594 0.9807850065955246 -0.11977496674207774
vn -0.15399587065681594 0.9807850065955246 -0.11977496674207774
vn -0.1776034428280048 -0.9807853341879185 -0.08072883832641863
vn -0.1776034428280048 -0.9807853341879185 -0.08072883832641863
vn -0.1776034428280048 -0.9807853341879185 -0.08072883832641863
vn -0.17760351541097316 -0.9807853235693634 -0.08072880765007825
vn -0.17760351541097316 -0.9807853235693634 -0.08072880765007825
vn -0.17760351541097316 -0.9807853235693634 -0.08072880765007825
vn -0.5057727679843148 -0.83146947381159 -0.22989654474341742
vn -0.5057727679843148 -0.83146947381159 -0.22989654474341742
vn -0.5057727679843148 -0.83146947381159 -0.22989654474341742
vn -0.5057737892356684 -0.8314689504760414 -0.22989619073935033
vn -0.5057737892356684 -0.8314689504760414 -0.22989619073935033
vn -0.5057737892356684 -0.8314689504760414 -0.22989619073935033
vn -0.7569429344908675 -0.5555697132307543 -0.34406349365349936
vn -0.7569429344908675 -0.5555697132307543 -0.34406349365349936
vn -0.7569429344908675 -0.5555697132307543 -0.34406349365349936
vn -0.7569426936058593 -0.5555699498390628 -0.3440636415440134
vn -0.7569426936058593 -0.5555699498390628 -0.3440636415440134
vn -0.7569426936058593 -0.5555699498390628 -0.3440636415440134
vn -0.8928745598772837 -0.1950905219855061 -0.40585059881115076
vn -0.8928745598772837 -0.1950905219855061 -0.40585059881115076
vn -0.8928745598772837 -0.1950905219855061 -0.40585059881115076
vn -0.8928744708491222 -0.19509070927164596 -0.40585070464616174
vn -0.8928744708491222 -0.19509070927164596 -0.40585070464616174
vn -0.8928744708491222 -0.19509070927164596 -0.40585070464616174
vn -0.9103669928787647 2.5338052061434538e-17 -0.41380181038375763
vn -0.9103669928787647 2.5338052061434538e-17 -0.41380181038375763
vn -0.9103669928787647 2.5338052061434538e-17 -0.41380181038375763
vn -0.9103669928787647 2.5338052061434538e-17 -0.41380181038375763
vn -0.9103669928787647 2.5338052061434538e-17 -0.41380181038375763
vn -0.9103669928787647 2.5338052061434538e-17 -0.41380181038375763
vn -0.8928745776657006 0.1950901701220815 -0.4058507288154526
vn -0.8928745776657006 0.1950901701220815 -0.4058507288154526
vn -0.8928745776657006 0.1950901701220815 -0.4058507288154526
vn -0.8928745979201416 0.19509036826270587 -0.40585058901037413
vn -0.8928745979201416 0.19509036826270587 -0.40585058901037413
vn -0.8928745979201416 0.19509036826270587 -0.40585058901037413
vn -0.7569430581763832 0.555569358888273 -0.34406379371136636
vn -0.7569430581763832 0.555569358888273 -0.34406379371136636
vn -0.7569430581763832 0.555569358888273 -0.34406379371136636
vn -0.7569429694868679 0.5555696355642253 -0.34406354207244394
vn -0.7569429694868679 0.5555696355642253 -0.34406354207244394
vn -0.7569429694868679 0.5555696355642253 -0.34406354207244394
vn -0.5057713234881972 0.8314707621234894 -0.22989506317183314
vn -0.5057713234881972 0.8314707621234894 -0.22989506317183314
vn -0.5057713234881972 0.8314707621234894 -0.22989506317183314
vn -0.5057716991391891 0.831470255311079 -0.22989606974193072
vn -0.5057716991391891 0.831470255311079 -0.22989606974193072
vn -0.5057716991391891 0.831470255311079 -0.22989606974193072
vn -0.17760491455655414 0.9807850169115441 -0.0807294551398766
vn -0.17760491455655414 0.9807850169115441 -0.0807294551398766
vn -0.17760491455655414 0.9807850169115441 -0.0807294551398766
vn -0.1776049568884979 0.9807850038152266 -0.08072952111712961
vn -0.1776049568884979 0.9807850038152266 -0.08072952111712961
vn -0.1776049568884979 0.9807850038152266 -0.08072952111712961
vn -0.19009408661623547 -0.9807853261009847 -0.043867782466455514
vn -0.19009408661623547 -0.9807853261009847 -0.043867782466455514
vn -0.19009408661623547 -0.9807853261009847 -0.043867782466455514
vn -0.19009394564895046 -0.9807853503279627 -0.04386785166462581
vn -0.19009394564895046 -0.9807853503279627 -0.04386785166462581
vn -0.19009394564895046 -0.9807853503279627 -0.04386785166462581
vn -0.5413438046001948 -0.8314688746872071 -0.12492556042450065
vn -0.5413438046001948 -0.8314688746872071 -0.12492556042450065
vn -0.5413438046001948 -0.8314688746872071 -0.12492556042450065
vn -0.5413423617731212 -0.831469690236186 -0.12492638459685013
vn -0.5413423617731212 -0.831469690236186 -0.12492638459685013
vn -0.5413423617731212 -0.831469690236186 -0.12492638459685013
vn -0.8101764200770293 -0.5555699981034801 -0.1869656266763174
vn -0.8101764200770293 -0.5555699981034801 -0.1869656266763174
vn -0.8101764200770293 -0.5555699981034801 -0.1869656266763174
vn -0.8101775662165337 -0.5555686365578504 -0.18696470595464132
vn -0.8101775662165337 -0.5555686365578504 -0.18696470595464132
vn -0.8101775662165337 -0.5555686365578504 -0.18696470595464132
vn -0.9556682949358744 -0.1950907458895201 -0.22053959037467513
vn -0.9556682949358744 -0.1950907458895201 -0.22053959037467513
vn -0.9556682949358744 -0.1950907458895201 -0.22053959037467513
vn -0.9556680585307106 -0.1950914317539752 -0.2205400080718375
vn -0.9556680585307106 -0.1950914317539752 -0.2205400080718375
vn -0.9556680585307106 -0.1950914317539752 -0.2205400080718375
vn -0.9743909242081471 1.3768745554012956e-17 -0.22486068313689966
vn -0.9743909242081471 1.3768745554012956e-17 -0.22486068313689966
vn -0.9743909242081471 1.3768745554012956e-17 -0.22486068313689966
vn -0.9743909242081471 1.3768745554012956e-17 -0.22486068313689966
vn -0.9743909242081471 1.3768745554012956e-17 -0.22486068313689966
vn -0.9743909242081471 1.3768745554012956e-17 -0.22486068313689966
vn -0.9556682614755085 0.19509039633219513 -0.2205400445890185
vn -0.9556682614755085 0.19509039633219513 -0.2205400445890185
vn -0.9556682614755085 0.19509039633219513 -0.2205400445890185
vn -0.9556682314259535 0.19509105801668655 -0.2205395894734548
vn -0.9556682314259535 0.19509105801668655 -0.2205395894734548
vn -0.9556682314259535 0.19509105801668655 -0.2205395894734548
vn -0.8101769074113956 0.5555696476739633 -0.18696455621517016
vn -0.8101769074113956 0.5555696476739633 -0.18696455621517016
vn -0.8101769074113956 0.5555696476739633 -0.18696455621517016
vn -0.8101775734442928 0.5555682242816733 -0.1869658997155
vn -0.8101775734442928 0.5555682242816733 -0.1869658997155
vn -0.8101775734442928 0.5555682242816733 -0.1869658997155
vn -0.5413415429880828 0.8314702507615185 -0.12492620195082951
vn -0.5413415429880828 0.8314702507615185 -0.12492620195082951
vn -0.5413415429880828 0.8314702507615185 -0.12492620195082951
vn -0.5413406553684886 0.8314710355288826 -0.12492482508189966
vn -0.5413406553684886 0.8314710355288826 -0.12492482508189966
vn -0.5413406553684886 0.8314710355288826 -0.12492482508189966
vn -0.19009560332282419 0.9807850115062975 -0.043868243661256995
vn -0.19009560332282419 0.9807850115062975 -0.043868243661256995
vn -0.19009560332282419 0.9807850115062975 -0.043868243661256995
vn -0.19009554689724154 0.9807850279084518 -0.04386812146030559
vn -0.19009554689724154 0.9807850279084518 -0.04386812146030559
vn -0.19009554689724154 0.9807850279084518 -0.04386812146030559
vn -0.1946578877374514 -0.9807853484528228 -0.012977172337174752
vn -0.1946578877374514 -0.9807853484528228 -0.012977172337174752
vn -0.1946578877374514 -0.9807853484528228 -0.012977172337174752
vn -0.19465780153946555 -0.9807853646212988 -0.012977243331621766
vn -0.19465780153946555 -0.9807853646212988 -0.012977243331621766
vn -0.19465780153946555 -0.9807853646212988 -0.012977243331621766
vn -0.5543395407186771 -0.8314697335929827 -0.03695613230061124
vn -0.5543395407186771 -0.8314697335929827 -0.03695613230061124
vn -0.5543395407186771 -0.8314697335929827 -0.03695613230061124
vn -0.5543412593071513 -0.8314686457907328 -0.036954827785915356
vn -0.5543412593071513 -0.8314686457907328 -0.036954827785915356
vn -0.5543412593071513 -0.8314686457907328 -0.036954827785915356
vn -0.8296292784793989 -0.5555685600916568 -0.055306738535509326
vn -0.8296292784793989 -0.5555685600916568 -0.055306738535509326
vn -0.8296292784793989 -0.5555685600916568 -0.055306738535509326
vn -0.8296275841290229 -0.5555709075646805 -0.05530857365723852
vn -0.8296275841290229 -0.5555709075646805 -0.05530857365723852
vn -0.8296275841290229 -0.5555709075646805 -0.05530857365723852
vn -0.9786127268110856 -0.19509165105512727 -0.06524092743022718
vn -0.9786127268110856 -0.19509165105512727 -0.06524092743022718
vn -0.9786127268110856 -0.19509165105512727 -0.06524092743022718
vn -0.9786126649843485 -0.19509190393188264 -0.06524109864544188
vn -0.9786126649843485 -0.19509190393188264 -0.06524109864544188
vn -0.9786126649843485 -0.19509190393188264 -0.06524109864544188
vn -0.9977851412411238 4.0731299405827504e-18 -0.06651925975558053
vn -0.9977851412411238 4.0731299405827504e-18 -0.06651925975558053
vn -0.9977851412411238 4.0731299405827504e-18 -0.06651925975558053
vn -0.9977851412411238 4.0731299405827504e-18 -0.06651925975558053
vn -0.9977851412411238 4.0731299405827504e-18 -0.06651925975558053
vn -0.9977851412411238 4.0731299405827504e-18 -0.06651925975558053
vn -0.9786127890397491 0.1950912790492062 -0.0652411064190978
vn -0.9786127890397491 0.1950912790492062 -0.0652411064190978
vn -0.9786127890397491 0.1950912790492062 -0.0652411064190978
vn -0.9786127544619417 0.19509151057452273 -0.06524093275055252
vn -0.9786127544619417 0.19509151057452273 -0.06524093275055252
vn -0.9786127544619417 0.19509151057452273 -0.06524093275055252
vn -0.8296293262733055 0.5555682940740351 -0.05530869377383491
vn -0.8296293262733055 0.5555682940740351 -0.05530869377383491
vn -0.8296293262733055 0.5555682940740351 -0.05530869377383491
vn -0.8296279211738495 0.5555705957577611 -0.05530665003526335
vn -0.8296279211738495 0.5555705957577611 -0.05530665003526335
vn -0.8296279211738495 0.5555705957577611 -0.05530665003526335
vn -0.5543377291006643 0.8314710096787616 -0.03695459591578443
vn -0.5543377291006643 0.8314710096787616 -0.03695459591578443
vn -0.5543377291006643 0.8314710096787616 -0.03695459591578443
vn -0.5543392248425001 0.8314699452334003 -0.03695610875866735
vn -0.5543392248425001 0.8314699452334003 -0.03695610875866735
vn -0.5543392248425001 0.8314699452334003 -0.03695610875866735
vn -0.19465947522349486 0.9807850309462187 -0.01297735633858641
vn -0.19465947522349486 0.9807850309462187 -0.01297735633858641
vn -0.19465947522349486 0.9807850309462187 -0.01297735633858641
vn -0.1946593923729623 0.9807850485062368 -0.012977271963238977
vn -0.1946593923729623 0.9807850485062368 -0.012977271963238977
vn -0.1946593923729623 0.9807850485062368 -0.012977271963238977
vn -0.1950898908171298 -0.9807853661739456 -6.005578055179305e-17
vn -0.1950898908171298 -0.9807853661739456 -6.005578055179305e-17
vn -0.1950898908171298 -0.9807853661739456 -6.005578055179305e-17
vn -0.1950898908171298 -0.9807853661739456 -6.005578055179305e-17
vn -0.1950898908171298 -0.9807853661739456 -6.005578055179305e-17
vn -0.1950898908171298 -0.9807853661739456 -6.005578055179305e-17
vn -0.555571747201803 -0.8314686005563504 -5.0912769306152465e-17
vn -0.555571747201803 -0.8314686005563504 -5.0912769306152465e-17
vn -0.555571747201803 -0.8314686005563504 -5.0912769306152465e-17
vn -0.555571747201803 -0.8314686005563504 -5.0912769306152465e-17
vn -0.555571747201803 -0.8314686005563504 -5.0912769306152465e-17
vn -0.555571747201803 -0.8314686005563504 -5.0912769306152465e-17
vn -0.8314691240734573 -0.5555709637053736 -3.401891133740585e-17
vn -0.8314691240734573 -0.5555709637053736 -3.401891133740585e-17
vn -0.8314691240734573 -0.5555709637053736 -3.401891133740585e-17
vn -0.8314691240734573 -0.5555709637053736 -3.401891133740585e-17
vn -0.8314691240734573 -0.5555709637053736 -3.401891133740585e-17
vn -0.8314691240734573 -0.5555709637053736 -3.401891133740585e-17
vn -0.9807849739326411 -0.195091862741501 -1.1945931734771861e-17
vn -0.9807849739326411 -0.195091862741501 -1.1945931734771861e-17
vn -0.9807849739326411 -0.195091862741501 -1.1945931734771861e-17
vn -0.9807849739326411 -0.195091862741501 -1.1945931734771861e-17
vn -0.9807849739326411 -0.195091862741501 -1.1945931734771861e-17
vn -0.9807849739326411 -0.195091862741501 -1.1945931734771861e-17
vn -1 0 0
vn -1 0 0
vn -1 0 0
vn -1 0 0
vn -1 0 0
vn -1 0 0
vn -0.9807850468994249 0.19509149591536024 1.1945908837663586e-17
vn -0.9807850468994249 0.19509149591536024 1.1945908837663586e-17
vn -0.9807850468994249 0.19509149591536024 1.1945908837663586e-17
vn -0.980785049750655 0.19509148158134784 1.194590804521082e-17
vn -0.980785049750655 0.19509148158134784 1.194590804521082e-17
vn -0.980785049750655 0.19509148158134784 1.194590804521082e-17
vn -0.8314693353323335 0.5555706475345937 3.401889037385384e-17
vn -0.8314693353323335 0.5555706475345937 3.401889037385384e-17
vn -0.8314693353323335 0.5555706475345937 3.401889037385384e-17
vn -0.8314693628660995 0.5555706063274427 3.401888819165297e-17
vn -0.8314693628660995 0.5555706063274427 3.401888819165297e-17
vn -0.8314693628660995 0.5555706063274427 3.401888819165297e-17
vn -0.5555697816231183 0.8314699139158558 5.091284884146579e-17
vn -0.5555697816231183 0.8314699139158558 5.091284884146579e-17
vn -0.5555697816231183 0.8314699139158558 5.091284884146579e-17
vn -0.5555697540893754 0.8314699323132922 5.091284962697444e-17
vn -0.5555697540893754 0.8314699323132922 5.091284962697444e-17
vn -0.5555697540893754 0.8314699323132922 5.091284962697444e-17
vn -0.1950915102493725 0.9807850440481946 6.005575922360431e-17
vn -0.1950915102493725 0.9807850440481946 6.005575922360431e-17
vn -0.1950915102493725 0.9807850440481946 6.005575922360431e-17
vn -0.19509149591536024 0.9807850468994249 6.00557593981918e-17
vn -0.19509149591536024 0.9807850468994249 6.00557593981918e-17
vn -0.19509149591536024 0.9807850468994249 6.00557593981918e-17
vn -0.19465778739820214 -0.9807853684500517 0.012977166082508257
vn -0.19465778739820214 -0.9807853684500517 0.012977166082508257
vn -0.19465778739820214 -0.9807853684500517 0.012977166082508257
vn -0.19465787320800512 -0.9807853503257099 0.012977248730405283
vn -0.19465787320800512 -0.9807853503257099 0.012977248730405283
vn -0.19465787320800512 -0.9807853503257099 0.012977248730405283
vn -0.5543411890948259 -0.831468629880038 0.03695623896376358
vn -0.5543411890948259 -0.831468629880038 0.03695623896376358
vn -0.5543411890948259 -0.831468629880038 0.03695623896376358
vn -0.5543397208282655 -0.8314696759317184 0.036954727952510445
vn -0.5543397208282655 -0.8314696759317184 0.036954727952510445
vn -0.5543397208282655 -0.8314696759317184 0.036954727952510445
vn -0.8296277103452597 -0.5555709122569723 0.05530663324808196
vn -0.8296277103452597 -0.5555709122569723 0.05530663324808196
vn -0.8296277103452597 -0.5555709122569723 0.05530663324808196
vn -0.82962910638166 -0.5555686241938573 0.05530867613415613
vn -0.82962910638166 -0.5555686241938573 0.05530867613415613
vn -0.82962910638166 -0.5555686241938573 0.05530867613415613
vn -0.9786126816150005 -0.19509187744497306 0.06524092839079906
vn -0.9786126816150005 -0.19509187744497306 0.06524092839079906
vn -0.9786126816150005 -0.19509187744497306 0.06524092839079906
vn -0.9786127158702749 -0.19509164887401848 0.06524109806419175
vn -0.9786127158702749 -0.19509164887401848 0.06524109806419175
vn -0.9786127158702749 -0.19509164887401848 0.06524109806419175
vn -0.9977851412411238 -4.0731299405827504e-18 0.06651925975558053
vn -0.9977851412411238 -4.0731299405827504e-18 0.06651925975558053
vn -0.9977851412411238 -4.0731299405827504e-18 0.06651925975558053
vn -0.9977851412411238 -4.0731299405827504e-18 0.06651925975558053
vn -0.9977851412411238 -4.0731299405827504e-18 0.06651925975558053
vn -0.9977851412411238 -4.0731299405827504e-18 0.06651925975558053
vn -0.9786127381539188 0.19509153410708974 0.06524110700035443
vn -0.9786127381539188 0.19509153410708974 0.06524110700035443
vn -0.9786127381539188 0.19509153410708974 0.06524110700035443
vn -0.97861279713565 0.19509129556432533 0.06524093559547
vn -0.97861279713565 0.19509129556432533 0.06524093559547
vn -0.97861279713565 0.19509129556432533 0.06524093559547
vn -0.8296278224303909 0.5555705498583134 0.055308592275875965
vn -0.8296278224303909 0.5555705498583134 0.055308592275875965
vn -0.8296278224303909 0.5555705498583134 0.055308592275875965
vn -0.8296294983710306 0.5555682299718202 0.055306756175090656
vn -0.8296294983710306 0.5555682299718202 0.055306756175090656
vn -0.8296294983710306 0.5555682299718202 0.055306756175090656
vn -0.5543392950547511 0.8314699611440647 0.03695469758080729
vn -0.5543392950547511 0.8314699611440647 0.03695469758080729
vn -0.5543392950547511 0.8314699611440647 0.03695469758080729
vn -0.5543375764636631 0.8314710489424885 0.036956002095335845
vn -0.5543375764636631 0.8314710489424885 0.036956002095335845
vn -0.5543375764636631 0.8314710489424885 0.036956002095335845
vn -0.19465939217769102 0.980785047522369 0.01297734924999269
vn -0.19465939217769102 0.980785047522369 0.01297734924999269
vn -0.19465939217769102 0.980785047522369 0.01297734924999269
vn -0.19465950409181013 0.9807850262402539 0.012977278976544163
vn -0.19465950409181013 0.9807850262402539 0.012977278976544163
vn -0.19465950409181013 0.9807850262402539 0.012977278976544163
vn -0.1900939751509744 -0.9807853487785829 0.04386775846307083
vn -0.1900939751509744 -0.9807853487785829 0.04386775846307083
vn -0.1900939751509744 -0.9807853487785829 0.04386775846307083
vn -0.19009405708314553 -0.980785327490085 0.043867879386135546
vn -0.19009405708314553 -0.980785327490085 0.043867879386135546
vn -0.19009405708314553 -0.980785327490085 0.043867879386135546
vn -0.5413425637651282 -0.8314697258363242 0.12492527235858339
vn -0.5413425637651282 -0.8314697258363242 0.12492527235858339
vn -0.5413425637651282 -0.8314697258363242 0.12492527235858339
vn -0.5413435198450277 -0.8314688950660875 0.12492665872173014
vn -0.5413435198450277 -0.8314688950660875 0.12492665872173014
vn -0.5413435198450277 -0.8314688950660875 0.12492665872173014
vn -0.810177339577812 -0.55556858503109 0.1869658411613498
vn -0.810177339577812 -0.55556858503109 0.1869658411613498
vn -0.810177339577812 -0.55556858503109 0.1869658411613498
vn -0.8101767208539193 -0.5555699403871361 0.18696449482354813
vn -0.8101767208539193 -0.5555699403871361 0.18696449482354813
vn -0.8101767208539193 -0.5555699403871361 0.18696449482354813
vn -0.9556681658625177 -0.1950914144281273 0.22053955829602176
vn -0.9556681658625177 -0.1950914144281273 0.22053955829602176
vn -0.9556681658625177 -0.1950914144281273 0.22053955829602176
vn -0.9556681899934978 -0.19509076643656761 0.22054002694691163
vn -0.9556681899934978 -0.19509076643656761 0.22054002694691163
vn -0.9556681899934978 -0.19509076643656761 0.22054002694691163
vn -0.9743909242081471 -1.3768745554012956e-17 0.22486068313689966
vn -0.9743909242081471 -1.3768745554012956e-17 0.22486068313689966
vn -0.9743909242081471 -1.3768745554012956e-17 0.22486068313689966
vn -0.9743909242081471 -1.3768745554012956e-17 0.22486068313689966
vn -0.9743909242081471 -1.3768745554012956e-17 0.22486068313689966
vn -0.9743909242081471 -1.3768745554012956e-17 0.22486068313689966
vn -0.9556681351805966 0.1950910505368151 0.2205400131515435
vn -0.9556681351805966 0.1950910505368151 0.2205400131515435
vn -0.9556681351805966 0.1950910505368151 0.2205400131515435
vn -0.9556683625260679 0.19509037772410662 0.2205396231660185
vn -0.9556683625260679 0.19509037772410662 0.2205396231660185
vn -0.9556683625260679 0.19509037772410662 0.2205396231660185
vn -0.8101778000830355 0.5555682758084562 0.18696476450880303
vn -0.8101778000830355 0.5555682758084562 0.18696476450880303
vn -0.8101778000830355 0.5555682758084562 0.18696476450880303
vn -0.8101766066345049 0.5555697053903108 0.1869656880679507
vn -0.8101766066345049 0.5555697053903108 0.1869656880679507
vn -0.8101766066345049 0.5555697053903108 0.1869656880679507
vn -0.5413404117429785 0.8314710275313085 0.12492593401681079
vn -0.5413404117429785 0.8314710275313085 0.12492593401681079
vn -0.5413404117429785 0.8314710275313085 0.12492593401681079
vn -0.5413418962055462 0.8314701843827438 0.12492511314827652
vn -0.5413418962055462 0.8314701843827438 0.12492511314827652
vn -0.5413418962055462 0.8314701843827438 0.12492511314827652
vn -0.19009550300146713 0.9807850320757769 0.04386821850424959
vn -0.19009550300146713 0.9807850320757769 0.04386821850424959
vn -0.19009550300146713 0.9807850320757769 0.04386821850424959
vn -0.19009563285590933 0.9807850101171871 0.043868146741577754
vn -0.19009563285590933 0.9807850101171871 0.043868146741577754
vn -0.19009563285590933 0.9807850101171871 0.043868146741577754
vn -0.17760350012524423 -0.9807853214456542 0.08072886707992041
vn -0.17760350012524423 -0.9807853214456542 0.08072886707992041
vn -0.17760350012524423 -0.9807853214456542 0.08072886707992041
vn -0.17760345800690938 -0.9807853357217078 0.0807287862985999
vn -0.17760345800690938 -0.9807853357217078 0.0807287862985999
vn -0.17760345800690938 -0.9807853357217078 0.0807287862985999
vn -0.5057735554379119 -0.8314688984678248 0.22989689319430914
vn -0.5057735554379119 -0.8314688984678248 0.22989689319430914
vn -0.5057735554379119 -0.8314688984678248 0.22989689319430914
vn -0.5057731354305772 -0.8314694303479669 0.22989589355521434
vn -0.5057731354305772 -0.8314694303479669 0.22989589355521434
vn -0.5057731354305772 -0.8314694303479669 0.22989589355521434
vn -0.7569427988439834 -0.5555699395847081 0.34406342657725286
vn -0.7569427988439834 -0.5555699395847081 0.34406342657725286
vn -0.7569427988439834 -0.5555699395847081 0.34406342657725286
vn -0.7569428547061661 -0.5555696984192958 0.3440636930970382
vn -0.7569428547061661 -0.5555696984192958 0.3440636930970382
vn -0.7569428547061661 -0.5555696984192958 0.3440636930970382
vn -0.8928745235381154 -0.1950907226617555 0.405850582293407
vn -0.8928745235381154 -0.1950907226617555 0.405850582293407
vn -0.8928745235381154 -0.1950907226617555 0.405850582293407
vn -0.8928745019969792 -0.1950905372634314 0.40585071880423224
vn -0.8928745019969792 -0.1950905372634314 0.40585071880423224
vn -0.8928745019969792 -0.1950905372634314 0.40585071880423224
vn -0.9103669928787647 -2.5338052061434538e-17 0.41380181038375763
vn -0.9103669928787647 -2.5338052061434538e-17 0.41380181038375763
vn -0.9103669928787647 -2.5338052061434538e-17 0.41380181038375763
vn -0.9103669928787647 -2.5338052061434538e-17 0.41380181038375763
vn -0.9103669928787647 -2.5338052061434538e-17 0.41380181038375763
vn -0.9103669928787647 -2.5338052061434538e-17 0.41380181038375763
vn -0.8928745344315664 0.1950903525129178 0.4058507362565688
vn -0.8928745344315664 0.1950903525129178 0.4058507362565688
vn -0.8928745344315664 0.1950903525129178 0.4058507362565688
vn -0.8928746489412209 0.1950901428698076 0.4058505851087682
vn -0.8928746489412209 0.1950901428698076 0.4058505851087682
vn -0.8928746489412209 0.1950901428698076 0.4058505851087682
vn -0.7569429225295843 0.5555695852423009 0.3440637266351532
vn -0.7569429225295843 0.5555695852423009 0.3440637266351532
vn -0.7569429225295843 0.5555695852423009 0.3440637266351532
vn -0.7569431051336788 0.555569409210212 0.34406360914865797
vn -0.7569431051336788 0.555569409210212 0.34406360914865797
vn -0.7569431051336788 0.555569409210212 0.34406360914865797
vn -0.505772000627486 0.8314702610075271 0.22989538586353814
vn -0.505772000627486 0.8314702610075271 0.22989538586353814
vn -0.505772000627486 0.8314702610075271 0.22989538586353814
vn -0.5057709811076614 0.831470787189583 0.22989572575350126
vn -0.5057709811076614 0.831470787189583 0.22989572575350126
vn -0.5057709811076614 0.831470787189583 0.22989572575350126
vn -0.1776049719605806 0.9807850047591041 0.080729476491338
vn -0.1776049719605806 0.9807850047591041 0.080729476491338
vn -0.1776049719605806 0.9807850047591041 0.080729476491338
vn -0.17760491391559777 0.9807850133720001 0.08072949955201661
vn -0.17760491391559777 0.9807850133720001 0.08072949955201661
vn -0.17760491391559777 0.9807850133720001 0.08072949955201661
vn -0.1539945926747377 -0.9807853270233264 0.1197739860015029
vn -0.1539945926747377 -0.9807853270233264 0.1197739860015029
vn -0.1539945926747377 -0.9807853270233264 0.1197739860015029
vn -0.15399461915928717 -0.9807853058925659 0.11977412498203474
vn -0.15399461915928717 -0.9807853058925659 0.11977412498203474
vn -0.15399461915928717 -0.9807853058925659 0.11977412498203474
vn -0.4385401148966474 -0.8314693832643387 0.34108830575153887
vn -0.4385401148966474 -0.8314693832643387 0.34108830575153887
vn -0.4385401148966474 -0.8314693832643387 0.34108830575153887
vn -0.4385400937183296 -0.8314694623196648 0.3410881402678296
vn -0.4385400937183296 -0.8314694623196648 0.3410881402678296
vn -0.4385400937183296 -0.8314694623196648 0.3410881402678296
vn -0.6563215788648608 -0.5555698818169258 0.5104743789204933
vn -0.6563215788648608 -0.5555698818169258 0.5104743789204933
vn -0.6563215788648608 -0.5555698818169258 0.5104743789204933
vn -0.6563215507918653 -0.5555703853453411 0.5104738670033856
vn -0.6563215507918653 -0.5555703853453411 0.5104738670033856
vn -0.6563215507918653 -0.5555703853453411 0.5104738670033856
vn -0.774184174366686 -0.1950901466319863 0.6021450812281727
vn -0.774184174366686 -0.1950901466319863 0.6021450812281727
vn -0.774184174366686 -0.1950901466319863 0.6021450812281727
vn -0.7741847034949761 -0.19509211174229812 0.6021437642376832
vn -0.7741847034949761 -0.19509211174229812 0.6021437642376832
vn -0.7741847034949761 -0.19509211174229812 0.6021437642376832
vn -0.7893521531867065 -3.759302498215237e-17 0.6139406960444225
vn -0.7893521531867065 -3.759302498215237e-17 0.6139406960444225
vn -0.7893521531867065 -3.759302498215237e-17 0.6139406960444225
vn -0.7893521531867065 -3.759302498215237e-17 0.6139406960444225
vn -0.7893521531867065 -3.759302498215237e-17 0.6139406960444225
vn -0.7893521531867065 -3.759302498215237e-17 0.6139406960444225
vn -0.7741850544398114 0.19508981527939248 0.6021440570629911
vn -0.7741850544398114 0.19508981527939248 0.6021440570629911
vn -0.7741850544398114 0.19508981527939248 0.6021440570629911
vn -0.7741839123863367 0.1950917947234058 0.602144884088361
vn -0.7741839123863367 0.1950917947234058 0.602144884088361
vn -0.7741839123863367 0.1950917947234058 0.602144884088361
vn -0.6563219510195247 0.5555695960904865 0.510474211405217
vn -0.6563219510195247 0.5555695960904865 0.510474211405217
vn -0.6563219510195247 0.5555695960904865 0.510474211405217
vn -0.6563214657742027 0.5555700658102225 0.5104743240748031
vn -0.6563214657742027 0.5555700658102225 0.5104743240748031
vn -0.6563214657742027 0.5555700658102225 0.5104743240748031
vn -0.43853862723593634 0.8314707023214588 0.341087002981762
vn -0.43853862723593634 0.8314707023214588 0.341087002981762
vn -0.43853862723593634 0.8314707023214588 0.341087002981762
vn -0.43853846553486053 0.8314707943721438 0.34108698648949637
vn -0.43853846553486053 0.8314707943721438 0.34108698648949637
vn -0.43853846553486053 0.8314707943721438 0.34108698648949637
vn -0.15399579640622102 0.9807850082209375 0.11977504889696187
vn -0.15399579640622102 0.9807850082209375 0.11977504889696187
vn -0.15399579640622102 0.9807850082209375 0.11977504889696187
vn -0.1539959565692693 0.9807849843393157 0.11977503852991929
vn -0.1539959565692693 0.9807849843393157 0.11977503852991929
vn -0.1539959565692693 0.9807849843393157 0.11977503852991929
vn -0.1197740575145453 -0.9807853025166859 0.1539946931350404
vn -0.1197740575145453 -0.9807853025166859 0.1539946931350404
vn -0.1197740575145453 -0.9807853025166859 0.1539946931350404
vn -0.11977406760669501 -0.9807853241475141 0.15399454751971783
vn -0.11977406760669501 -0.9807853241475141 0.15399454751971783
vn -0.11977406760669501 -0.9807853241475141 0.15399454751971783
vn -0.3410882371045107 -0.8314694804310535 0.438539984061489
vn -0.3410882371045107 -0.8314694804310535 0.438539984061489
vn -0.3410882371045107 -0.8314694804310535 0.438539984061489
vn -0.34108819646856914 -0.8314693944173367 0.4385401787488648
vn -0.34108819646856914 -0.8314693944173367 0.4385401787488648
vn -0.34108819646856914 -0.8314693944173367 0.4385401787488648
vn -0.5104741944136972 -0.5555704120629422 0.6563212735222739
vn -0.5104741944136972 -0.5555704120629422 0.6563212735222739
vn -0.5104741944136972 -0.5555704120629422 0.6563212735222739
vn -0.5104740817442349 -0.5555699423433543 0.656321758767742
vn -0.5104740817442349 -0.5555699423433543 0.656321758767742
vn -0.5104740817442349 -0.5555699423433543 0.656321758767742
vn -0.6021448318691796 -0.1950921547441225 0.7741838622772584
vn -0.6021448318691796 -0.1950921547441225 0.7741838622772584
vn -0.6021448318691796 -0.1950921547441225 0.7741838622772584
vn -0.6021440030937616 -0.19509018963425154 0.7741850020806991
vn -0.6021440030937616 -0.19509018963425154 0.7741850020806991
vn -0.6021440030937616 -0.19509018963425154 0.7741850020806991
vn -0.6139406960444225 -4.8333878863925676e-17 0.7893521531867065
vn -0.6139406960444225 -4.8333878863925676e-17 0.7893521531867065
vn -0.6139406960444225 -4.8333878863925676e-17 0.7893521531867065
vn -0.6139406960444225 -4.8333878863925676e-17 0.7893521531867065
vn -0.6139406960444225 -4.8333878863925676e-17 0.7893521531867065
vn -0.6139406960444225 -4.8333878863925676e-17 0.7893521531867065
vn -0.6021438182073655 0.19509173738756735 0.7741847558546705
vn -0.6021438182073655 0.19509173738756735 0.7741847558546705
vn -0.6021438182073655 0.19509173738756735 0.7741847558546705
vn -0.6021451334468995 0.19508978661114104 0.7741842244751795
vn -0.6021451334468995 0.19508978661114104 0.7741842244751795
vn -0.6021451334468995 0.19508978661114104 0.7741842244751795
vn -0.510474023833008 0.5555700633956593 0.6563217013403417
vn -0.510474023833008 0.5555700633956593 0.6563217013403417
vn -0.510474023833008 0.5555700633956593 0.6563217013403417
vn -0.5104745557196332 0.5555695816009264 0.6563216954837121
vn -0.5104745557196332 0.5555695816009264 0.6563216954837121
vn -0.5104745557196332 0.5555695816009264 0.6563216954837121
vn -0.34108692490362574 0.8314707895424923 0.43853852259222664
vn -0.34108692490362574 0.8314707895424923 0.43853852259222664
vn -0.34108692490362574 0.8314707895424923 0.43853852259222664
vn -0.34108706456763155 0.831470707151111 0.4385385701785735
vn -0.34108706456763155 0.831470707151111 0.4385385701785735
vn -0.34108706456763155 0.831470707151111 0.4385385701785735
vn -0.11977510599741414 0.9807849877152226 0.1539958825935263
vn -0.11977510599741414 0.9807849877152226 0.1539958825935263
vn -0.11977510599741414 0.9807849877152226 0.1539958825935263
vn -0.11977496674207774 0.9807850065955246 0.15399587065681594
vn -0.11977496674207774 0.9807850065955246 0.15399587065681594
vn -0.11977496674207774 0.9807850065955246 0.15399587065681594
vn -0.08072883832641863 -0.9807853341879185 0.1776034428280048
vn -0.08072883832641863 -0.9807853341879185 0.1776034428280048
vn -0.08072883832641863 -0.9807853341879185 0.1776034428280048
vn -0.08072880765007825 -0.9807853235693634 0.17760351541097316
vn -0.08072880765007825 -0.9807853235693634 0.17760351541097316
vn -0.08072880765007825 -0.9807853235693634 0.17760351541097316
vn -0.22989654474341742 -0.83146947381159 0.5057727679843148
vn -0.22989654474341742 -0.83146947381159 0.5057727679843148
vn -0.22989654474341742 -0.83146947381159 0.5057727679843148
vn -0.22989619073935033 -0.8314689504760414 0.5057737892356684
vn -0.22989619073935033 -0.8314689504760414 0.5057737892356684
vn -0.22989619073935033 -0.8314689504760414 0.5057737892356684
vn -0.34406349365349936 -0.5555697132307543 0.7569429344908675
vn -0.34406349365349936 -0.5555697132307543 0.7569429344908675
vn -0.34406349365349936 -0.5555697132307543 0.7569429344908675
vn -0.3440636415440134 -0.5555699498390628 0.7569426936058593
vn -0.3440636415440134 -0.5555699498390628 0.7569426936058593
vn -0.3440636415440134 -0.5555699498390628 0.7569426936058593
vn -0.40585059881115076 -0.1950905219855061 0.8928745598772837
vn -0.40585059881115076 -0.1950905219855061 0.8928745598772837
vn -0.40585059881115076 -0.1950905219855061 0.8928745598772837
vn -0.40585070464616174 -0.19509070927164596 0.8928744708491222
vn -0.40585070464616174 -0.19509070927164596 0.8928744708491222
vn -0.40585070464616174 -0.19509070927164596 0.8928744708491222
vn -0.41380181038375763 -5.574389883099258e-17 0.9103669928787647
vn -0.41380181038375763 -5.574389883099258e-17 0.9103669928787647
vn -0.41380181038375763 -5.574389883099258e-17 0.9103669928787647
vn -0.41380181038375763 -5.574389883099258e-17 0.9103669928787647
vn -0.41380181038375763 -5.574389883099258e-17 0.9103669928787647
vn -0.41380181038375763 -5.574389883099258e-17 0.9103669928787647
vn -0.4058507288154526 0.1950901701220815 0.8928745776657006
vn -0.4058507288154526 0.1950901701220815 0.8928745776657006
vn -0.4058507288154526 0.1950901701220815 0.8928745776657006
vn -0.40585058901037413 0.19509036826270587 0.8928745979201416
vn -0.40585058901037413 0.19509036826270587 0.8928745979201416
vn -0.40585058901037413 0.19509036826270587 0.8928745979201416
vn -0.34406379371136636 0.555569358888273 0.7569430581763832
vn -0.34406379371136636 0.555569358888273 0.7569430581763832
vn -0.34406379371136636 0.555569358888273 0.7569430581763832
vn -0.34406354207244394 0.5555696355642253 0.7569429694868679
vn -0.34406354207244394 0.5555696355642253 0.7569429694868679
vn -0.34406354207244394 0.5555696355642253 0.7569429694868679
vn -0.22989506317183314 0.8314707621234894 0.5057713234881972
vn -0.22989506317183314 0.8314707621234894 0.5057713234881972
vn -0.22989506317183314 0.8314707621234894 0.5057713234881972
vn -0.22989606974193072 0.831470255311079 0.5057716991391891
vn -0.22989606974193072 0.831470255311079 0.5057716991391891
vn -0.22989606974193072 0.831470255311079 0.5057716991391891
vn -0.0807294551398766 0.9807850169115441 0.17760491455655414
vn -0.0807294551398766 0.9807850169115441 0.17760491455655414
vn -0.0807294551398766 0.9807850169115441 0.17760491455655414
vn -0.08072952111712961 0.9807850038152266 0.1776049568884979
vn -0.08072952111712961 0.9807850038152266 0.1776049568884979
vn -0.08072952111712961 0.9807850038152266 0.1776049568884979
vn -0.043867782466455514 -0.9807853261009847 0.19009408661623547
vn -0.043867782466455514 -0.9807853261009847 0.19009408661623547
vn -0.043867782466455514 -0.9807853261009847 0.19009408661623547
vn -0.04386785166462581 -0.9807853503279627 0.19009394564895046
vn -0.04386785166462581 -0.9807853503279627 0.19009394564895046
vn -0.04386785166462581 -0.9807853503279627 0.19009394564895046
vn -0.12492556042450065 -0.8314688746872071 0.5413438046001948
vn -0.12492556042450065 -0.8314688746872071 0.5413438046001948
vn -0.12492556042450065 -0.8314688746872071 0.5413438046001948
vn -0.12492638459685013 -0.831469690236186 0.5413423617731212
vn -0.12492638459685013 -0.831469690236186 0.5413423617731212
vn -0.12492638459685013 -0.831469690236186 0.5413423617731212
vn -0.1869656266763174 -0.5555699981034801 0.8101764200770293
vn -0.1869656266763174 -0.5555699981034801 0.8101764200770293
vn -0.1869656266763174 -0.5555699981034801 0.8101764200770293
vn -0.18696470595464132 -0.5555686365578504 0.8101775662165337
vn -0.18696470595464132 -0.5555686365578504 0.8101775662165337
vn -0.18696470595464132 -0.5555686365578504 0.8101775662165337
vn -0.22053959037467513 -0.1950907458895201 0.9556682949358744
vn -0.22053959037467513 -0.1950907458895201 0.9556682949358744
vn -0.22053959037467513 -0.1950907458895201 0.9556682949358744
vn -0.2205400080718375 -0.1950914317539752 0.9556680585307106
vn -0.2205400080718375 -0.1950914317539752 0.9556680585307106
vn -0.2205400080718375 -0.1950914317539752 0.9556680585307106
vn -0.22486068313689966 -5.966423319514437e-17 0.9743909242081471
vn -0.22486068313689966 -5.966423319514437e-17 0.9743909242081471
vn -0.22486068313689966 -5.966423319514437e-17 0.9743909242081471
vn -0.22486068313689966 -5.966423319514437e-17 0.9743909242081471
vn -0.22486068313689966 -5.966423319514437e-17 0.9743909242081471
vn -0.22486068313689966 -5.966423319514437e-17 0.9743909242081471
vn -0.2205400445890185 0.19509039633219513 0.9556682614755085
vn -0.2205400445890185 0.19509039633219513 0.9556682614755085
vn -0.2205400445890185 0.19509039633219513 0.9556682614755085
vn -0.2205395894734548 0.19509105801668655 0.9556682314259535
vn -0.2205395894734548 0.19509105801668655 0.9556682314259535
vn -0.2205395894734548 0.19509105801668655 0.9556682314259535
vn -0.18696455621517016 0.5555696476739633 0.8101769074113956
vn -0.18696455621517016 0.5555696476739633 0.8101769074113956
vn -0.18696455621517016 0.5555696476739633 0.8101769074113956
vn -0.1869658997155 0.5555682242816733 0.8101775734442928
vn -0.1869658997155 0.5555682242816733 0.8101775734442928
vn -0.1869658997155 0.5555682242816733 0.8101775734442928
vn -0.12492620195082951 0.8314702507615185 0.5413415429880828
vn -0.12492620195082951 0.8314702507615185 0.5413415429880828
vn -0.12492620195082951 0.8314702507615185 0.5413415429880828
vn -0.12492482508189966 0.8314710355288826 0.5413406553684886
vn -0.12492482508189966 0.8314710355288826 0.5413406553684886
vn -0.12492482508189966 0.8314710355288826 0.5413406553684886
vn -0.043868243661256995 0.9807850115062975 0.19009560332282419
vn -0.043868243661256995 0.9807850115062975 0.19009560332282419
vn -0.043868243661256995 0.9807850115062975 0.19009560332282419
vn -0.04386812146030559 0.9807850279084518 0.19009554689724154
vn -0.04386812146030559 0.9807850279084518 0.19009554689724154
vn -0.04386812146030559 0.9807850279084518 0.19009554689724154
vn -0.012977172337174752 -0.9807853484528228 0.1946578877374514
vn -0.012977172337174752 -0.9807853484528228 0.1946578877374514
vn -0.012977172337174752 -0.9807853484528228 0.1946578877374514
vn -0.012977243331621766 -0.9807853646212988 0.19465780153946555
vn -0.012977243331621766 -0.9807853646212988 0.19465780153946555
vn -0.012977243331621766 -0.9807853646212988 0.19465780153946555
vn -0.03695613230061124 -0.8314697335929827 0.5543395407186771
vn -0.03695613230061124 -0.8314697335929827 0.5543395407186771
vn -0.03695613230061124 -0.8314697335929827 0.5543395407186771
vn -0.036954827785915356 -0.8314686457907328 0.5543412593071513
vn -0.036954827785915356 -0.8314686457907328 0.5543412593071513
vn -0.036954827785915356 -0.8314686457907328 0.5543412593071513
vn -0.055306738535509326 -0.5555685600916568 0.8296292784793989
vn -0.055306738535509326 -0.5555685600916568 0.8296292784793989
vn -0.055306738535509326 -0.5555685600916568 0.8296292784793989
vn -0.05530857365723852 -0.5555709075646805 0.8296275841290229
vn -0.05530857365723852 -0.5555709075646805 0.8296275841290229
vn -0.05530857365723852 -0.5555709075646805 0.8296275841290229
vn -0.06524092743022718 -0.19509165105512727 0.9786127268110856
vn -0.06524092743022718 -0.19509165105512727 0.9786127268110856
vn -0.06524092743022718 -0.19509165105512727 0.9786127268110856
vn -0.06524109864544188 -0.19509190393188264 0.9786126649843485
vn -0.06524109864544188 -0.19509190393188264 0.9786126649843485
vn -0.06524109864544188 -0.19509190393188264 0.9786126649843485
vn -0.06651925975558053 -6.109671749817201e-17 0.9977851412411238
vn -0.06651925975558053 -6.109671749817201e-17 0.9977851412411238
vn -0.06651925975558053 -6.109671749817201e-17 0.9977851412411238
vn -0.06651925975558053 -6.109671749817201e-17 0.9977851412411238
vn -0.06651925975558053 -6.109671749817201e-17 0.9977851412411238
vn -0.06651925975558053 -6.109671749817201e-17 0.9977851412411238
vn -0.0652411064190978 0.1950912790492062 0.9786127890397491
vn -0.0652411064190978 0.1950912790492062 0.9786127890397491
vn -0.0652411064190978 0.1950912790492062 0.9786127890397491
vn -0.06524093275055252 0.19509151057452273 0.9786127544619417
vn -0.06524093275055252 0.19509151057452273 0.9786127544619417
vn -0.06524093275055252 0.19509151057452273 0.9786127544619417
vn -0.05530869377383491 0.5555682940740351 0.8296293262733055
vn -0.05530869377383491 0.5555682940740351 0.8296293262733055
vn -0.05530869377383491 0.5555682940740351 0.8296293262733055
vn -0.05530665003526335 0.5555705957577611 0.8296279211738495
vn -0.05530665003526335 0.5555705957577611 0.8296279211738495
vn -0.05530665003526335 0.5555705957577611 0.8296279211738495
vn -0.03695459591578443 0.8314710096787616 0.5543377291006643
vn -0.03695459591578443 0.8314710096787616 0.5543377291006643
vn -0.03695459591578443 0.8314710096787616 0.5543377291006643
vn -0.03695610875866735 0.8314699452334003 0.5543392248425001
vn -0.03695610875866735 0.8314699452334003 0.5543392248425001
vn -0.03695610875866735 0.8314699452334003 0.5543392248425001
vn -0.01297735633858641 0.9807850309462187 0.19465947522349486
vn -0.01297735633858641 0.9807850309462187 0.19465947522349486
vn -0.01297735633858641 0.9807850309462187 0.19465947522349486
vn -0.012977271963238977 0.9807850485062368 0.1946593923729623
vn -0.012977271963238977 0.9807850485062368 0.1946593923729623
vn -0.012977271963238977 0.9807850485062368 0.1946593923729623
f 1/1/1 2/2/2 3/3/3
f 4/4/4 5/5/5 6/6/6
f 7/7/7 8/8/8 9/9/9
f 10/10/10 11/11/11 12/12/12
f 13/13/13 14/14/14 15/15/15
f 16/16/16 17/17/17 18/18/18
f 19/19/19 20/20/20 21/21/21
f 22/22/22 23/23/23 24/24/24
f 25/25/25 26/26/26 27/27/27
f 28/28/28 29/29/29 30/30/30
f 31/31/31 32/32/32 33/33/33
f 34/34/34 35/35/35 36/36/36
f 37/37/37 38/38/38 39/39/39
f 40/40/40 41/41/41 42/42/42
f 43/43/43 44/44/44 45/45/45
f 46/46/46 47/47/47 48/48/48
f 49/49/49 50/50/50 51/51/51
f 52/52/52 53/53/53 54/54/54
f 55/55/55 56/56/56 57/57/57
f 58/58/58 59/59/59 60/60/60
f 61/61/61 62/62/62 63/63/63
f 64/64/64 65/65/65 66/66/66
f 67/67/67 68/68/68 69/69/69
f 70/70/70 71/71/71 72/72/72
f 73/73/73 74/74/74 75/75/75
f 76/76/76 77/77/77 78/78/78
f 79/79/79 80/80/80 81/81/81
f 82/82/82 83/83/83 84/84/84
f 85/85/85 86/86/86 87/87/87
f 88/88/88 89/89/89 90/90/90
f 91/91/91 92/92/92 93/93/93
f 94/94/94 95/95/95 96/96/96
f 97/97/97 98/98/98 99/99/99
f 100/100/100 101/101/101 102/102/102
f 103/103/103 104/104/104 105/105/105
f 106/106/106 107/107/107 108/108/108
f 109/109/109 110/110/110 111/111/111
f 112/112/112 113/113/113 114/114/114
f 115/115/115 116/116/116 117/117/117
f 118/118/118 119/119/119 120/120/120
f 121/121/121 122/122/122 123/123/123
f 124/124/124 125/125/125 126/126/126
f 127/127/127 128/128/128 129/129/129
f 130/130/130 131/131/131 132/132/132
f 133/133/133 134/134/134 135/135/135
f 136/136/136 137/137/137 138/138/138
f 139/139/139 140/140/140 141/141/141
f 142/142/142 143/143/143 144/144/144
f 145/145/145 146/146/146 147/147/147
f 148/148/148 149/149/149 150/150/150
f 151/151/151 152/152/152 153/153/153
f 154/154/154 155/155/155 156/156/156
f 157/157/157 158/158/158 159/159/159
f 160/160/160 161/161/161 162/162/162
f 163/163/163 164/164/164 165/165/165
f 166/166/166 167/167/167 168/168/168
f 169/169/169 170/170/170 171/171/171
f 172/172/172 173/173/173 174/174/174
f 175/175/175 176/176/176 177/177/177
f 178/178/178 179/179/179 180/180/180
f 181/181/181 182/182/182 183/183/183
f 184/184/184 185/185/185 186/186/186
f 187/187/187 188/188/188 189/189/189
f 190/190/190 191/191/191 192/192/192
f 193/193/193 194/194/194 195/195/195
f 196/196/196 197/197/197 198/198/198
f 199/199/199 200/200/200 201/201/201
f 202/202/202 203/203/203 204/204/204
f 205/205/205 206/206/206 207/207/207
f 208/208/208 209/209/209 210/210/210
f 211/211/211 212/212/212 213/213/213
f 214/214/214 215/215/215 216/216/216
f 217/217/217 218/218/218 219/219/219
f 220/220/220 221/221/221 222/222/222
f 223/223/223 224/224/224 225/225/225
f 226/226/226 227/227/227 228/228/228
f 229/229/229 230/230/230 231/231/231
f 232/232/232 233/233/233 234/234/234
f 235/235/235 236/236/236 237/237/237
f 238/238/238 239/239/239 240/240/240
f 241/241/241 242/242/242 243/243/243
f 244/244/244 245/245/245 246/246/246
f 247/247/247 248/248/248 249/249/249
f 250/250/250 251/251/251 252/252/252
f 253/253/253 254/254/254 255/255/255
f 256/256/256 257/257/257 258/258/258
f 259/259/259 260/260/260 261/261/261
f 262/262/262 263/263/263 264/264/264
f 265/265/265 266/266/266 267/267/267
f 268/268/268 269/269/269 270/270/270
f 271/271/271 272/272/272 273/273/273
f 274/274/274 275/275/275 276/276/276
f 277/277/277 278/278/278 279/279/279
f 280/280/280 281/281/281 282/282/282
f 283/283/283 284/284/284 285/285/285
f 286/286/286 287/287/287 288/288/288
f 289/289/289 290/290/290 291/291/291
f 292/292/292 293/293/293 294/294/294
f 295/295/295 296/296/296 297/297/297
f 298/298/298 299/299/299 300/300/300
f 301/301/301 302/302/302 303/303/303
f 304/304/304 305/305/305 306/306/306
f 307/307/307 308/308/308 309/309/309
f 310/310/310 311/311/311 312/312/312
f 313/313/313 314/314/314 315/315/315
f 316/316/316 317/317/317 318/318/318
f 319/319/319 320/320/320 321/321/321
f 322/322/322 323/323/323 324/324/324
f 325/325/325 326/326/326 327/327/327
f 328/328/328 329/329/329 330/330/330
f 331/331/331 332/332/332 333/333/333
f 334/334/334 335/335/335 336/336/336
f 337/337/337 338/338/338 339/339/339
f 340/340/340 341/341/341 342/342/342
f 343/343/343 344/344/344 345/345/345
f 346/346/346 347/347/347 348/348/348
f 349/349/349 350/350/350 351/351/351
f 352/352/352 353/353/353 354/354/354
f 355/355/355 356/356/356 357/357/357
f 358/358/358 359/359/359 360/360/360
f 361/361/361 362/362/362 363/363/363
f 364/364/364 365/365/365 366/366/366
f 367/367/367 368/368/368 369/369/369
f 370/370/370 371/371/371 372/372/372
f 373/373/373 374/374/374 375/375/375
f 376/376/376 377/377/377 378/378/378
f 379/379/379 380/380/380 381/381/381
f 382/382/382 383/383/383 384/384/384
f 385/385/385 386/386/386 387/387/387
f 388/388/388 389/389/389 390/390/390
f 391/391/391 392/392/392 393/393/393
f 394/394/394 395/395/395 396/396/396
f 397/397/397 398/398/398 399/399/399
f 400/400/400 401/401/401 402/402/402
f 403/403/403 404/404/404 405/405/405
f 406/406/406 407/407/407 408/408/408
f 409/409/409 410/410/410 411/411/411
f 412/412/412 413/413/413 414/414/414
f 415/415/415 416/416/416 417/417/417
f 418/418/418 419/419/419 420/420/420
f 421/421/421 422/422/422 423/423/423
f 424/424/424 425/425/425 426/426/426
f 427/427/427 428/428/428 429/429/429
f 430/430/430 431/431/431 432/432/432
f 433/433/433 434/434/434 435/435/435
f 436/436/436 437/437/437 438/438/438
f 439/439/439 440/440/440 441/441/441
f 442/442/442 443/443/443 444/444/444
f 445/445/445 446/446/446 447/447/447
f 448/448/448 449/449/449 450/450/450
f 451/451/451 452/452/452 453/453/453
f 454/454/454 455/455/455 456/456/456
f 457/457/457 458/458/458 459/459/459
f 460/460/460 461/461/461 462/462/462
f 463/463/463 464/464/464 465/465/465
f 466/466/466 467/467/467 468/468/468
f 469/469/469 470/470/470 471/471/471
f 472/472/472 473/473/473 474/474/474
f 475/475/475 476/476/476 477/477/477
f 478/478/478 479/479/479 480/480/480
f 481/481/481 482/482/482 483/483/483
f 484/484/484 485/485/485 486/486/486
f 487/487/487 488/488/488 489/489/489
f 490/490/490 491/491/491 492/492/492
f 493/493/493 494/494/494 495/495/495
f 496/496/496 497/497/497 498/498/498
f 499/499/499 500/500/500 501/501/501
f 502/502/502 503/503/503 504/504/504
f 505/505/505 506/506/506 507/507/507
f 508/508/508 509/509/509 510/510/510
f 511/511/511 512/512/512 513/513/513
f 514/514/514 515/515/515 516/516/516
f 517/517/517 518/518/518 519/519/519
f 520/520/520 521/521/521 522/522/522
f 523/523/523 524/524/524 525/525/525
f 526/526/526 527/527/527 528/528/528
f 529/529/529 530/530/530 531/531/531
f 532/532/532 533/533/533 534/534/534
f 535/535/535 536/536/536 537/537/537
f 538/538/538 539/539/539 540/540/540
f 541/541/541 542/542/542 543/543/543
f 544/544/544 545/545/545 546/546/546
f 547/547/547 548/548/548 549/549/549
f 550/550/550 551/551/551 552/552/552
f 553/553/553 554/554/554 555/555/555
f 556/556/556 557/557/557 558/558/558
f 559/559/559 560/560/560 561/561/561
f 562/562/562 563/563/563 564/564/564
f 565/565/565 566/566/566 567/567/567
f 568/568/568 569/569/569 570/570/570
f 571/571/571 572/572/572 573/573/573
f 574/574/574 575/575/575 576/576/576
f 577/577/577 578/578/578 579/579/579
f 580/580/580 581/581/581 582/582/582
f 583/583/583 584/584/584 585/585/585
f 586/586/586 587/587/587 588/588/588
f 589/589/589 590/590/590 591/591/591
f 592/592/592 593/593/593 594/594/594
f 595/595/595 596/596/596 597/597/597
f 598/598/598 599/599/599 600/600/600
f 601/601/601 602/602/602 603/603/603
f 604/604/604 605/605/605 606/606/606
f 607/607/607 608/608/608 609/609/609
f 610/610/610 611/611/611 612/612/612
f 613/613/613 614/614/614 615/615/615
f 616/616/616 617/617/617 618/618/618
f 619/619/619 620/620/620 621/621/621
f 622/622/622 623/623/623 624/624/624
f 625/625/625 626/626/626 627/627/627
f 628/628/628 629/629/629 630/630/630
f 631/631/631 632/632/632 633/633/633
f 634/634/634 635/635/635 636/636/636
f 637/637/637 638/638/638 639/639/639
f 640/640/640 641/641/641 642/642/642
f 643/643/643 644/644/644 645/645/645
f 646/646/646 647/647/647 648/648/648
f 649/649/649 650/650/650 651/651/651
f 652/652/652 653/653/653 654/654/654
f 655/655/655 656/656/656 657/657/657
f 658/658/658 659/659/659 660/660/660
f 661/661/661 662/662/662 663/663/663
f 664/664/664 665/665/665 666/666/666
f 667/667/667 668/668/668 669/669/669
f 670/670/670 671/671/671 672/672/672
f 673/673/673 674/674/674 675/675/675
f 676/676/676 677/677/677 678/678/678
f 679/679/679 680/680/680 681/681/681
f 682/682/682 683/683/683 684/684/684
f 685/685/685 686/686/686 687/687/687
f 688/688/688 689/689/689 690/690/690
f 691/691/691 692/692/692 693/693/693
f 694/694/694 695/695/695 696/696/696
f 697/697/697 698/698/698 699/699/699
f 700/700/700 701/701/701 702/702/702
f 703/703/703 704/704/704 705/705/705
f 706/706/706 707/707/707 708/708/708
f 709/709/709 710/710/710 711/711/711
f 712/712/712 713/713/713 714/714/714
f 715/715/715 716/716/716 717/717/717
f 718/718/718 719/719/719 720/720/720
f 721/721/721 722/722/722 723/723/723
f 724/724/724 725/725/725 726/726/726
f 727/727/727 728/728/728 729/729/729
f 730/730/730 731/731/731 732/732/732
f 733/733/733 734/734/734 735/735/735
f 736/736/736 737/737/737 738/738/738
f 739/739/739 740/740/740 741/741/741
f 742/742/742 743/743/743 744/744/744
f 745/745/745 746/746/746 747/747/747
f 748/748/748 749/749/749 750/750/750
f 751/751/751 752/752/752 753/753/753
f 754/754/754 755/755/755 756/756/756
f 757/757/757 758/758/758 759/759/759
f 760/760/760 761/761/761 762/762/762
f 763/763/763 764/764/764 765/765/765
f 766/766/766 767/767/767 768/768/768
f 769/769/769 770/770/770 771/771/771
f 772/772/772 773/773/773 774/774/774
f 775/775/775 776/776/776 777/777/777
f 778/778/778 779/779/779 780/780/780
f 781/781/781 782/782/782 783/783/783
f 784/784/784 785/785/785 786/786/786
f 787/787/787 788/788/788 789/789/789
f 790/790/790 791/791/791 792/792/792
f 793/793/793 794/794/794 795/795/795
f 796/796/796 797/797/797 798/798/798
f 799/799/799 800/800/800 801/801/801
f 802/802/802 803/803/803 804/804/804
f 805/805/805 806/806/806 807/807/807
f 808/808/808 809/809/809 810/810/810
f 811/811/811 812/812/812 813/813/813
f 814/814/814 815/815/815 816/816/816
f 817/817/817 818/818/818 819/819/819
f 820/820/820 821/821/821 822/822/822
f 823/823/823 824/824/824 825/825/825
f 826/826/826 827/827/827 828/828/828
f 829/829/829 830/830/830 831/831/831
f 832/832/832 833/833/833 834/834/834
f 835/835/835 836/836/836 837/837/837
f 838/838/838 839/839/839 840/840/840
f 841/841/841 842/842/842 843/843/843
f 844/844/844 845/845/845 846/846/846
f 847/847/847 848/848/848 849/849/849
f 850/850/850 851/851/851 852/852/852
f 853/853/853 854/854/854 855/855/855
f 856/856/856 857/857/857 858/858/858
f 859/859/859 860/860/860 861/861/861
f 862/862/862 863/863/863 864/864/864
f 865/865/865 866/866/866 867/867/867
f 868/868/868 869/869/869 870/870/870
f 871/871/871 872/872/872 873/873/873
f 874/874/874 875/875/875 876/876/876
f 877/877/877 878/878/878 879/879/879
f 880/880/880 881/881/881 882/882/882
f 883/883/883 884/884/884 885/885/885
f 886/886/886 887/887/887 888/888/888
f 889/889/889 890/890/890 891/891/891
f 892/892/892 893/893/893 894/894/894
f 895/895/895 896/896/896 897/897/897
f 898/898/898 899/899/899 900/900/900
f 901/901/901 902/902/902 903/903/903
f 904/904/904 905/905/905 906/906/906
f 907/907/907 908/908/908 909/909/909
f 910/910/910 911/911/911 912/912/912
f 913/913/913 914/914/914 915/915/915
f 916/916/916 917/917/917 918/918/918
f 919/919/919 920/920/920 921/921/921
f 922/922/922 923/923/923 924/924/924
f 925/925/925 926/926/926 927/927/927
f 928/928/928 929/929/929 930/930/930
f 931/931/931 932/932/932 933/933/933
f 934/934/934 935/935/935 936/936/936
f 937/937/937 938/938/938 939/939/939
f 940/940/940 941/941/941 942/942/942
f 943/943/943 944/944/944 945/945/945
f 946/946/946 947/947/947 948/948/948
f 949/949/949 950/950/950 951/951/951
f 952/952/952 953/953/953 954/954/954
f 955/955/955 956/956/956 957/957/957
f 958/958/958 959/959/959 960/960/960
f 961/961/961 962/962/962 963/963/963
f 964/964/964 965/965/965 966/966/966
f 967/967/967 968/968/968 969/969/969
f 970/970/970 971/971/971 972/972/972
f 973/973/973 974/974/974 975/975/975
f 976/976/976 977/977/977 978/978/978
f 979/979/979 980/980/980 981/981/981
f 982/982/982 983/983/983 984/984/984
f 985/985/985 986/986/986 987/987/987
f 988/988/988 989/989/989 990/990/990
f 991/991/991 992/992/992 993/993/993
f 994/994/994 995/995/995 996/996/996
f 997/997/997 998/998/998 999/999/999
f 1000/1000/1000 1001/1001/1001 1002/1002/1002
f 1003/1003/1003 1004/1004/1004 1005/1005/1005
f 1006/1006/1006 1007/1007/1007 1008/1008/1008
f 1009/1009/1009 1010/1010/1010 1011/1011/1011
f 1012/1012/1012 1013/1013/1013 1014/1014/1014
f 1015/1015/1015 1016/1016/1016 1017/1017/1017
f 1018/1018/1018 1019/1019/1019 1020/1020/1020
f 1021/1021/1021 1022/1022/1022 1023/1023/1023
f 1024/1024/1024 1025/1025/1025 1026/1026/1026
f 1027/1027/1027 1028/1028/1028 1029/1029/1029
f 1030/1030/1030 1031/1031/1031 1032/1032/1032
f 1033/1033/1033 1034/1034/1034 1035/1035/1035
f 1036/1036/1036 1037/1037/1037 1038/1038/1038
f 1039/1039/1039 1040/1040/1040 1041/1041/1041
f 1042/1042/1042 1043/1043/1043 1044/1044/1044
f 1045/1045/1045 1046/1046/1046 1047/1047/1047
f 1048/1048/1048 1049/1049/1049 1050/1050/1050
f 1051/1051/1051 1052/1052/1052 1053/1053/1053
f 1054/1054/1054 1055/1055/1055 1056/1056/1056
f 1057/1057/1057 1058/1058/1058 1059/1059/1059
f 1060/1060/1060 1061/1061/1061 1062/1062/1062
f 1063/1063/1063 1064/1064/1064 1065/1065/1065
f 1066/1066/1066 1067/1067/1067 1068/1068/1068
f 1069/1069/1069 1070/1070/1070 1071/1071/1071
f 1072/1072/1072 1073/1073/1073 1074/1074/1074
f 1075/1075/1075 1076/1076/1076 1077/1077/1077
f 1078/1078/1078 1079/1079/1079 1080/1080/1080
f 1081/1081/1081 1082/1082/1082 1083/1083/1083
f 1084/1084/1084 1085/1085/1085 1086/1086/1086
f 1087/1087/1087 1088/1088/1088 1089/1089/1089
f 1090/1090/1090 1091/1091/1091 1092/1092/1092
f 1093/1093/1093 1094/1094/1094 1095/1095/1095
f 1096/1096/1096 1097/1097/1097 1098/1098/1098
f 1099/1099/1099 1100/1100/1100 1101/1101/1101
f 1102/1102/1102 1103/1103/1103 1104/1104/1104
f 1105/1105/1105 1106/1106/1106 1107/1107/1107
f 1108/1108/1108 1109/1109/1109 1110/1110/1110
f 1111/1111/1111 1112/1112/1112 1113/1113/1113
f 1114/1114/1114 1115/1115/1115 1116/1116/1116
f 1117/1117/1117 1118/1118/1118 1119/1119/1119
f 1120/1120/1120 1121/1121/1121 1122/1122/1122
f 1123/1123/1123 1124/1124/1124 1125/1125/1125
f 1126/1126/1126 1127/1127/1127 1128/1128/1128
f 1129/1129/1129 1130/1130/1130 1131/1131/1131
f 1132/1132/1132 1133/1133/1133 1134/1134/1134
f 1135/1135/1135 1136/1136/1136 1137/1137/1137
f 1138/1138/1138 1139/1139/1139 1140/1140/1140
f 1141/1141/1141 1142/1142/1142 1143/1143/1143
f 1144/1144/1144 1145/1145/1145 1146/1146/1146
f 1147/1147/1147 1148/1148/1148 1149/1149/1149
f 1150/1150/1150 1151/1151/1151 1152/1152/1152
f 1153/1153/1153 1154/1154/1154 1155/1155/1155
f 1156/1156/1156 1157/1157/1157 1158/1158/1158
f 1159/1159/1159 1160/1160/1160 1161/1161/1161
f 1162/1162/1162 1163/1163/1163 1164/1164/1164
f 1165/1165/1165 1166/1166/1166 1167/1167/1167
f 1168/1168/1168 1169/1169/1169 1170/1170/1170
f 1171/1171/1171 1172/1172/1172 1173/1173/1173
f 1174/1174/1174 1175/1175/1175 1176/1176/1176
f 1177/1177/1177 1178/1178/1178 1179/1179/1179
f 1180/1180/1180 1181/1181/1181 1182/1182/1182
f 1183/1183/1183 1184/1184/1184 1185/1185/1185
f 1186/1186/1186 1187/1187/1187 1188/1188/1188
f 1189/1189/1189 1190/1190/1190 1191/1191/1191
f 1192/1192/1192 1193/1193/1193 1194/1194/1194
f 1195/1195/1195 1196/1196/1196 1197/1197/1197
f 1198/1198/1198 1199/1199/1199 1200/1200/1200
f 1201/1201/1201 1202/1202/1202 1203/1203/1203
f 1204/1204/1204 1205/1205/1205 1206/1206/1206
f 1207/1207/1207 1208/1208/1208 1209/1209/1209
f 1210/1210/1210 1211/1211/1211 1212/1212/1212
f 1213/1213/1213 1214/1214/1214 1215/1215/1215
f 1216/1216/1216 1217/1217/1217 1218/1218/1218
f 1219/1219/1219 1220/1220/1220 1221/1221/1221
f 1222/1222/1222 1223/1223/1223 1224/1224/1224
f 1225/1225/1225 1226/1226/1226 1227/1227/1227
f 1228/1228/1228 1229/1229/1229 1230/1230/1230
f 1231/1231/1231 1232/1232/1232 1233/1233/1233
f 1234/1234/1234 1235/1235/1235 1236/1236/1236
f 1237/1237/1237 1238/1238/1238 1239/1239/1239
f 1240/1240/1240 1241/1241/1241 1242/1242/1242
f 1243/1243/1243 1244/1244/1244 1245/1245/1245
f 1246/1246/1246 1247/1247/1247 1248/1248/1248
f 1249/1249/1249 1250/1250/1250 1251/1251/1251
f 1252/1252/1252 1253/1253/1253 1254/1254/1254
f 1255/1255/1255 1256/1256/1256 1257/1257/1257
f 1258/1258/1258 1259/1259/1259 1260/1260/1260
f 1261/1261/1261 1262/1262/1262 1263/1263/1263
f 1264/1264/1264 1265/1265/1265 1266/1266/1266
f 1267/1267/1267 1268/1268/1268 1269/1269/1269
f 1270/1270/1270 1271/1271/1271 1272/1272/1272
f 1273/1273/1273 1274/1274/1274 1275/1275/1275
f 1276/1276/1276 1277/1277/1277 1278/1278/1278
f 1279/1279/1279 1280/1280/1280 1281/1281/1281
f 1282/1282/1282 1283/1283/1283 1284/1284/1284
f 1285/1285/1285 1286/1286/1286 1287/1287/1287
f 1288/1288/1288 1289/1289/1289 1290/1290/1290
f 1291/1291/1291 1292/1292/1292 1293/1293/1293
f 1294/1294/1294 1295/1295/1295 1296/1296/1296
f 1297/1297/1297 1298/1298/1298 1299/1299/1299
f 1300/1300/1300 1301/1301/1301 1302/1302/1302
f 1303/1303/1303 1304/1304/1304 1305/1305/1305
f 1306/1306/1306 1307/1307/1307 1308/1308/1308
f 1309/1309/1309 1310/1310/1310 1311/1311/1311
f 1312/1312/1312 1313/1313/1313 1314/1314/1314
f 1315/1315/1315 1316/1316/1316 1317/1317/1317
f 1318/1318/1318 1319/1319/1319 1320/1320/1320
f 1321/1321/1321 1322/1322/1322 1323/1323/1323
f 1324/1324/1324 1325/1325/1325 1326/1326/1326
f 1327/1327/1327 1328/1328/1328 1329/1329/1329
f 1330/1330/1330 1331/1331/1331 1332/1332/1332
f 1333/1333/1333 1334/1334/1334 1335/1335/1335
f 1336/1336/1336 1337/1337/1337 1338/1338/1338
f 1339/1339/1339 1340/1340/1340 1341/1341/1341
f 1342/1342/1342 1343/1343/1343 1344/1344/1344
f 1345/1345/1345 1346/1346/1346 1347/1347/1347
f 1348/1348/1348 1349/1349/1349 1350/1350/1350
f 1351/1351/1351 1352/1352/1352 1353/1353/1353
f 1354/1354/1354 1355/1355/1355 1356/1356/1356
f 1357/1357/1357 1358/1358/1358 1359/1359/1359
f 1360/1360/1360 1361/1361/1361 1362/1362/1362
f 1363/1363/1363 1364/1364/1364 1365/1365/1365
f 1366/1366/1366 1367/1367/1367 1368/1368/1368
f 1369/1369/1369 1370/1370/1370 1371/1371/1371
f 1372/1372/1372 1373/1373/1373 1374/1374/1374
f 1375/1375/1375 1376/1376/1376 1377/1377/1377
f 1378/1378/1378 1379/1379/1379 1380/1380/1380
f 1381/1381/1381 1382/1382/1382 1383/1383/1383
f 1384/1384/1384 1385/1385/1385 1386/1386/1386
f 1387/1387/1387 1388/1388/1388 1389/1389/1389
f 1390/1390/1390 1391/1391/1391 1392/1392/1392
f 1393/1393/1393 1394/1394/1394 1395/1395/1395
f 1396/1396/1396 1397/1397/1397 1398/1398/1398
f 1399/1399/1399 1400/1400/1400 1401/1401/1401
f 1402/1402/1402 1403/1403/1403 1404/1404/1404
f 1405/1405/1405 1406/1406/1406 1407/1407/1407
f 1408/1408/1408 1409/1409/1409 1410/1410/1410
f 1411/1411/1411 1412/1412/1412 1413/1413/1413
f 1414/1414/1414 1415/1415/1415 1416/1416/1416
f 1417/1417/1417 1418/1418/1418 1419/1419/1419
f 1420/1420/1420 1421/1421/1421 1422/1422/1422
f 1423/1423/1423 1424/1424/1424 1425/1425/1425
f 1426/1426/1426 1427/1427/1427 1428/1428/1428
f 1429/1429/1429 1430/1430/1430 1431/1431/1431
f 1432/1432/1432 1433/1433/1433 1434/1434/1434
f 1435/1435/1435 1436/1436/1436 1437/1437/1437
f 1438/1438/1438 1439/1439/1439 1440/1440/1440
f 1441/1441/1441 1442/1442/1442 1443/1443/1443
f 1444/1444/1444 1445/1445/1445 1446/1446/1446
f 1447/1447/1447 1448/1448/1448 1449/1449/1449
f 1450/1450/1450 1451/1451/1451 1452/1452/1452
f 1453/1453/1453 1454/1454/1454 1455/1455/1455
f 1456/1456/1456 1457/1457/1457 1458/1458/1458
f 1459/1459/1459 1460/1460/1460 1461/1461/1461
f 1462/1462/1462 1463/1463/1463 1464/1464/1464
f 1465/1465/1465 1466/1466/1466 1467/1467/1467
f 1468/1468/1468 1469/1469/1469 1470/1470/1470
f 1471/1471/1471 1472/1472/1472 1473/1473/1473
f 1474/1474/1474 1475/1475/1475 1476/1476/1476
f 1477/1477/1477 1478/1478/1478 1479/1479/1479
f 1480/1480/1480 1481/1481/1481 1482/1482/1482
f 1483/1483/1483 1484/1484/1484 1485/1485/1485
f 1486/1486/1486 1487/1487/1487 1488/1488/1488
f 1489/1489/1489 1490/1490/1490 1491/1491/1491
f 1492/1492/1492 1493/1493/1493 1494/1494/1494
f 1495/1495/1495 1496/1496/1496 1497/1497/1497
f 1498/1498/1498 1499/1499/1499 1500/1500/1500
f 1501/1501/1501 1502/1502/1502 1503/1503/1503
f 1504/1504/1504 1505/1505/1505 1506/1506/1506
f 1507/1507/1507 1508/1508/1508 1509/1509/1509
f 1510/1510/1510 1511/1511/1511 1512/1512/1512
f 1513/1513/1513 1514/1514/1514 1515/1515/1515
f 1516/1516/1516 1517/1517/1517 1518/1518/1518
f 1519/1519/1519 1520/1520/1520 1521/1521/1521
f 1522/1522/1522 1523/1523/1523 1524/1524/1524
f 1525/1525/1525 1526/1526/1526 1527/1527/1527
f 1528/1528/1528 1529/1529/1529 1530/1530/1530
f 1531/1531/1531 1532/1532/1532 1533/1533/1533
f 1534/1534/1534 1535/1535/1535 1536/1536/1536
f 1537/1537/1537 1538/1538/1538 1539/1539/1539
f 1540/1540/1540 1541/1541/1541 1542/1542/1542
f 1543/1543/1543 1544/1544/1544 1545/1545/1545
f 1546/1546/1546 1547/1547/1547 1548/1548/1548
f 1549/1549/1549 1550/1550/1550 1551/1551/1551
f 1552/1552/1552 1553/1553/1553 1554/1554/1554
f 1555/1555/1555 1556/1556/1556 1557/1557/1557
f 1558/1558/1558 1559/1559/1559 1560/1560/1560
f 1561/1561/1561 1562/1562/1562 1563/1563/1563
f 1564/1564/1564 1565/1565/1565 1566/1566/1566
f 1567/1567/1567 1568/1568/1568 1569/1569/1569
f 1570/1570/1570 1571/1571/1571 1572/1572/1572
f 1573/1573/1573 1574/1574/1574 1575/1575/1575
f 1576/1576/1576 1577/1577/1577 1578/1578/1578
f 1579/1579/1579 1580/1580/1580 1581/1581/1581
f 1582/1582/1582 1583/1583/1583 1584/1584/1584
f 1585/1585/1585 1586/1586/1586 1587/1587/1587
f 1588/1588/1588 1589/1589/1589 1590/1590/1590
f 1591/1591/1591 1592/1592/1592 1593/1593/1593
f 1594/1594/1594 1595/1595/1595 1596/1596/1596
f 1597/1597/1597 1598/1598/1598 1599/1599/1599
f 1600/1600/1600 1601/1601/1601 1602/1602/1602
f 1603/1603/1603 1604/1604/1604 1605/1605/1605
f 1606/1606/1606 1607/1607/1607 1608/1608/1608
f 1609/1609/1609 1610/1610/1610 1611/1611/1611
f 1612/1612/1612 1613/1613/1613 1614/1614/1614
f 1615/1615/1615 1616/1616/1616 1617/1617/1617
f 1618/1618/1618 1619/1619/1619 1620/1620/1620
f 1621/1621/1621 1622/1622/1622 1623/1623/1623
f 1624/1624/1624 1625/1625/1625 1626/1626/1626
f 1627/1627/1627 1628/1628/1628 1629/1629/1629
f 1630/1630/1630 1631/1631/1631 1632/1632/1632
f 1633/1633/1633 1634/1634/1634 1635/1635/1635
f 1636/1636/1636 1637/1637/1637 1638/1638/1638
f 1639/1639/1639 1640/1640/1640 1641/1641/1641
f 1642/1642/1642 1643/1643/1643 1644/1644/1644
f 1645/1645/1645 1646/1646/1646 1647/1647/1647
f 1648/1648/1648 1649/1649/1649 1650/1650/1650
f 1651/1651/1651 1652/1652/1652 1653/1653/1653
f 1654/1654/1654 1655/1655/1655 1656/1656/1656
f 1657/1657/1657 1658/1658/1658 1659/1659/1659
f 1660/1660/1660 1661/1661/1661 1662/1662/1662
f 1663/1663/1663 1664/1664/1664 1665/1665/1665
f 1666/1666/1666 1667/1667/1667 1668/1668/1668
f 1669/1669/1669 1670/1670/1670 1671/1671/1671
f 1672/1672/1672 1673/1673/1673 1674/1674/1674
f 1675/1675/1675 1676/1676/1676 1677/1677/1677
f 1678/1678/1678 1679/1679/1679 1680/1680/1680
f 1681/1681/1681 1682/1682/1682 1683/1683/1683
f 1684/1684/1684 1685/1685/1685 1686/1686/1686
f 1687/1687/1687 1688/1688/1688 1689/1689/1689
f 1690/1690/1690 1691/1691/1691 1692/1692/1692
f 1693/1693/1693 1694/1694/1694 1695/1695/1695
f 1696/1696/1696 1697/1697/1697 1698/1698/1698
f 1699/1699/1699 1700/1700/1700 1701/1701/1701
f 1702/1702/1702 1703/1703/1703 1704/1704/1704
f 1705/1705/1705 1706/1706/1706 1707/1707/1707
f 1708/1708/1708 1709/1709/1709 1710/1710/1710
f 1711/1711/1711 1712/1712/1712 1713/1713/1713
f 1714/1714/1714 1715/1715/1715 1716/1716/1716
f 1717/1717/1717 1718/1718/1718 1719/1719/1719
f 1720/1720/1720 1721/1721/1721 1722/1722/1722
f 1723/1723/1723 1724/1724/1724 1725/1725/1725
f 1726/1726/1726 1727/1727/1727 1728/1728/1728
f 1729/1729/1729 1730/1730/1730 1731/1731/1731
f 1732/1732/1732 1733/1733/1733 1734/1734/1734
f 1735/1735/1735 1736/1736/1736 1737/1737/1737
f 1738/1738/1738 1739/1739/1739 1740/1740/1740
f 1741/1741/1741 1742/1742/1742 1743/1743/1743
f 1744/1744/1744 1745/1745/1745 1746/1746/1746
f 1747/1747/1747 1748/1748/1748 1749/1749/1749
f 1750/1750/1750 1751/1751/1751 1752/1752/1752
f 1753/1753/1753 1754/1754/1754 1755/1755/1755
f 1756/1756/1756 1757/1757/1757 1758/1758/1758
f 1759/1759/1759 1760/1760/1760 1761/1761/1761
f 1762/1762/1762 1763/1763/1763 1764/1764/1764
f 1765/1765/1765 1766/1766/1766 1767/1767/1767
f 1768/1768/1768 1769/1769/1769 1770/1770/1770
f 1771/1771/1771 1772/1772/1772 1773/1773/1773
f 1774/1774/1774 1775/1775/1775 1776/1776/1776
f 1777/1777/1777 1778/1778/1778 1779/1779/1779
f 1780/1780/1780 1781/1781/1781 1782/1782/1782
f 1783/1783/1783 1784/1784/1784 1785/1785/1785
f 1786/1786/1786 1787/1787/1787 1788/1788/1788
f 1789/1789/1789 1790/1790/1790 1791/1791/1791
f 1792/1792/1792 1793/1793/1793 1794/1794/1794
f 1795/1795/1795 1796/1796/1796 1797/1797/1797
f 1798/1798/1798 1799/1799/1799 1800/1800/1800
f 1801/1801/1801 1802/1802/1802 1803/1803/1803
f 1804/1804/1804 1805/1805/1805 1806/1806/1806
f 1807/1807/1807 1808/1808/1808 1809/1809/1809
f 1810/1810/1810 1811/1811/1811 1812/1812/1812
f 1813/1813/1813 1814/1814/1814 1815/1815/1815
f 1816/1816/1816 1817/1817/1817 1818/1818/1818
f 1819/1819/1819 1820/1820/1820 1821/1821/1821
f 1822/1822/1822 1823/1823/1823 1824/1824/1824
f 1825/1825/1825 1826/1826/1826 1827/1827/1827
f 1828/1828/1828 1829/1829/1829 1830/1830/1830
f 1831/1831/1831 1832/1832/1832 1833/1833/1833
f 1834/1834/1834 1835/1835/1835 1836/1836/1836
f 1837/1837/1837 1838/1838/1838 1839/1839/1839
f 1840/1840/1840 1841/1841/1841 1842/1842/1842
f 1843/1843/1843 1844/1844/1844 1845/1845/1845
f 1846/1846/1846 1847/1847/1847 1848/1848/1848
f 1849/1849/1849 1850/1850/1850 1851/1851/1851
f 1852/1852/1852 1853/1853/1853 1854/1854/1854
f 1855/1855/1855 1856/1856/1856 1857/1857/1857
f 1858/1858/1858 1859/1859/1859 1860/1860/1860
f 1861/1861/1861 1862/1862/1862 1863/1863/1863
f 1864/1864/1864 1865/1865/1865 1866/1866/1866
f 1867/1867/1867 1868/1868/1868 1869/1869/1869
f 1870/1870/1870 1871/1871/1871 1872/1872/1872
f 1873/1873/1873 1874/1874/1874 1875/1875/1875
f 1876/1876/1876 1877/1877/1877 1878/1878/1878
f 1879/1879/1879 1880/1880/1880 1881/1881/1881
f 1882/1882/1882 1883/1883/1883 1884/1884/1884
f 1885/1885/1885 1886/1886/1886 1887/1887/1887
f 1888/1888/1888 1889/1889/1889 1890/1890/1890
f 1891/1891/1891 1892/1892/1892 1893/1893/1893
f 1894/1894/1894 1895/1895/1895 1896/1896/1896
f 1897/1897/1897 1898/1898/1898 1899/1899/1899
f 1900/1900/1900 1901/1901/1901 1902/1902/1902
f 1903/1903/1903 1904/1904/1904 1905/1905/1905
f 1906/1906/1906 1907/1907/1907 1908/1908/1908
f 1909/1909/1909 1910/1910/1910 1911/1911/1911
f 1912/1912/1912 1913/1913/1913 1914/1914/1914
f 1915/1915/1915 1916/1916/1916 1917/1917/1917
f 1918/1918/1918 1919/1919/1919 1920/1920/1920
f 1921/1921/1921 1922/1922/1922 1923/1923/1923
f 1924/1924/1924 1925/1925/1925 1926/1926/1926
f 1927/1927/1927 1928/1928/1928 1929/1929/1929
f 1930/1930/1930 1931/1931/1931 1932/1932/1932
f 1933/1933/1933 1934/1934/1934 1935/1935/1935
f 1936/1936/1936 1937/1937/1937 1938/1938/1938
f 1939/1939/1939 1940/1940/1940 1941/1941/1941
f 1942/1942/1942 1943/1943/1943 1944/1944/1944
f 1945/1945/1945 1946/1946/1946 1947/1947/1947
f 1948/1948/1948 1949/1949/1949 1950/1950/1950
f 1951/1951/1951 1952/1952/1952 1953/1953/1953
f 1954/1954/1954 1955/1955/1955 1956/1956/1956
f 1957/1957/1957 1958/1958/1958 1959/1959/1959
f 1960/1960/1960 1961/1961/1961 1962/1962/1962
f 1963/1963/1963 1964/1964/1964 1965/1965/1965
f 1966/1966/1966 1967/1967/1967 1968/1968/1968
f 1969/1969/1969 1970/1970/1970 1971/1971/1971
f 1972/1972/1972 1973/1973/1973 1974/1974/1974
f 1975/1975/1975 1976/1976/1976 1977/1977/1977
f 1978/1978/1978 1979/1979/1979 1980/1980/1980
f 1981/1981/1981 1982/1982/1982 1983/1983/1983
f 1984/1984/1984 1985/1985/1985 1986/1986/1986
f 1987/1987/1987 1988/1988/1988 1989/1989/1989
f 1990/1990/1990 1991/1991/1991 1992/1992/1992
f 1993/1993/1993 1994/1994/1994 1995/1995/1995
f 1996/1996/1996 1997/1997/1997 1998/1998/1998
f 1999/1999/1999 2000/2000/2000 2001/2001/2001
f 2002/2002/2002 2003/2003/2003 2004/2004/2004
f 2005/2005/2005 2006/2006/2006 2007/2007/2007
f 2008/2008/2008 2009/2009/2009 2010/2010/2010
f 2011/2011/2011 2012/2012/2012 2013/2013/2013
f 2014/2014/2014 2015/2015/2015 2016/2016/2016
f 2017/2017/2017 2018/2018/2018 2019/2019/2019
f 2020/2020/2020 2021/2021/2021 2022/2022/2022
f 2023/2023/2023 2024/2024/2024 2025/2025/2025
f 2026/2026/2026 2027/2027/2027 2028/2028/2028
f 2029/2029/2029 2030/2030/2030 2031/2031/2031
f 2032/2032/2032 2033/2033/2033 2034/2034/2034
f 2035/2035/2035 2036/2036/2036 2037/2037/2037
f 2038/2038/2038 2039/2039/2039 2040/2040/2040
f 2041/2041/2041 2042/2042/2042 2043/2043/2043
f 2044/2044/2044 2045/2045/2045 2046/2046/2046
f 2047/2047/2047 2048/2048/2048 2049/2049/2049
f 2050/2050/2050 2051/2051/2051 2052/2052/2052
f 2053/2053/2053 2054/2054/2054 2055/2055/2055
f 2056/2056/2056 2057/2057/2057 2058/2058/2058
f 2059/2059/2059 2060/2060/2060 2061/2061/2061
f 2062/2062/2062 2063/2063/2063 2064/2064/2064
f 2065/2065/2065 2066/2066/2066 2067/2067/2067
f 2068/2068/2068 2069/2069/2069 2070/2070/2070
f 2071/2071/2071 2072/2072/2072 2073/2073/2073
f 2074/2074/2074 2075/2075/2075 2076/2076/2076
f 2077/2077/2077 2078/2078/2078 2079/2079/2079
f 2080/2080/2080 2081/2081/2081 2082/2082/2082
f 2083/2083/2083 2084/2084/2084 2085/2085/2085
f 2086/2086/2086 2087/2087/2087 2088/2088/2088
f 2089/2089/2089 2090/2090/2090 2091/2091/2091
f 2092/2092/2092 2093/2093/2093 2094/2094/2094
f 2095/2095/2095 2096/2096/2096 2097/2097/2097
f 2098/2098/2098 2099/2099/2099 2100/2100/2100
f 2101/2101/2101 2102/2102/2102 2103/2103/2103
f 2104/2104/2104 2105/2105/2105 2106/2106/2106
f 2107/2107/2107 2108/2108/2108 2109/2109/2109
f 2110/2110/2110 2111/2111/2111 2112/2112/2112
f 2113/2113/2113 2114/2114/2114 2115/2115/2115
f 2116/2116/2116 2117/2117/2117 2118/2118/2118
f 2119/2119/2119 2120/2120/2120 2121/2121/2121
f 2122/2122/2122 2123/2123/2123 2124/2124/2124
f 2125/2125/2125 2126/2126/2126 2127/2127/2127
f 2128/2128/2128 2129/2129/2129 2130/2130/2130
f 2131/2131/2131 2132/2132/2132 2133/2133/2133
f 2134/2134/2134 2135/2135/2135 2136/2136/2136
f 2137/2137/2137 2138/2138/2138 2139/2139/2139
f 2140/2140/2140 2141/2141/2141 2142/2142/2142
f 2143/2143/2143 2144/2144/2144 2145/2145/2145
f 2146/2146/2146 2147/2147/2147 2148/2148/2148
o foam_bar
usemtl foam
v 0.5849999785423279 0.12499998748302465 -0.47500000029802325
v 0.5849999785423279 0.12499998748302465 -0.5849999997019768
v 0.5849999785423279 0.03499998390674597 -0.47500000029802325
v 0.5849999785423279 0.03499998390674597 -0.5849999997019768
v -0.5849999785423279 0.12499998748302465 -0.5849999997019768
v -0.5849999785423279 0.12499998748302465 -0.47500000029802325
v -0.5849999785423279 0.03499998390674597 -0.5849999997019768
v -0.5849999785423279 0.03499998390674597 -0.47500000029802325
v -0.5849999785423279 0.12499998748302465 -0.5849999997019768
v 0.5849999785423279 0.12499998748302465 -0.5849999997019768
v -0.5849999785423279 0.12499998748302465 -0.47500000029802325
v 0.5849999785423279 0.12499998748302465 -0.47500000029802325
v -0.5849999785423279 0.03499998390674597 -0.47500000029802325
v 0.5849999785423279 0.03499998390674597 -0.47500000029802325
v -0.5849999785423279 0.03499998390674597 -0.5849999997019768
v 0.5849999785423279 0.03499998390674597 -0.5849999997019768
v -0.5849999785423279 0.12499998748302465 -0.47500000029802325
v 0.5849999785423279 0.12499998748302465 -0.47500000029802325
v -0.5849999785423279 0.03499998390674597 -0.47500000029802325
v 0.5849999785423279 0.03499998390674597 -0.47500000029802325
v 0.5849999785423279 0.12499998748302465 -0.5849999997019768
v -0.5849999785423279 0.12499998748302465 -0.5849999997019768
v 0.5849999785423279 0.03499998390674597 -0.5849999997019768
v -0.5849999785423279 0.03499998390674597 -0.5849999997019768
vt 0 1
vt 1 1
vt 0 0
vt 1 0
vt 0 1
vt 1 1
vt 0 0
vt 1 0
vt 0 1
vt 1 1
vt 0 0
vt 1 0
vt 0 1
vt 1 1
vt 0 0
vt 1 0
vt 0 1
vt 1 1
vt 0 0
vt 1 0
vt 0 1
vt 1 1
vt 0 0
vt 1 0
vn 1 0 0
vn 1 0 0
vn 1 0 0
vn 1 0 0
vn -1 0 0
vn -1 0 0
vn -1 0 0
vn -1 0 0
vn 0 1 0
vn 0 1 0
vn 0 1 0
vn 0 1 0
vn 0 -1 0
vn 0 -1 0
vn 0 -1 0
vn 0 -1 0
vn 0 0 1
vn 0 0 1
vn 0 0 1
vn 0 0 1
vn 0 0 -1
vn 0 0 -1
vn 0 0 -1
vn 0 0 -1
f 2149/2149/2149 2151/2151/2151 2150/2150/2150
f 2151/2151/2151 2152/2152/2152 2150/2150/2150
f 2153/2153/2153 2155/2155/2155 2154/2154/2154
f 2155/2155/2155 2156/2156/2156 2154/2154/2154
f 2157/2157/2157 2159/2159/2159 2158/2158/2158
f 2159/2159/2159 2160/2160/2160 2158/2158/2158
f 2161/2161/2161 2163/2163/2163 2162/2162/2162
f 2163/2163/2163 2164/2164/2164 2162/2162/2162
f 2165/2165/2165 2167/2167/2167 2166/2166/2166
f 2167/2167/2167 2168/2168/2168 2166/2166/2166
f 2169/2169/2169 2171/2171/2171 2170/2170/2170
f 2171/2171/2171 2172/2172/2172 2170/2170/2170
o foam_bar
usemtl foam
v 0.5849999785423279 0.12499998748302465 0.5849999997019768
v 0.5849999785423279 0.12499998748302465 0.47500000029802325
v 0.5849999785423279 0.03499998390674597 0.5849999997019768
v 0.5849999785423279 0.03499998390674597 0.47500000029802325
v -0.5849999785423279 0.12499998748302465 0.47500000029802325
v -0.5849999785423279 0.12499998748302465 0.5849999997019768
v -0.5849999785423279 0.03499998390674597 0.47500000029802325
v -0.5849999785423279 0.03499998390674597 0.5849999997019768
v -0.5849999785423279 0.12499998748302465 0.47500000029802325
v 0.5849999785423279 0.12499998748302465 0.47500000029802325
v -0.5849999785423279 0.12499998748302465 0.5849999997019768
v 0.5849999785423279 0.12499998748302465 0.5849999997019768
v -0.5849999785423279 0.03499998390674597 0.5849999997019768
v 0.5849999785423279 0.03499998390674597 0.5849999997019768
v -0.5849999785423279 0.03499998390674597 0.47500000029802325
v 0.5849999785423279 0.03499998390674597 0.47500000029802325
v -0.5849999785423279 0.12499998748302465 0.5849999997019768
v 0.5849999785423279 0.12499998748302465 0.5849999997019768
v -0.5849999785423279 0.03499998390674597 0.5849999997019768
v 0.5849999785423279 0.03499998390674597 0.5849999997019768
v 0.5849999785423279 0.12499998748302465 0.47500000029802325
v -0.5849999785423279 0.12499998748302465 0.47500000029802325
v 0.5849999785423279 0.03499998390674597 0.47500000029802325
v -0.5849999785423279 0.03499998390674597 0.47500000029802325
vt 0 1
vt 1 1
vt 0 0
vt 1 0
vt 0 1
vt 1 1
vt 0 0
vt 1 0
vt 0 1
vt 1 1
vt 0 0
vt 1 0
vt 0 1
vt 1 1
vt 0 0
vt 1 0
vt 0 1
vt 1 1
vt 0 0
vt 1 0
vt 0 1
vt 1 1
vt 0 0
vt 1 0
vn 1 0 0
vn 1 0 0
vn 1 0 0
vn 1 0 0
vn -1 0 0
vn -1 0 0
vn -1 0 0
vn -1 0 0
vn 0 1 0
vn 0 1 0
vn 0 1 0
vn 0 1 0
vn 0 -1 0
vn 0 -1 0
vn 0 -1 0
vn 0 -1 0
vn 0 0 1
vn 0 0 1
vn 0 0 1
vn 0 0 1
vn 0 0 -1
vn 0 0 -1
vn 0 0 -1
vn 0 0 -1
f 2173/2173/2173 2175/2175/2175 2174/2174/2174
f 2175/2175/2175 2176/2176/2176 2174/2174/2174
f 2177/2177/2177 2179/2179/2179 2178/2178/2178
f 2179/2179/2179 2180/2180/2180 2178/2178/2178
f 2181/2181/2181 2183/2183/2183 2182/2182/2182
f 2183/2183/2183 2184/2184/2184 2182/2182/2182
f 2185/2185/2185 2187/2187/2187 2186/2186/2186
f 2187/2187/2187 2188/2188/2188 2186/2186/2186
f 2189/2189/2189 2191/2191/2191 2190/2190/2190
f 2191/2191/2191 2192/2192/2192 2190/2190/2190
f 2193/2193/2193 2195/2195/2195 2194/2194/2194
f 2195/2195/2195 2196/2196/2196 2194/2194/2194
o foam_bar
usemtl foam
v -0.47500000029802325 0.12499998748302465 0.5849999785423279
v -0.47500000029802325 0.12499998748302465 -0.5849999785423279
v -0.47500000029802325 0.03499998390674597 0.5849999785423279
v -0.47500000029802325 0.03499998390674597 -0.5849999785423279
v -0.5849999997019768 0.12499998748302465 -0.5849999785423279
v -0.5849999997019768 0.12499998748302465 0.5849999785423279
v -0.5849999997019768 0.03499998390674597 -0.5849999785423279
v -0.5849999997019768 0.03499998390674597 0.5849999785423279
v -0.5849999997019768 0.12499998748302465 -0.5849999785423279
v -0.47500000029802325 0.12499998748302465 -0.5849999785423279
v -0.5849999997019768 0.12499998748302465 0.5849999785423279
v -0.47500000029802325 0.12499998748302465 0.5849999785423279
v -0.5849999997019768 0.03499998390674597 0.5849999785423279
v -0.47500000029802325 0.03499998390674597 0.5849999785423279
v -0.5849999997019768 0.03499998390674597 -0.5849999785423279
v -0.47500000029802325 0.03499998390674597 -0.5849999785423279
v -0.5849999997019768 0.12499998748302465 0.5849999785423279
v -0.47500000029802325 0.12499998748302465 0.5849999785423279
v -0.5849999997019768 0.03499998390674597 0.5849999785423279
v -0.47500000029802325 0.03499998390674597 0.5849999785423279
v -0.47500000029802325 0.12499998748302465 -0.5849999785423279
v -0.5849999997019768 0.12499998748302465 -0.5849999785423279
v -0.47500000029802325 0.03499998390674597 -0.5849999785423279
v -0.5849999997019768 0.03499998390674597 -0.5849999785423279
vt 0 1
vt 1 1
vt 0 0
vt 1 0
vt 0 1
vt 1 1
vt 0 0
vt 1 0
vt 0 1
vt 1 1
vt 0 0
vt 1 0
vt 0 1
vt 1 1
vt 0 0
vt 1 0
vt 0 1
vt 1 1
vt 0 0
vt 1 0
vt 0 1
vt 1 1
vt 0 0
vt 1 0
vn 1 0 0
vn 1 0 0
vn 1 0 0
vn 1 0 0
vn -1 0 0
vn -1 0 0
vn -1 0 0
vn -1 0 0
vn 0 1 0
vn 0 1 0
vn 0 1 0
vn 0 1 0
vn 0 -1 0
vn 0 -1 0
vn 0 -1 0
vn 0 -1 0
vn 0 0 1
vn 0 0 1
vn 0 0 1
vn 0 0 1
vn 0 0 -1
vn 0 0 -1
vn 0 0 -1
vn 0 0 -1
f 2197/2197/2197 2199/2199/2199 2198/2198/2198
f 2199/2199/2199 2200/2200/2200 2198/2198/2198
f 2201/2201/2201 2203/2203/2203 2202/2202/2202
f 2203/2203/2203 2204/2204/2204 2202/2202/2202
f 2205/2205/2205 2207/2207/2207 2206/2206/2206
f 2207/2207/2207 2208/2208/2208 2206/2206/2206
f 2209/2209/2209 2211/2211/2211 2210/2210/2210
f 2211/2211/2211 2212/2212/2212 2210/2210/2210
f 2213/2213/2213 2215/2215/2215 2214/2214/2214
f 2215/2215/2215 2216/2216/2216 2214/2214/2214
f 2217/2217/2217 2219/2219/2219 2218/2218/2218
f 2219/2219/2219 2220/2220/2220 2218/2218/2218
o foam_bar
usemtl foam
v 0.5849999997019768 0.12499998748302465 0.5849999785423279
v 0.5849999997019768 0.12499998748302465 -0.5849999785423279
v 0.5849999997019768 0.03499998390674597 0.5849999785423279
v 0.5849999997019768 0.03499998390674597 -0.5849999785423279
v 0.47500000029802325 0.12499998748302465 -0.5849999785423279
v 0.47500000029802325 0.12499998748302465 0.5849999785423279
v 0.47500000029802325 0.03499998390674597 -0.5849999785423279
v 0.47500000029802325 0.03499998390674597 0.5849999785423279
v 0.47500000029802325 0.12499998748302465 -0.5849999785423279
v 0.5849999997019768 0.12499998748302465 -0.5849999785423279
v 0.47500000029802325 0.12499998748302465 0.5849999785423279
v 0.5849999997019768 0.12499998748302465 0.5849999785423279
v 0.47500000029802325 0.03499998390674597 0.5849999785423279
v 0.5849999997019768 0.03499998390674597 0.5849999785423279
v 0.47500000029802325 0.03499998390674597 -0.5849999785423279
v 0.5849999997019768 0.03499998390674597 -0.5849999785423279
v 0.47500000029802325 0.12499998748302465 0.5849999785423279
v 0.5849999997019768 0.12499998748302465 0.5849999785423279
v 0.47500000029802325 0.03499998390674597 0.5849999785423279
v 0.5849999997019768 0.03499998390674597 0.5849999785423279
v 0.5849999997019768 0.12499998748302465 -0.5849999785423279
v 0.47500000029802325 0.12499998748302465 -0.5849999785423279
v 0.5849999997019768 0.03499998390674597 -0.5849999785423279
v 0.47500000029802325 0.03499998390674597 -0.5849999785423279
vt 0 1
vt 1 1
vt 0 0
vt 1 0
vt 0 1
vt 1 1
vt 0 0
vt 1 0
vt 0 1
vt 1 1
vt 0 0
vt 1 0
vt 0 1
vt 1 1
vt 0 0
vt 1 0
vt 0 1
vt 1 1
vt 0 0
vt 1 0
vt 0 1
vt 1 1
vt 0 0
vt 1 0
vn 1 0 0
vn 1 0 0
vn 1 0 0
vn 1 0 0
vn -1 0 0
vn -1 0 0
vn -1 0 0
vn -1 0 0
vn 0 1 0
vn 0 1 0
vn 0 1 0
vn 0 1 0
vn 0 -1 0
vn 0 -1 0
vn 0 -1 0
vn 0 -1 0
vn 0 0 1
vn 0 0 1
vn 0 0 1
vn 0 0 1
vn 0 0 -1
vn 0 0 -1
vn 0 0 -1
vn 0 0 -1
f 2221/2221/2221 2223/2223/2223 2222/2222/2222
f 2223/2223/2223 2224/2224/2224 2222/2222/2222
f 2225/2225/2225 2227/2227/2227 2226/2226/2226
f 2227/2227/2227 2228/2228/2228 2226/2226/2226
f 2229/2229/2229 2231/2231/2231 2230/2230/2230
f 2231/2231/2231 2232/2232/2232 2230/2230/2230
f 2233/2233/2233 2235/2235/2235 2234/2234/2234
f 2235/2235/2235 2236/2236/2236 2234/2234/2234
f 2237/2237/2237 2239/2239/2239 2238/2238/2238
f 2239/2239/2239 2240/2240/2240 2238/2238/2238
f 2241/2241/2241 2243/2243/2243 2242/2242/2242
f 2243/2243/2243 2244/2244/2244 2242/2242/2242
o pad_top
usemtl lily_pad
v 0.26254200743231443 0.06999998614192016 -0.2974437356850451
v 0.2775132453122675 0.06999998614192016 -0.2868564211110371
v 0.12 0.06999998614192016 -0.08
v 0.23055059504310943 0.06999998614192016 -0.31532650469740486
v 0.24686179428106964 0.06999998614192016 -0.30694952403123116
v 0.26254200743231443 0.06999998614192016 -0.2974437356850451
v 0.19636248681029866 0.06999998614192016 -0.32853323490768627
v 0.2136895345377542 0.06999998614192016 -0.3225330259856045
v 0.23055059504310943 0.06999998614192016 -0.31532650469740486
v 0.16065703316024244 0.06999998614192016 -0.3368014889975295
v 0.17865564276946927 0.06999998614192016 -0.3332972869209207
v 0.19636248681029866 0.06999998614192016 -0.32853323490768627
v 0.12414369892466898 0.06999998614192016 -0.3399669768243369
v 0.14245621723496438 0.06999998614192016 -0.3390284116171768
v 0.16065703316024244 0.06999998614192016 -0.3368014889975295
v 0.08754802335333385 0.06999998614192016 -0.3379668050733458
v 0.10581057473018937 0.06999998614192016 -0.33961252426701294
v 0.12414369892466898 0.06999998614192016 -0.3399669768243369
v 0.051597193283658194 0.06999998614192016 -0.3308406928986064
v 0.06944688594647261 0.06999998614192016 -0.3350380016142765
v 0.08754802335333385 0.06999998614192016 -0.3379668050733458
v 0.017005553591030967 0.06999998614192016 -0.3187302669697965
v 0.03408771428860072 0.06999998614192016 -0.32539576236039325
v 0.051597193283658194 0.06999998614192016 -0.3308406928986064
v -0.015539542777900345 0.06999998614192016 -0.3018761695146358
v 0.0004356686639607338 0.06999998614192016 -0.31087737770893564
v 0.017005553591030967 0.06999998614192016 -0.3187302669697965
v -0.0453913918132452 0.06999998614192016 -0.28061326483355364
v -0.030840597127495872 0.06999998614192016 -0.29177137885499327
v -0.015539542777900345 0.06999998614192016 -0.3018761695146358
v -0.07195684733952867 0.06999998614192016 -0.2553641007905859
v -0.059119571178199826 0.06999998614192016 -0.2684573588779136
v -0.0453913918132452 0.06999998614192016 -0.28061326483355364
v -0.09470802731494213 0.06999998614192016 -0.2266303584631037
v -0.08383936295169761 0.06999998614192016 -0.2413986086240248
v -0.07195684733952867 0.06999998614192016 -0.2553641007905859
v -0.11319285888094693 0.06999998614192016 -0.19498300190358536
v -0.10450876745271537 0.06999998614192016 -0.21113279599776563
v -0.09470802731494213 0.06999998614192016 -0.2266303584631037
v -0.12704403218837362 0.06999998614192016 -0.16105088053431105
v -0.12071708841440265 0.06999998614192016 -0.17826130963991355
v -0.11319285888094693 0.06999998614192016 -0.19498300190358536
v -0.13598632895521856 0.06999998614192016 -0.12550824077832973
v -0.13214223917732343 0.06999998614192016 -0.1434373254653242
v -0.12704403218837362 0.06999998614192016 -0.16105088053431105
v -0.1398420498094624 0.06999998614192016 -0.08906133571197683
v -0.13855719366186436 0.06999998614192016 -0.1073528173475672
v -0.13598632895521856 0.06999998614192016 -0.12550824077832973
v -0.1385345882216628 0.06999998614192016 -0.05243437085398539
v -0.13983450820595994 0.06999998614192016 -0.07072479325402337
v -0.1398420498094624 0.06999998614192016 -0.08906133571197683
v -0.132089932233328 0.06999998614192016 -0.016355152432238784
v -0.1359487877125849 0.06999998614192016 -0.034281060068779345
v -0.1385345882216628 0.06999998614192016 -0.05243437085398539
v -0.12063611436246191 0.06999998614192016 0.018459413323473506
v -0.12697723169512104 0.06999998614192016 0.0012542055367844168
v -0.132089932233328 0.06999998614192016 -0.016355152432238784
v -0.10440075319617939 0.06999998614192016 0.05131754897137299
v -0.11309813609940253 0.06999998614192016 0.03517491853749111
v -0.12063611436246191 0.06999998614192016 0.018459413323473506
v -0.08370644134577679 0.06999998614192016 0.08156634073067683
v -0.09458725200550266 0.06999998614192016 0.0668070376978588
v -0.10440075319617939 0.06999998614192016 0.05131754897137299
v -0.05896438364525336 0.06999998614192016 0.10860473216210932
v -0.07181244296971054 0.06999998614192016 0.09552204885747216
v -0.08370644134577679 0.06999998614192016 0.08156634073067683
v -0.030666227323825207 0.06999998614192016 0.13189546597162682
v -0.04522621054340692 0.06999998614192016 0.12074934182374115
v -0.05896438364525336 0.06999998614192016 0.10860473216210932
v 0.0006257433640837334 0.06999998614192016 0.1509757218189452
v -0.015356866961444532 0.06999998614192016 0.14198766174352617
v -0.030666227323825207 0.06999998614192016 0.13189546597162682
v 0.03428973736706026 0.06999998614192016 0.16546639186141304
v 0.01720209585326038 0.06999998614192016 0.15881497444224768
v 0.0006257433640837334 0.06999998614192016 0.1509757218189452
v 0.06965682780207073 0.06999998614192016 0.17507952799814697
v 0.051803690780151374 0.06999998614192016 0.17089691592353023
v 0.03428973736706026 0.06999998614192016 0.16546639186141304
v 0.10602426784939596 0.06999998614192016 0.1796241090232799
v 0.08776037124589088 0.06999998614192016 0.17799342894218306
v 0.06965682780207073 0.06999998614192016 0.17507952799814697
v 0.14266941129188976 0.06999998614192016 0.17900984141825244
v 0.12435767760072172 0.06999998614192016 0.17996348257550804
v 0.10602426784939596 0.06999998614192016 0.1796241090232799
v 0.1788641066310391 0.06999998614192016 0.17324892095924488
v 0.16086839848759255 0.06999998614192016 0.1767679319042555
v 0.14266941129188976 0.06999998614192016 0.17900984141825244
v 0.213889144053949 0.06999998614192016 0.1624558263177825
v 0.19656703782518534 0.06999998614192016 0.16847029092630306
v 0.1788641066310391 0.06999998614192016 0.17324892095924488
v 0.24704855064114717 0.06999998614192016 0.14684501381578519
v 0.2307442589174109 0.06999998614192016 0.15523542677737628
v 0.213889144053949 0.06999998614192016 0.1624558263177825
v 0.27768345786853543 0.06999998614192016 0.12672670212033926
v 0.2627209423229871 0.06999998614192016 0.13732633357778617
v 0.24704855064114717 0.06999998614192016 0.14684501381578519
v 0.3051851034949189 0.06999998614192016 0.10250061315550825
v 0.29186167747191427 0.06999998614192016 0.1150988382387974
v 0.27768345786853543 0.06999998614192016 0.12672670212033926
v 0.32900704269096726 0.06999998614192016 0.07464815965960399
v 0.3175874591182706 0.06999998614192016 0.08899466565481133
v 0.3051851034949189 0.06999998614192016 0.10250061315550825
v 0.3486759198244314 0.06999998614192016 0.04372278286748789
v 0.3393870730212388 0.06999998614192016 0.059532475786414116
v 0.32900704269096726 0.06999998614192016 0.07464815965960399
v 0.36380088489858853 0.06999998614192016 0.010338960601884342
v 0.3568273715453879 0.06999998614192016 0.027297710286290314
v 0.3486759198244314 0.06999998614192016 0.04372278286748789
v 0.3740814163199092 0.06999998614192016 -0.024839933125400587
v 0.369561788454518 0.06999998614192016 -0.007069118606697955
v 0.36380088489858853 0.06999998614192016 0.010338960601884342
v 0.3793132283426723 0.06999998614192016 -0.0611148774948823
v 0.377337298781084 0.06999998614192016 -0.04288511556997772
v 0.3740814163199092 0.06999998614192016 -0.024839933125400587
v 0.3793923657179126 0.06999998614192016 -0.09776509174611664
v 0.37999938920955373 0.06999998614192016 -0.07943858545268685
v 0.3793132283426723 0.06999998614192016 -0.0611148774948823
v 0.37431726238895935 0.06999998614192016 -0.1340622985312956
v 0.37749518184333586 0.06999998614192016 -0.11600323087838366
v 0.3793923657179126 0.06999998614192016 -0.09776509174611664
v 0.12 0.06999998614192016 -0.08
v 0.3698744155304694 0.06999998614192016 -0.15185247293570064
v 0.37431726238895935 0.06999998614192016 -0.1340622985312956
v 0.23055059504310943 0.06999998614192016 -0.31532650469740486
v 0.26254200743231443 0.06999998614192016 -0.2974437356850451
v 0.12 0.06999998614192016 -0.08
v 0.16065703316024244 0.06999998614192016 -0.3368014889975295
v 0.19636248681029866 0.06999998614192016 -0.32853323490768627
v 0.23055059504310943 0.06999998614192016 -0.31532650469740486
v 0.08754802335333385 0.06999998614192016 -0.3379668050733458
v 0.12414369892466898 0.06999998614192016 -0.3399669768243369
v 0.16065703316024244 0.06999998614192016 -0.3368014889975295
v 0.017005553591030967 0.06999998614192016 -0.3187302669697965
v 0.051597193283658194 0.06999998614192016 -0.3308406928986064
v 0.08754802335333385 0.06999998614192016 -0.3379668050733458
v -0.0453913918132452 0.06999998614192016 -0.28061326483355364
v -0.015539542777900345 0.06999998614192016 -0.3018761695146358
v 0.017005553591030967 0.06999998614192016 -0.3187302669697965
v -0.09470802731494213 0.06999998614192016 -0.2266303584631037
v -0.07195684733952867 0.06999998614192016 -0.2553641007905859
v -0.0453913918132452 0.06999998614192016 -0.28061326483355364
v -0.12704403218837362 0.06999998614192016 -0.16105088053431105
v -0.11319285888094693 0.06999998614192016 -0.19498300190358536
v -0.09470802731494213 0.06999998614192016 -0.2266303584631037
v -0.1398420498094624 0.06999998614192016 -0.08906133571197683
v -0.13598632895521856 0.06999998614192016 -0.12550824077832973
v -0.12704403218837362 0.06999998614192016 -0.16105088053431105
v -0.132089932233328 0.06999998614192016 -0.016355152432238784
v -0.1385345882216628 0.06999998614192016 -0.05243437085398539
v -0.1398420498094624 0.06999998614192016 -0.08906133571197683
v -0.10440075319617939 0.06999998614192016 0.05131754897137299
v -0.12063611436246191 0.06999998614192016 0.018459413323473506
v -0.132089932233328 0.06999998614192016 -0.016355152432238784
v -0.05896438364525336 0.06999998614192016 0.10860473216210932
v -0.08370644134577679 0.06999998614192016 0.08156634073067683
v -0.10440075319617939 0.06999998614192016 0.05131754897137299
v 0.0006257433640837334 0.06999998614192016 0.1509757218189452
v -0.030666227323825207 0.06999998614192016 0.13189546597162682
v -0.05896438364525336 0.06999998614192016 0.10860473216210932
v 0.06965682780207073 0.06999998614192016 0.17507952799814697
v 0.03428973736706026 0.06999998614192016 0.16546639186141304
v 0.0006257433640837334 0.06999998614192016 0.1509757218189452
v 0.14266941129188976 0.06999998614192016 0.17900984141825244
v 0.10602426784939596 0.06999998614192016 0.1796241090232799
v 0.06965682780207073 0.06999998614192016 0.17507952799814697
v 0.213889144053949 0.06999998614192016 0.1624558263177825
v 0.1788641066310391 0.06999998614192016 0.17324892095924488
v 0.14266941129188976 0.06999998614192016 0.17900984141825244
v 0.27768345786853543 0.06999998614192016 0.12672670212033926
v 0.24704855064114717 0.06999998614192016 0.14684501381578519
v 0.213889144053949 0.06999998614192016 0.1624558263177825
v 0.32900704269096726 0.06999998614192016 0.07464815965960399
v 0.3051851034949189 0.06999998614192016 0.10250061315550825
v 0.27768345786853543 0.06999998614192016 0.12672670212033926
v 0.36380088489858853 0.06999998614192016 0.010338960601884342
v 0.3486759198244314 0.06999998614192016 0.04372278286748789
v 0.32900704269096726 0.06999998614192016 0.07464815965960399
v 0.3793132283426723 0.06999998614192016 -0.0611148774948823
v 0.3740814163199092 0.06999998614192016 -0.024839933125400587
v 0.36380088489858853 0.06999998614192016 0.010338960601884342
v 0.37431726238895935 0.06999998614192016 -0.1340622985312956
v 0.3793923657179126 0.06999998614192016 -0.09776509174611664
v 0.3793132283426723 0.06999998614192016 -0.0611148774948823
v 0.16065703316024244 0.06999998614192016 -0.3368014889975295
v 0.23055059504310943 0.06999998614192016 -0.31532650469740486
v 0.12 0.06999998614192016 -0.08
v 0.017005553591030967 0.06999998614192016 -0.3187302669697965
v 0.08754802335333385 0.06999998614192016 -0.3379668050733458
v 0.16065703316024244 0.06999998614192016 -0.3368014889975295
v -0.09470802731494213 0.06999998614192016 -0.2266303584631037
v -0.0453913918132452 0.06999998614192016 -0.28061326483355364
v 0.017005553591030967 0.06999998614192016 -0.3187302669697965
v -0.1398420498094624 0.06999998614192016 -0.08906133571197683
v -0.12704403218837362 0.06999998614192016 -0.16105088053431105
v -0.09470802731494213 0.06999998614192016 -0.2266303584631037
v -0.10440075319617939 0.06999998614192016 0.05131754897137299
v -0.132089932233328 0.06999998614192016 -0.016355152432238784
v -0.1398420498094624 0.06999998614192016 -0.08906133571197683
v 0.0006257433640837334 0.06999998614192016 0.1509757218189452
v -0.05896438364525336 0.06999998614192016 0.10860473216210932
v -0.10440075319617939 0.06999998614192016 0.05131754897137299
v 0.14266941129188976 0.06999998614192016 0.17900984141825244
v 0.06965682780207073 0.06999998614192016 0.17507952799814697
v 0.0006257433640837334 0.06999998614192016 0.1509757218189452
v 0.27768345786853543 0.06999998614192016 0.12672670212033926
v 0.213889144053949 0.06999998614192016 0.1624558263177825
v 0.14266941129188976 0.06999998614192016 0.17900984141825244
v 0.36380088489858853 0.06999998614192016 0.010338960601884342
v 0.32900704269096726 0.06999998614192016 0.07464815965960399
v 0.27768345786853543 0.06999998614192016 0.12672670212033926
v 0.37431726238895935 0.06999998614192016 -0.1340622985312956
v 0.3793132283426723 0.06999998614192016 -0.0611148774948823
v 0.36380088489858853 0.06999998614192016 0.010338960601884342
v 0.017005553591030967 0.06999998614192016 -0.3187302669697965
v 0.16065703316024244 0.06999998614192016 -0.3368014889975295
v 0.12 0.06999998614192016 -0.08
v -0.1398420498094624 0.06999998614192016 -0.08906133571197683
v -0.09470802731494213 0.06999998614192016 -0.2266303584631037
v 0.017005553591030967 0.06999998614192016 -0.3187302669697965
v 0.0006257433640837334 0.06999998614192016 0.1509757218189452
v -0.10440075319617939 0.06999998614192016 0.05131754897137299
v -0.1398420498094624 0.06999998614192016 -0.08906133571197683
v 0.27768345786853543 0.06999998614192016 0.12672670212033926
v 0.14266941129188976 0.06999998614192016 0.17900984141825244
v 0.0006257433640837334 0.06999998614192016 0.1509757218189452
v 0.37431726238895935 0.06999998614192016 -0.1340622985312956
v 0.36380088489858853 0.06999998614192016 0.010338960601884342
v 0.27768345786853543 0.06999998614192016 0.12672670212033926
v -0.1398420498094624 0.06999998614192016 -0.08906133571197683
v 0.017005553591030967 0.06999998614192016 -0.3187302669697965
v 0.12 0.06999998614192016 -0.08
v 0.27768345786853543 0.06999998614192016 0.12672670212033926
v 0.0006257433640837334 0.06999998614192016 0.1509757218189452
v -0.1398420498094624 0.06999998614192016 -0.08906133571197683
v 0.12 0.06999998614192016 -0.08
v 0.37431726238895935 0.06999998614192016 -0.1340622985312956
v 0.27768345786853543 0.06999998614192016 0.12672670212033926
v 0.27768345786853543 0.06999998614192016 0.12672670212033926
v -0.1398420498094624 0.06999998614192016 -0.08906133571197683
v 0.12 0.06999998614192016 -0.08
v 0.12 0.15499998331069953 -0.08
v 0.2775132453122675 0.15499998331069953 -0.2868564211110371
v 0.26254200743231443 0.15499998331069953 -0.2974437356850451
v 0.26254200743231443 0.15499998331069953 -0.2974437356850451
v 0.24686179428106964 0.15499998331069953 -0.30694952403123116
v 0.23055059504310943 0.15499998331069953 -0.31532650469740486
v 0.23055059504310943 0.15499998331069953 -0.31532650469740486
v 0.2136895345377542 0.15499998331069953 -0.3225330259856045
v 0.19636248681029866 0.15499998331069953 -0.32853323490768627
v 0.19636248681029866 0.15499998331069953 -0.32853323490768627
v 0.17865564276946927 0.15499998331069953 -0.3332972869209207
v 0.16065703316024244 0.15499998331069953 -0.3368014889975295
v 0.16065703316024244 0.15499998331069953 -0.3368014889975295
v 0.14245621723496438 0.15499998331069953 -0.3390284116171768
v 0.12414369892466898 0.15499998331069953 -0.3399669768243369
v 0.12414369892466898 0.15499998331069953 -0.3399669768243369
v 0.10581057473018937 0.15499998331069953 -0.33961252426701294
v 0.08754802335333385 0.15499998331069953 -0.3379668050733458
v 0.08754802335333385 0.15499998331069953 -0.3379668050733458
v 0.06944688594647261 0.15499998331069953 -0.3350380016142765
v 0.051597193283658194 0.15499998331069953 -0.3308406928986064
v 0.051597193283658194 0.15499998331069953 -0.3308406928986064
v 0.03408771428860072 0.15499998331069953 -0.32539576236039325
v 0.017005553591030967 0.15499998331069953 -0.3187302669697965
v 0.017005553591030967 0.15499998331069953 -0.3187302669697965
v 0.0004356686639607338 0.15499998331069953 -0.31087737770893564
v -0.015539542777900345 0.15499998331069953 -0.3018761695146358
v -0.015539542777900345 0.15499998331069953 -0.3018761695146358
v -0.030840597127495872 0.15499998331069953 -0.29177137885499327
v -0.0453913918132452 0.15499998331069953 -0.28061326483355364
v -0.0453913918132452 0.15499998331069953 -0.28061326483355364
v -0.059119571178199826 0.15499998331069953 -0.2684573588779136
v -0.07195684733952867 0.15499998331069953 -0.2553641007905859
v -0.07195684733952867 0.15499998331069953 -0.2553641007905859
v -0.08383936295169761 0.15499998331069953 -0.2413986086240248
v -0.09470802731494213 0.15499998331069953 -0.2266303584631037
v -0.09470802731494213 0.15499998331069953 -0.2266303584631037
v -0.10450876745271537 0.15499998331069953 -0.21113279599776563
v -0.11319285888094693 0.15499998331069953 -0.19498300190358536
v -0.11319285888094693 0.15499998331069953 -0.19498300190358536
v -0.12071708841440265 0.15499998331069953 -0.17826130963991355
v -0.12704403218837362 0.15499998331069953 -0.16105088053431105
v -0.12704403218837362 0.15499998331069953 -0.16105088053431105
v -0.13214223917732343 0.15499998331069953 -0.1434373254653242
v -0.13598632895521856 0.15499998331069953 -0.12550824077832973
v -0.13598632895521856 0.15499998331069953 -0.12550824077832973
v -0.13855719366186436 0.15499998331069953 -0.1073528173475672
v -0.1398420498094624 0.15499998331069953 -0.08906133571197683
v -0.1398420498094624 0.15499998331069953 -0.08906133571197683
v -0.13983450820595994 0.15499998331069953 -0.07072479325402337
v -0.1385345882216628 0.15499998331069953 -0.05243437085398539
v -0.1385345882216628 0.15499998331069953 -0.05243437085398539
v -0.1359487877125849 0.15499998331069953 -0.034281060068779345
v -0.132089932233328 0.15499998331069953 -0.016355152432238784
v -0.132089932233328 0.15499998331069953 -0.016355152432238784
v -0.12697723169512104 0.15499998331069953 0.0012542055367844168
v -0.12063611436246191 0.15499998331069953 0.018459413323473506
v -0.12063611436246191 0.15499998331069953 0.018459413323473506
v -0.11309813609940253 0.15499998331069953 0.03517491853749111
v -0.10440075319617939 0.15499998331069953 0.05131754897137299
v -0.10440075319617939 0.15499998331069953 0.05131754897137299
v -0.09458725200550266 0.15499998331069953 0.0668070376978588
v -0.08370644134577679 0.15499998331069953 0.08156634073067683
v -0.08370644134577679 0.15499998331069953 0.08156634073067683
v -0.07181244296971054 0.15499998331069953 0.09552204885747216
v -0.05896438364525336 0.15499998331069953 0.10860473216210932
v -0.05896438364525336 0.15499998331069953 0.10860473216210932
v -0.04522621054340692 0.15499998331069953 0.12074934182374115
v -0.030666227323825207 0.15499998331069953 0.13189546597162682
v -0.030666227323825207 0.15499998331069953 0.13189546597162682
v -0.015356866961444532 0.15499998331069953 0.14198766174352617
v 0.0006257433640837334 0.15499998331069953 0.1509757218189452
v 0.0006257433640837334 0.15499998331069953 0.1509757218189452
v 0.01720209585326038 0.15499998331069953 0.15881497444224768
v 0.03428973736706026 0.15499998331069953 0.16546639186141304
v 0.03428973736706026 0.15499998331069953 0.16546639186141304
v 0.051803690780151374 0.15499998331069953 0.17089691592353023
v 0.06965682780207073 0.15499998331069953 0.17507952799814697
v 0.06965682780207073 0.15499998331069953 0.17507952799814697
v 0.08776037124589088 0.15499998331069953 0.17799342894218306
v 0.10602426784939596 0.15499998331069953 0.1796241090232799
v 0.10602426784939596 0.15499998331069953 0.1796241090232799
v 0.12435767760072172 0.15499998331069953 0.17996348257550804
v 0.14266941129188976 0.15499998331069953 0.17900984141825244
v 0.14266941129188976 0.15499998331069953 0.17900984141825244
v 0.16086839848759255 0.15499998331069953 0.1767679319042555
v 0.1788641066310391 0.15499998331069953 0.17324892095924488
v 0.1788641066310391 0.15499998331069953 0.17324892095924488
v 0.19656703782518534 0.15499998331069953 0.16847029092630306
v 0.213889144053949 0.15499998331069953 0.1624558263177825
v 0.213889144053949 0.15499998331069953 0.1624558263177825
v 0.2307442589174109 0.15499998331069953 0.15523542677737628
v 0.24704855064114717 0.15499998331069953 0.14684501381578519
v 0.24704855064114717 0.15499998331069953 0.14684501381578519
v 0.2627209423229871 0.15499998331069953 0.13732633357778617
v 0.27768345786853543 0.15499998331069953 0.12672670212033926
v 0.27768345786853543 0.15499998331069953 0.12672670212033926
v 0.29186167747191427 0.15499998331069953 0.1150988382387974
v 0.3051851034949189 0.15499998331069953 0.10250061315550825
v 0.3051851034949189 0.15499998331069953 0.10250061315550825
v 0.3175874591182706 0.15499998331069953 0.08899466565481133
v 0.32900704269096726 0.15499998331069953 0.07464815965960399
v 0.32900704269096726 0.15499998331069953 0.07464815965960399
v 0.3393870730212388 0.15499998331069953 0.059532475786414116
v 0.3486759198244314 0.15499998331069953 0.04372278286748789
v 0.3486759198244314 0.15499998331069953 0.04372278286748789
v 0.3568273715453879 0.15499998331069953 0.027297710286290314
v 0.36380088489858853 0.15499998331069953 0.010338960601884342
v 0.36380088489858853 0.15499998331069953 0.010338960601884342
v 0.369561788454518 0.15499998331069953 -0.007069118606697955
v 0.3740814163199092 0.15499998331069953 -0.024839933125400587
v 0.3740814163199092 0.15499998331069953 -0.024839933125400587
v 0.377337298781084 0.15499998331069953 -0.04288511556997772
v 0.3793132283426723 0.15499998331069953 -0.0611148774948823
v 0.3793132283426723 0.15499998331069953 -0.0611148774948823
v 0.37999938920955373 0.15499998331069953 -0.07943858545268685
v 0.3793923657179126 0.15499998331069953 -0.09776509174611664
v 0.3793923657179126 0.15499998331069953 -0.09776509174611664
v 0.37749518184333586 0.15499998331069953 -0.11600323087838366
v 0.37431726238895935 0.15499998331069953 -0.1340622985312956
v 0.37431726238895935 0.15499998331069953 -0.1340622985312956
v 0.3698744155304694 0.15499998331069953 -0.15185247293570064
v 0.12 0.15499998331069953 -0.08
v 0.12 0.15499998331069953 -0.08
v 0.26254200743231443 0.15499998331069953 -0.2974437356850451
v 0.23055059504310943 0.15499998331069953 -0.31532650469740486
v 0.23055059504310943 0.15499998331069953 -0.31532650469740486
v 0.19636248681029866 0.15499998331069953 -0.32853323490768627
v 0.16065703316024244 0.15499998331069953 -0.3368014889975295
v 0.16065703316024244 0.15499998331069953 -0.3368014889975295
v 0.12414369892466898 0.15499998331069953 -0.3399669768243369
v 0.08754802335333385 0.15499998331069953 -0.3379668050733458
v 0.08754802335333385 0.15499998331069953 -0.3379668050733458
v 0.051597193283658194 0.15499998331069953 -0.3308406928986064
v 0.017005553591030967 0.15499998331069953 -0.3187302669697965
v 0.017005553591030967 0.15499998331069953 -0.3187302669697965
v -0.015539542777900345 0.15499998331069953 -0.3018761695146358
v -0.0453913918132452 0.15499998331069953 -0.28061326483355364
v -0.0453913918132452 0.15499998331069953 -0.28061326483355364
v -0.07195684733952867 0.15499998331069953 -0.2553641007905859
v -0.09470802731494213 0.15499998331069953 -0.2266303584631037
v -0.09470802731494213 0.15499998331069953 -0.2266303584631037
v -0.11319285888094693 0.15499998331069953 -0.19498300190358536
v -0.12704403218837362 0.15499998331069953 -0.16105088053431105
v -0.12704403218837362 0.15499998331069953 -0.16105088053431105
v -0.13598632895521856 0.15499998331069953 -0.12550824077832973
v -0.1398420498094624 0.15499998331069953 -0.08906133571197683
v -0.1398420498094624 0.15499998331069953 -0.08906133571197683
v -0.1385345882216628 0.15499998331069953 -0.05243437085398539
v -0.132089932233328 0.15499998331069953 -0.016355152432238784
v -0.132089932233328 0.15499998331069953 -0.016355152432238784
v -0.12063611436246191 0.15499998331069953 0.018459413323473506
v -0.10440075319617939 0.15499998331069953 0.05131754897137299
v -0.10440075319617939 0.15499998331069953 0.05131754897137299
v -0.08370644134577679 0.15499998331069953 0.08156634073067683
v -0.05896438364525336 0.15499998331069953 0.10860473216210932
v -0.05896438364525336 0.15499998331069953 0.10860473216210932
v -0.030666227323825207 0.15499998331069953 0.13189546597162682
v 0.0006257433640837334 0.15499998331069953 0.1509757218189452
v 0.0006257433640837334 0.15499998331069953 0.1509757218189452
v 0.03428973736706026 0.15499998331069953 0.16546639186141304
v 0.06965682780207073 0.15499998331069953 0.17507952799814697
v 0.06965682780207073 0.15499998331069953 0.17507952799814697
v 0.10602426784939596 0.15499998331069953 0.1796241090232799
v 0.14266941129188976 0.15499998331069953 0.17900984141825244
v 0.14266941129188976 0.15499998331069953 0.17900984141825244
v 0.1788641066310391 0.15499998331069953 0.17324892095924488
v 0.213889144053949 0.15499998331069953 0.1624558263177825
v 0.213889144053949 0.15499998331069953 0.1624558263177825
v 0.24704855064114717 0.15499998331069953 0.14684501381578519
v 0.27768345786853543 0.15499998331069953 0.12672670212033926
v 0.27768345786853543 0.15499998331069953 0.12672670212033926
v 0.3051851034949189 0.15499998331069953 0.10250061315550825
v 0.32900704269096726 0.15499998331069953 0.07464815965960399
v 0.32900704269096726 0.15499998331069953 0.07464815965960399
v 0.3486759198244314 0.15499998331069953 0.04372278286748789
v 0.36380088489858853 0.15499998331069953 0.010338960601884342
v 0.36380088489858853 0.15499998331069953 0.010338960601884342
v 0.3740814163199092 0.15499998331069953 -0.024839933125400587
v 0.3793132283426723 0.15499998331069953 -0.0611148774948823
v 0.3793132283426723 0.15499998331069953 -0.0611148774948823
v 0.3793923657179126 0.15499998331069953 -0.09776509174611664
v 0.37431726238895935 0.15499998331069953 -0.1340622985312956
v 0.12 0.15499998331069953 -0.08
v 0.23055059504310943 0.15499998331069953 -0.31532650469740486
v 0.16065703316024244 0.15499998331069953 -0.3368014889975295
v 0.16065703316024244 0.15499998331069953 -0.3368014889975295
v 0.08754802335333385 0.15499998331069953 -0.3379668050733458
v 0.017005553591030967 0.15499998331069953 -0.3187302669697965
v 0.017005553591030967 0.15499998331069953 -0.3187302669697965
v -0.0453913918132452 0.15499998331069953 -0.28061326483355364
v -0.09470802731494213 0.15499998331069953 -0.2266303584631037
v -0.09470802731494213 0.15499998331069953 -0.2266303584631037
v -0.12704403218837362 0.15499998331069953 -0.16105088053431105
v -0.1398420498094624 0.15499998331069953 -0.08906133571197683
v -0.1398420498094624 0.15499998331069953 -0.08906133571197683
v -0.132089932233328 0.15499998331069953 -0.016355152432238784
v -0.10440075319617939 0.15499998331069953 0.05131754897137299
v -0.10440075319617939 0.15499998331069953 0.05131754897137299
v -0.05896438364525336 0.15499998331069953 0.10860473216210932
v 0.0006257433640837334 0.15499998331069953 0.1509757218189452
v 0.0006257433640837334 0.15499998331069953 0.1509757218189452
v 0.06965682780207073 0.15499998331069953 0.17507952799814697
v 0.14266941129188976 0.15499998331069953 0.17900984141825244
v 0.14266941129188976 0.15499998331069953 0.17900984141825244
v 0.213889144053949 0.15499998331069953 0.1624558263177825
v 0.27768345786853543 0.15499998331069953 0.12672670212033926
v 0.27768345786853543 0.15499998331069953 0.12672670212033926
v 0.32900704269096726 0.15499998331069953 0.07464815965960399
v 0.36380088489858853 0.15499998331069953 0.010338960601884342
v 0.36380088489858853 0.15499998331069953 0.010338960601884342
v 0.3793132283426723 0.15499998331069953 -0.0611148774948823
v 0.37431726238895935 0.15499998331069953 -0.1340622985312956
v 0.12 0.15499998331069953 -0.08
v 0.16065703316024244 0.15499998331069953 -0.3368014889975295
v 0.017005553591030967 0.15499998331069953 -0.3187302669697965
v 0.017005553591030967 0.15499998331069953 -0.3187302669697965
v -0.09470802731494213 0.15499998331069953 -0.2266303584631037
v -0.1398420498094624 0.15499998331069953 -0.08906133571197683
v -0.1398420498094624 0.15499998331069953 -0.08906133571197683
v -0.10440075319617939 0.15499998331069953 0.05131754897137299
v 0.0006257433640837334 0.15499998331069953 0.1509757218189452
v 0.0006257433640837334 0.15499998331069953 0.1509757218189452
v 0.14266941129188976 0.15499998331069953 0.17900984141825244
v 0.27768345786853543 0.15499998331069953 0.12672670212033926
v 0.27768345786853543 0.15499998331069953 0.12672670212033926
v 0.36380088489858853 0.15499998331069953 0.010338960601884342
v 0.37431726238895935 0.15499998331069953 -0.1340622985312956
v 0.12 0.15499998331069953 -0.08
v 0.017005553591030967 0.15499998331069953 -0.3187302669697965
v -0.1398420498094624 0.15499998331069953 -0.08906133571197683
v -0.1398420498094624 0.15499998331069953 -0.08906133571197683
v 0.0006257433640837334 0.15499998331069953 0.1509757218189452
v 0.27768345786853543 0.15499998331069953 0.12672670212033926
v 0.27768345786853543 0.15499998331069953 0.12672670212033926
v 0.37431726238895935 0.15499998331069953 -0.1340622985312956
v 0.12 0.15499998331069953 -0.08
v 0.12 0.15499998331069953 -0.08
v -0.1398420498094624 0.15499998331069953 -0.08906133571197683
v 0.27768345786853543 0.15499998331069953 0.12672670212033926
v 0.2775132453122675 0.06999998614192016 -0.2868564211110371
v 0.26254200743231443 0.06999998614192016 -0.2974437356850451
v 0.29728193795146085 0.07585785053670413 -0.2898894155647591
v 0.26254200743231443 0.06999998614192016 -0.2974437356850451
v 0.27030009894072465 0.07585785053670413 -0.3092784735754774
v 0.29728193795146085 0.07585785053670413 -0.2898894155647591
v 0.29728193795146085 0.07585785053670413 -0.2898894155647591
v 0.27030009894072465 0.07585785053670413 -0.3092784735754774
v 0.30547037940856964 0.08999998569488532 -0.2911457070925021
v 0.27030009894072465 0.07585785053670413 -0.3092784735754774
v 0.2735135948524385 0.08999998569488532 -0.3141805769041612
v 0.30547037940856964 0.08999998569488532 -0.2911457070925021
v 0.30547037940856964 0.08999998569488532 -0.2911457070925021
v 0.2735135948524385 0.08999998569488532 -0.3141805769041612
v 0.30547037940856964 0.13499998748302466 -0.2911457070925021
v 0.2735135948524385 0.08999998569488532 -0.3141805769041612
v 0.2735135948524385 0.13499998748302466 -0.3141805769041612
v 0.30547037940856964 0.13499998748302466 -0.2911457070925021
v 0.30547037940856964 0.13499998748302466 -0.2911457070925021
v 0.2735135948524385 0.13499998748302466 -0.3141805769041612
v 0.29728193795146085 0.1491421207785607 -0.2898894155647591
v 0.2735135948524385 0.13499998748302466 -0.3141805769041612
v 0.27030009894072465 0.1491421207785607 -0.3092784735754774
v 0.29728193795146085 0.1491421207785607 -0.2898894155647591
v 0.29728193795146085 0.1491421207785607 -0.2898894155647591
v 0.27030009894072465 0.1491421207785607 -0.3092784735754774
v 0.2775132453122675 0.15499998331069953 -0.2868564211110371
v 0.27030009894072465 0.1491421207785607 -0.3092784735754774
v 0.26254200743231443 0.15499998331069953 -0.2974437356850451
v 0.2775132453122675 0.15499998331069953 -0.2868564211110371
v 0.26254200743231443 0.06999998614192016 -0.2974437356850451
v 0.24686179428106964 0.06999998614192016 -0.30694952403123116
v 0.27030009894072465 0.07585785053670413 -0.3092784735754774
v 0.24686179428106964 0.06999998614192016 -0.30694952403123116
v 0.253766455863908 0.07585785053670413 -0.3193016255663427
v 0.27030009894072465 0.07585785053670413 -0.3092784735754774
v 0.27030009894072465 0.07585785053670413 -0.3092784735754774
v 0.253766455863908 0.07585785053670413 -0.3193016255663427
v 0.2735135948524385 0.08999998569488532 -0.3141805769041612
v 0.253766455863908 0.07585785053670413 -0.3193016255663427
v 0.2566264648615128 0.08999998569488533 -0.32441803766626015
v 0.2735135948524385 0.08999998569488532 -0.3141805769041612
v 0.2735135948524385 0.08999998569488532 -0.3141805769041612
v 0.2566264648615128 0.08999998569488533 -0.32441803766626015
v 0.2735135948524385 0.13499998748302466 -0.3141805769041612
v 0.2566264648615128 0.08999998569488533 -0.32441803766626015
v 0.2566264648615128 0.13499998748302466 -0.32441803766626015
v 0.2735135948524385 0.13499998748302466 -0.3141805769041612
v 0.2735135948524385 0.13499998748302466 -0.3141805769041612
v 0.2566264648615128 0.13499998748302466 -0.32441803766626015
v 0.27030009894072465 0.1491421207785607 -0.3092784735754774
v 0.2566264648615128 0.13499998748302466 -0.32441803766626015
v 0.253766455863908 0.1491421207785607 -0.3193016255663427
v 0.27030009894072465 0.1491421207785607 -0.3092784735754774
v 0.27030009894072465 0.1491421207785607 -0.3092784735754774
v 0.253766455863908 0.1491421207785607 -0.3193016255663427
v 0.26254200743231443 0.15499998331069953 -0.2974437356850451
v 0.253766455863908 0.1491421207785607 -0.3193016255663427
v 0.24686179428106964 0.15499998331069953 -0.30694952403123116
v 0.26254200743231443 0.15499998331069953 -0.2974437356850451
v 0.24686179428106964 0.06999998614192016 -0.30694952403123116
v 0.23055059504310943 0.06999998614192016 -0.31532650469740486
v 0.253766455863908 0.07585785053670413 -0.3193016255663427
v 0.23055059504310943 0.06999998614192016 -0.31532650469740486
v 0.236567493970815 0.07585785053670413 -0.3281345487339781
v 0.253766455863908 0.07585785053670413 -0.3193016255663427
v 0.253766455863908 0.07585785053670413 -0.3193016255663427
v 0.236567493970815 0.07585785053670413 -0.3281345487339781
v 0.2566264648615128 0.08999998569488533 -0.32441803766626015
v 0.236567493970815 0.07585785053670413 -0.3281345487339781
v 0.23905978530025404 0.08999998569488533 -0.33343980820592495
v 0.2566264648615128 0.08999998569488533 -0.32441803766626015
v 0.2566264648615128 0.08999998569488533 -0.32441803766626015
v 0.23905978530025404 0.08999998569488533 -0.33343980820592495
v 0.2566264648615128 0.13499998748302466 -0.32441803766626015
v 0.23905978530025404 0.08999998569488533 -0.33343980820592495
v 0.23905978530025404 0.13499998748302466 -0.33343980820592495
v 0.2566264648615128 0.13499998748302466 -0.32441803766626015
v 0.2566264648615128 0.13499998748302466 -0.32441803766626015
v 0.23905978530025404 0.13499998748302466 -0.33343980820592495
v 0.253766455863908 0.1491421207785607 -0.3193016255663427
v 0.23905978530025404 0.13499998748302466 -0.33343980820592495
v 0.236567493970815 0.1491421207785607 -0.3281345487339781
v 0.253766455863908 0.1491421207785607 -0.3193016255663427
v 0.253766455863908 0.1491421207785607 -0.3193016255663427
v 0.236567493970815 0.1491421207785607 -0.3281345487339781
v 0.24686179428106964 0.15499998331069953 -0.30694952403123116
v 0.236567493970815 0.1491421207785607 -0.3281345487339781
v 0.23055059504310943 0.15499998331069953 -0.31532650469740486
v 0.24686179428106964 0.15499998331069953 -0.30694952403123116
v 0.23055059504310943 0.06999998614192016 -0.31532650469740486
v 0.2136895345377542 0.06999998614192016 -0.3225330259856045
v 0.236567493970815 0.07585785053670413 -0.3281345487339781
v 0.2136895345377542 0.06999998614192016 -0.3225330259856045
v 0.21878874260441772 0.07585785053670413 -0.33573329660454165
v 0.236567493970815 0.07585785053670413 -0.3281345487339781
v 0.236567493970815 0.07585785053670413 -0.3281345487339781
v 0.21878874260441772 0.07585785053670413 -0.33573329660454165
v 0.23905978530025404 0.08999998569488533 -0.33343980820592495
v 0.21878874260441772 0.07585785053670413 -0.33573329660454165
v 0.22090092337472556 0.08999998569488533 -0.34120102381151013
v 0.23905978530025404 0.08999998569488533 -0.33343980820592495
v 0.23905978530025404 0.08999998569488533 -0.33343980820592495
v 0.22090092337472556 0.08999998569488533 -0.34120102381151013
v 0.23905978530025404 0.13499998748302466 -0.33343980820592495
v 0.22090092337472556 0.08999998569488533 -0.34120102381151013
v 0.22090092337472556 0.13499998748302466 -0.34120102381151013
v 0.23905978530025404 0.13499998748302466 -0.33343980820592495
v 0.23905978530025404 0.13499998748302466 -0.33343980820592495
v 0.22090092337472556 0.13499998748302466 -0.34120102381151013
v 0.236567493970815 0.1491421207785607 -0.3281345487339781
v 0.22090092337472556 0.13499998748302466 -0.34120102381151013
v 0.21878874260441772 0.1491421207785607 -0.33573329660454165
v 0.236567493970815 0.1491421207785607 -0.3281345487339781
v 0.236567493970815 0.1491421207785607 -0.3281345487339781
v 0.21878874260441772 0.1491421207785607 -0.33573329660454165
v 0.23055059504310943 0.15499998331069953 -0.31532650469740486
v 0.21878874260441772 0.1491421207785607 -0.33573329660454165
v 0.2136895345377542 0.15499998331069953 -0.3225330259856045
v 0.23055059504310943 0.15499998331069953 -0.31532650469740486
v 0.2136895345377542 0.06999998614192016 -0.3225330259856045
v 0.19636248681029866 0.06999998614192016 -0.32853323490768627
v 0.21878874260441772 0.07585785053670413 -0.33573329660454165
v 0.19636248681029866 0.06999998614192016 -0.32853323490768627
v 0.20051865381844963 0.07585785053670413 -0.3420600748120324
v 0.21878874260441772 0.07585785053670413 -0.33573329660454165
v 0.21878874260441772 0.07585785053670413 -0.33573329660454165
v 0.20051865381844963 0.07585785053670413 -0.3420600748120324
v 0.22090092337472556 0.08999998569488533 -0.34120102381151013
v 0.20051865381844963 0.07585785053670413 -0.3420600748120324
v 0.2022401884249047 0.08999998569488533 -0.34766307544064873
v 0.22090092337472556 0.08999998569488533 -0.34120102381151013
v 0.22090092337472556 0.08999998569488533 -0.34120102381151013
v 0.2022401884249047 0.08999998569488533 -0.34766307544064873
v 0.22090092337472556 0.13499998748302466 -0.34120102381151013
v 0.2022401884249047 0.08999998569488533 -0.34766307544064873
v 0.2022401884249047 0.13499998748302466 -0.34766307544064873
v 0.22090092337472556 0.13499998748302466 -0.34120102381151013
v 0.22090092337472556 0.13499998748302466 -0.34120102381151013
v 0.2022401884249047 0.13499998748302466 -0.34766307544064873
v 0.21878874260441772 0.1491421207785607 -0.33573329660454165
v 0.2022401884249047 0.13499998748302466 -0.34766307544064873
v 0.20051865381844963 0.1491421207785607 -0.3420600748120324
v 0.21878874260441772 0.1491421207785607 -0.33573329660454165
v 0.21878874260441772 0.1491421207785607 -0.33573329660454165
v 0.20051865381844963 0.1491421207785607 -0.3420600748120324
v 0.2136895345377542 0.15499998331069953 -0.3225330259856045
v 0.20051865381844963 0.1491421207785607 -0.3420600748120324
v 0.19636248681029866 0.15499998331069953 -0.32853323490768627
v 0.2136895345377542 0.15499998331069953 -0.3225330259856045
v 0.19636248681029866 0.06999998614192016 -0.32853323490768627
v 0.17865564276946927 0.06999998614192016 -0.3332972869209207
v 0.20051865381844963 0.07585785053670413 -0.3420600748120324
v 0.17865564276946927 0.06999998614192016 -0.3332972869209207
v 0.18184806709799275 0.07585785053670413 -0.34708341653400576
v 0.20051865381844963 0.07585785053670413 -0.3420600748120324
v 0.20051865381844963 0.07585785053670413 -0.3420600748120324
v 0.18184806709799275 0.07585785053670413 -0.34708341653400576
v 0.2022401884249047 0.08999998569488533 -0.34766307544064873
v 0.18184806709799275 0.07585785053670413 -0.34708341653400576
v 0.1831704160675136 0.08999998569488533 -0.3527938217204488
v 0.2022401884249047 0.08999998569488533 -0.34766307544064873
v 0.2022401884249047 0.08999998569488533 -0.34766307544064873
v 0.1831704160675136 0.08999998569488533 -0.3527938217204488
v 0.2022401884249047 0.13499998748302466 -0.34766307544064873
v 0.1831704160675136 0.08999998569488533 -0.3527938217204488
v 0.1831704160675136 0.13499998748302466 -0.3527938217204488
v 0.2022401884249047 0.13499998748302466 -0.34766307544064873
v 0.2022401884249047 0.13499998748302466 -0.34766307544064873
v 0.1831704160675136 0.13499998748302466 -0.3527938217204488
v 0.20051865381844963 0.1491421207785607 -0.3420600748120324
v 0.1831704160675136 0.13499998748302466 -0.3527938217204488
v 0.18184806709799275 0.1491421207785607 -0.34708341653400576
v 0.20051865381844963 0.1491421207785607 -0.3420600748120324
v 0.20051865381844963 0.1491421207785607 -0.3420600748120324
v 0.18184806709799275 0.1491421207785607 -0.34708341653400576
v 0.19636248681029866 0.15499998331069953 -0.32853323490768627
v 0.18184806709799275 0.1491421207785607 -0.34708341653400576
v 0.17865564276946927 0.15499998331069953 -0.3332972869209207
v 0.19636248681029866 0.15499998331069953 -0.32853323490768627
v 0.17865564276946927 0.06999998614192016 -0.3332972869209207
v 0.16065703316024244 0.06999998614192016 -0.3368014889975295
v 0.18184806709799275 0.07585785053670413 -0.34708341653400576
v 0.16065703316024244 0.06999998614192016 -0.3368014889975295
v 0.1628698643752825 0.07585785053670413 -0.3507783436779017
v 0.18184806709799275 0.07585785053670413 -0.34708341653400576
v 0.18184806709799275 0.07585785053670413 -0.34708341653400576
v 0.1628698643752825 0.07585785053670413 -0.3507783436779017
v 0.1831704160675136 0.08999998569488533 -0.3527938217204488
v 0.1628698643752825 0.07585785053670413 -0.3507783436779017
v 0.16378644553734828 0.08999998569488533 -0.3565677459355197
v 0.1831704160675136 0.08999998569488533 -0.3527938217204488
v 0.1831704160675136 0.08999998569488533 -0.3527938217204488
v 0.16378644553734828 0.08999998569488533 -0.3565677459355197
v 0.1831704160675136 0.13499998748302466 -0.3527938217204488
v 0.16378644553734828 0.08999998569488533 -0.3565677459355197
v 0.16378644553734828 0.13499998748302466 -0.3565677459355197
v 0.1831704160675136 0.13499998748302466 -0.3527938217204488
v 0.1831704160675136 0.13499998748302466 -0.3527938217204488
v 0.16378644553734828 0.13499998748302466 -0.3565677459355197
v 0.18184806709799275 0.1491421207785607 -0.34708341653400576
v 0.16378644553734828 0.13499998748302466 -0.3565677459355197
v 0.1628698643752825 0.1491421207785607 -0.3507783436779017
v 0.18184806709799275 0.1491421207785607 -0.34708341653400576
v 0.18184806709799275 0.1491421207785607 -0.34708341653400576
v 0.1628698643752825 0.1491421207785607 -0.3507783436779017
v 0.17865564276946927 0.15499998331069953 -0.3332972869209207
v 0.1628698643752825 0.1491421207785607 -0.3507783436779017
v 0.16065703316024244 0.15499998331069953 -0.3368014889975295
v 0.17865564276946927 0.15499998331069953 -0.3332972869209207
v 0.16065703316024244 0.06999998614192016 -0.3368014889975295
v 0.14245621723496438 0.06999998614192016 -0.3390284116171768
v 0.1628698643752825 0.07585785053670413 -0.3507783436779017
v 0.14245621723496438 0.06999998614192016 -0.3390284116171768
v 0.14367843151023157 0.07585785053670413 -0.3531264678814384
v 0.1628698643752825 0.07585785053670413 -0.3507783436779017
v 0.1628698643752825 0.07585785053670413 -0.3507783436779017
v 0.14367843151023157 0.07585785053670413 -0.3531264678814384
v 0.16378644553734828 0.08999998569488533 -0.3565677459355197
v 0.14367843151023157 0.07585785053670413 -0.3531264678814384
v 0.14418469249850127 0.08999998569488533 -0.358966079029788
v 0.16378644553734828 0.08999998569488533 -0.3565677459355197
v 0.16378644553734828 0.08999998569488533 -0.3565677459355197
v 0.14418469249850127 0.08999998569488533 -0.358966079029788
v 0.16378644553734828 0.13499998748302466 -0.3565677459355197
v 0.14418469249850127 0.08999998569488533 -0.358966079029788
v 0.14418469249850127 0.13499998748302466 -0.358966079029788
v 0.16378644553734828 0.13499998748302466 -0.3565677459355197
v 0.16378644553734828 0.13499998748302466 -0.3565677459355197
v 0.14418469249850127 0.13499998748302466 -0.358966079029788
v 0.1628698643752825 0.1491421207785607 -0.3507783436779017
v 0.14418469249850127 0.13499998748302466 -0.358966079029788
v 0.14367843151023157 0.1491421207785607 -0.3531264678814384
v 0.1628698643752825 0.1491421207785607 -0.3507783436779017
v 0.1628698643752825 0.1491421207785607 -0.3507783436779017
v 0.14367843151023157 0.1491421207785607 -0.3531264678814384
v 0.16065703316024244 0.15499998331069953 -0.3368014889975295
v 0.14367843151023157 0.1491421207785607 -0.3531264678814384
v 0.14245621723496438 0.15499998331069953 -0.3390284116171768
v 0.16065703316024244 0.15499998331069953 -0.3368014889975295
v 0.14245621723496438 0.06999998614192016 -0.3390284116171768
v 0.12414369892466898 0.06999998614192016 -0.3399669768243369
v 0.14367843151023157 0.07585785053670413 -0.3531264678814384
v 0.12414369892466898 0.06999998614192016 -0.3399669768243369
v 0.12436923110165246 0.07585785053670413 -0.35411611351442823
v 0.14367843151023157 0.07585785053670413 -0.3531264678814384
v 0.14367843151023157 0.07585785053670413 -0.3531264678814384
v 0.12436923110165246 0.07585785053670413 -0.35411611351442823
v 0.14418469249850127 0.08999998569488533 -0.358966079029788
v 0.12436923110165246 0.07585785053670413 -0.35411611351442823
v 0.12446263965100157 0.08999998569488533 -0.35997688442380227
v 0.14418469249850127 0.08999998569488533 -0.358966079029788
v 0.14418469249850127 0.08999998569488533 -0.358966079029788
v 0.12446263965100157 0.08999998569488533 -0.35997688442380227
v 0.14418469249850127 0.13499998748302466 -0.358966079029788
v 0.12446263965100157 0.08999998569488533 -0.35997688442380227
v 0.12446263965100157 0.13499998748302466 -0.35997688442380227
v 0.14418469249850127 0.13499998748302466 -0.358966079029788
v 0.14418469249850127 0.13499998748302466 -0.358966079029788
v 0.12446263965100157 0.13499998748302466 -0.35997688442380227
v 0.14367843151023157 0.1491421207785607 -0.3531264678814384
v 0.12446263965100157 0.13499998748302466 -0.35997688442380227
v 0.12436923110165246 0.1491421207785607 -0.35411611351442823
v 0.14367843151023157 0.1491421207785607 -0.3531264678814384
v 0.14367843151023157 0.1491421207785607 -0.3531264678814384
v 0.12436923110165246 0.1491421207785607 -0.35411611351442823
v 0.14245621723496438 0.15499998331069953 -0.3390284116171768
v 0.12436923110165246 0.1491421207785607 -0.35411611351442823
v 0.12414369892466898 0.15499998331069953 -0.3399669768243369
v 0.14245621723496438 0.15499998331069953 -0.3390284116171768
v 0.12414369892466898 0.06999998614192016 -0.3399669768243369
v 0.10581057473018937 0.06999998614192016 -0.33961252426701294
v 0.12436923110165246 0.07585785053670413 -0.35411611351442823
v 0.10581057473018937 0.06999998614192016 -0.33961252426701294
v 0.10503829762309522 0.07585785053670413 -0.3537423694853353
v 0.12436923110165246 0.07585785053670413 -0.35411611351442823
v 0.12436923110165246 0.07585785053670413 -0.35411611351442823
v 0.10503829762309522 0.07585785053670413 -0.3537423694853353
v 0.12446263965100157 0.08999998569488533 -0.35997688442380227
v 0.10503829762309522 0.07585785053670413 -0.3537423694853353
v 0.1047184017727758 0.08999998569488533 -0.35959513959197326
v 0.12446263965100157 0.08999998569488533 -0.35997688442380227
v 0.12446263965100157 0.08999998569488533 -0.35997688442380227
v 0.1047184017727758 0.08999998569488533 -0.35959513959197326
v 0.12446263965100157 0.13499998748302466 -0.35997688442380227
v 0.1047184017727758 0.08999998569488533 -0.35959513959197326
v 0.1047184017727758 0.13499998748302466 -0.35959513959197326
v 0.12446263965100157 0.13499998748302466 -0.35997688442380227
v 0.12446263965100157 0.13499998748302466 -0.35997688442380227
v 0.1047184017727758 0.13499998748302466 -0.35959513959197326
v 0.12436923110165246 0.1491421207785607 -0.35411611351442823
v 0.1047184017727758 0.13499998748302466 -0.35959513959197326
v 0.10503829762309522 0.1491421207785607 -0.3537423694853353
v 0.12436923110165246 0.1491421207785607 -0.35411611351442823
v 0.12436923110165246 0.1491421207785607 -0.35411611351442823
v 0.10503829762309522 0.1491421207785607 -0.3537423694853353
v 0.12414369892466898 0.15499998331069953 -0.3399669768243369
v 0.10503829762309522 0.1491421207785607 -0.3537423694853353
v 0.10581057473018937 0.15499998331069953 -0.33961252426701294
v 0.12414369892466898 0.15499998331069953 -0.3399669768243369
v 0.10581057473018937 0.06999998614192016 -0.33961252426701294
v 0.08754802335333385 0.06999998614192016 -0.3379668050733458
v 0.10503829762309522 0.07585785053670413 -0.3537423694853353
v 0.08754802335333385 0.06999998614192016 -0.3379668050733458
v 0.08578177462782767 0.07585785053670413 -0.35200707955553756
v 0.10503829762309522 0.07585785053670413 -0.3537423694853353
v 0.10503829762309522 0.07585785053670413 -0.3537423694853353
v 0.08578177462782767 0.07585785053670413 -0.35200707955553756
v 0.1047184017727758 0.08999998569488533 -0.35959513959197326
v 0.08578177462782767 0.07585785053670413 -0.35200707955553756
v 0.08505017166165008 0.08999998569488533 -0.3578227542138179
v 0.1047184017727758 0.08999998569488533 -0.35959513959197326
v 0.1047184017727758 0.08999998569488533 -0.35959513959197326
v 0.08505017166165008 0.08999998569488533 -0.3578227542138179
v 0.1047184017727758 0.13499998748302466 -0.35959513959197326
v 0.08505017166165008 0.08999998569488533 -0.3578227542138179
v 0.08505017166165008 0.13499998748302466 -0.3578227542138179
v 0.1047184017727758 0.13499998748302466 -0.35959513959197326
v 0.1047184017727758 0.13499998748302466 -0.35959513959197326
v 0.08505017166165008 0.13499998748302466 -0.3578227542138179
v 0.10503829762309522 0.1491421207785607 -0.3537423694853353
v 0.08505017166165008 0.13499998748302466 -0.3578227542138179
v 0.08578177462782767 0.1491421207785607 -0.35200707955553756
v 0.10503829762309522 0.1491421207785607 -0.3537423694853353
v 0.10503829762309522 0.1491421207785607 -0.3537423694853353
v 0.08578177462782767 0.1491421207785607 -0.35200707955553756
v 0.10581057473018937 0.15499998331069953 -0.33961252426701294
v 0.08578177462782767 0.1491421207785607 -0.35200707955553756
v 0.08754802335333385 0.15499998331069953 -0.3379668050733458
v 0.10581057473018937 0.15499998331069953 -0.33961252426701294
v 0.08754802335333385 0.06999998614192016 -0.3379668050733458
v 0.06944688594647261 0.06999998614192016 -0.3350380016142765
v 0.08578177462782767 0.07585785053670413 -0.35200707955553756
v 0.06944688594647261 0.06999998614192016 -0.3350380016142765
v 0.06669544516001888 0.07585785053670413 -0.34891888216970945
v 0.08578177462782767 0.07585785053670413 -0.35200707955553756
v 0.08578177462782767 0.07585785053670413 -0.35200707955553756
v 0.06669544516001888 0.07585785053670413 -0.34891888216970945
v 0.08505017166165008 0.08999998569488533 -0.3578227542138179
v 0.06669544516001888 0.07585785053670413 -0.34891888216970945
v 0.06555577028335674 0.08999998569488533 -0.3546685151790157
v 0.08505017166165008 0.08999998569488533 -0.3578227542138179
v 0.08505017166165008 0.08999998569488533 -0.3578227542138179
v 0.06555577028335674 0.08999998569488533 -0.3546685151790157
v 0.08505017166165008 0.13499998748302466 -0.3578227542138179
v 0.06555577028335674 0.08999998569488533 -0.3546685151790157
v 0.06555577028335674 0.13499998748302466 -0.3546685151790157
v 0.08505017166165008 0.13499998748302466 -0.3578227542138179
v 0.08505017166165008 0.13499998748302466 -0.3578227542138179
v 0.06555577028335674 0.13499998748302466 -0.3546685151790157
v 0.08578177462782767 0.1491421207785607 -0.35200707955553756
v 0.06555577028335674 0.13499998748302466 -0.3546685151790157
v 0.06669544516001888 0.1491421207785607 -0.34891888216970945
v 0.08578177462782767 0.1491421207785607 -0.35200707955553756
v 0.08578177462782767 0.1491421207785607 -0.35200707955553756
v 0.06669544516001888 0.1491421207785607 -0.34891888216970945
v 0.08754802335333385 0.15499998331069953 -0.3379668050733458
v 0.06669544516001888 0.1491421207785607 -0.34891888216970945
v 0.06944688594647261 0.15499998331069953 -0.3350380016142765
v 0.08754802335333385 0.15499998331069953 -0.3379668050733458
v 0.06944688594647261 0.06999998614192016 -0.3350380016142765
v 0.051597193283658194 0.06999998614192016 -0.3308406928986064
v 0.06669544516001888 0.07585785053670413 -0.34891888216970945
v 0.051597193283658194 0.06999998614192016 -0.3308406928986064
v 0.04787424500736878 0.07585785053670413 -0.34449313021939243
v 0.06669544516001888 0.07585785053670413 -0.34891888216970945
v 0.06669544516001888 0.07585785053670413 -0.34891888216970945
v 0.04787424500736878 0.07585785053670413 -0.34449313021939243
v 0.06555577028335674 0.08999998569488533 -0.3546685151790157
v 0.04787424500736878 0.07585785053670413 -0.34449313021939243
v 0.04633216035506055 0.08999998569488533 -0.3501481510147091
v 0.06555577028335674 0.08999998569488533 -0.3546685151790157
v 0.06555577028335674 0.08999998569488533 -0.3546685151790157
v 0.04633216035506055 0.08999998569488533 -0.3501481510147091
v 0.06555577028335674 0.13499998748302466 -0.3546685151790157
v 0.04633216035506055 0.08999998569488533 -0.3501481510147091
v 0.04633216035506055 0.13499998748302466 -0.3501481510147091
v 0.06555577028335674 0.13499998748302466 -0.3546685151790157
v 0.06555577028335674 0.13499998748302466 -0.3546685151790157
v 0.04633216035506055 0.13499998748302466 -0.3501481510147091
v 0.06669544516001888 0.1491421207785607 -0.34891888216970945
v 0.04633216035506055 0.13499998748302466 -0.3501481510147091
v 0.04787424500736878 0.1491421207785607 -0.34449313021939243
v 0.06669544516001888 0.1491421207785607 -0.34891888216970945
v 0.06669544516001888 0.1491421207785607 -0.34891888216970945
v 0.04787424500736878 0.1491421207785607 -0.34449313021939243
v 0.06944688594647261 0.15499998331069953 -0.3350380016142765
v 0.04787424500736878 0.1491421207785607 -0.34449313021939243
v 0.051597193283658194 0.15499998331069953 -0.3308406928986064
v 0.06944688594647261 0.15499998331069953 -0.3350380016142765
v 0.051597193283658194 0.06999998614192016 -0.3308406928986064
v 0.03408771428860072 0.06999998614192016 -0.32539576236039325
v 0.04787424500736878 0.07585785053670413 -0.34449313021939243
v 0.03408771428860072 0.06999998614192016 -0.32539576236039325
v 0.029411792136827514 0.07585785053670413 -0.33875183993268265
v 0.04787424500736878 0.07585785053670413 -0.34449313021939243
v 0.04787424500736878 0.07585785053670413 -0.34449313021939243
v 0.029411792136827514 0.07585785053670413 -0.33875183993268265
v 0.04633216035506055 0.08999998569488533 -0.3501481510147091
v 0.029411792136827514 0.07585785053670413 -0.33875183993268265
v 0.0274749738301501 0.08999998569488533 -0.34428409889380046
v 0.04633216035506055 0.08999998569488533 -0.3501481510147091
v 0.04633216035506055 0.08999998569488533 -0.3501481510147091
v 0.0274749738301501 0.08999998569488533 -0.34428409889380046
v 0.04633216035506055 0.13499998748302466 -0.3501481510147091
v 0.0274749738301501 0.08999998569488533 -0.34428409889380046
v 0.0274749738301501 0.13499998748302466 -0.34428409889380046
v 0.04633216035506055 0.13499998748302466 -0.3501481510147091
v 0.04633216035506055 0.13499998748302466 -0.3501481510147091
v 0.0274749738301501 0.13499998748302466 -0.34428409889380046
v 0.04787424500736878 0.1491421207785607 -0.34449313021939243
v 0.0274749738301501 0.13499998748302466 -0.34428409889380046
v 0.029411792136827514 0.1491421207785607 -0.33875183993268265
v 0.04787424500736878 0.1491421207785607 -0.34449313021939243
v 0.04787424500736878 0.1491421207785607 -0.34449313021939243
v 0.029411792136827514 0.1491421207785607 -0.33875183993268265
v 0.051597193283658194 0.15499998331069953 -0.3308406928986064
v 0.029411792136827514 0.1491421207785607 -0.33875183993268265
v 0.03408771428860072 0.15499998331069953 -0.32539576236039325
v 0.051597193283658194 0.15499998331069953 -0.3308406928986064
v 0.03408771428860072 0.06999998614192016 -0.32539576236039325
v 0.017005553591030967 0.06999998614192016 -0.3187302669697965
v 0.029411792136827514 0.07585785053670413 -0.33875183993268265
v 0.017005553591030967 0.06999998614192016 -0.3187302669697965
v 0.011399909815636836 0.07585785053670413 -0.331723563225139
v 0.029411792136827514 0.07585785053670413 -0.33875183993268265
v 0.029411792136827514 0.07585785053670413 -0.33875183993268265
v 0.011399909815636836 0.07585785053670413 -0.331723563225139
v 0.0274749738301501 0.08999998569488533 -0.34428409889380046
v 0.011399909815636836 0.07585785053670413 -0.331723563225139
v 0.009077963344901102 0.08999998569488533 -0.33710558071614444
v 0.0274749738301501 0.08999998569488533 -0.34428409889380046
v 0.0274749738301501 0.08999998569488533 -0.34428409889380046
v 0.009077963344901102 0.08999998569488533 -0.33710558071614444
v 0.0274749738301501 0.13499998748302466 -0.34428409889380046
v 0.009077963344901102 0.08999998569488533 -0.33710558071614444
v 0.009077963344901102 0.13499998748302466 -0.33710558071614444
v 0.0274749738301501 0.13499998748302466 -0.34428409889380046
v 0.0274749738301501 0.13499998748302466 -0.34428409889380046
v 0.009077963344901102 0.13499998748302466 -0.33710558071614444
v 0.029411792136827514 0.1491421207785607 -0.33875183993268265
v 0.009077963344901102 0.13499998748302466 -0.33710558071614444
v 0.011399909815636836 0.1491421207785607 -0.331723563225139
v 0.029411792136827514 0.1491421207785607 -0.33875183993268265
v 0.029411792136827514 0.1491421207785607 -0.33875183993268265
v 0.011399909815636836 0.1491421207785607 -0.331723563225139
v 0.03408771428860072 0.15499998331069953 -0.32539576236039325
v 0.011399909815636836 0.1491421207785607 -0.331723563225139
v 0.017005553591030967 0.15499998331069953 -0.3187302669697965
v 0.03408771428860072 0.15499998331069953 -0.32539576236039325
v 0.017005553591030967 0.06999998614192016 -0.3187302669697965
v 0.0004356686639607338 0.06999998614192016 -0.31087737770893564
v 0.011399909815636836 0.07585785053670413 -0.331723563225139
v 0.0004356686639607338 0.06999998614192016 -0.31087737770893564
v -0.0060718371591536036 0.07585785053670413 -0.32344328707335057
v 0.011399909815636836 0.07585785053670413 -0.331723563225139
v 0.011399909815636836 0.07585785053670413 -0.331723563225139
v -0.0060718371591536036 0.07585785053670413 -0.32344328707335057
v 0.009077963344901102 0.08999998569488533 -0.33710558071614444
v -0.0060718371591536036 0.07585785053670413 -0.32344328707335057
v -0.008767326286183208 0.08999998569488533 -0.3286482519837359
v 0.009077963344901102 0.08999998569488533 -0.33710558071614444
v 0.009077963344901102 0.08999998569488533 -0.33710558071614444
v -0.008767326286183208 0.08999998569488533 -0.3286482519837359
v 0.009077963344901102 0.13499998748302466 -0.33710558071614444
v -0.008767326286183208 0.08999998569488533 -0.3286482519837359
v -0.008767326286183208 0.13499998748302466 -0.3286482519837359
v 0.009077963344901102 0.13499998748302466 -0.33710558071614444
v 0.009077963344901102 0.13499998748302466 -0.33710558071614444
v -0.008767326286183208 0.13499998748302466 -0.3286482519837359
v 0.011399909815636836 0.1491421207785607 -0.331723563225139
v -0.008767326286183208 0.13499998748302466 -0.3286482519837359
v -0.0060718371591536036 0.1491421207785607 -0.32344328707335057
v 0.011399909815636836 0.1491421207785607 -0.331723563225139
v 0.011399909815636836 0.1491421207785607 -0.331723563225139
v -0.0060718371591536036 0.1491421207785607 -0.32344328707335057
v 0.017005553591030967 0.15499998331069953 -0.3187302669697965
v -0.0060718371591536036 0.1491421207785607 -0.32344328707335057
v 0.0004356686639607338 0.15499998331069953 -0.31087737770893564
v 0.017005553591030967 0.15499998331069953 -0.3187302669697965
v 0.0004356686639607338 0.06999998614192016 -0.31087737770893564
v -0.015539542777900345 0.06999998614192016 -0.3018761695146358
v -0.0060718371591536036 0.07585785053670413 -0.32344328707335057
v -0.015539542777900345 0.06999998614192016 -0.3018761695146358
v -0.022916506885259397 0.07585785053670413 -0.31395214808933464
v -0.0060718371591536036 0.07585785053670413 -0.32344328707335057
v -0.0060718371591536036 0.07585785053670413 -0.32344328707335057
v -0.022916506885259397 0.07585785053670413 -0.31395214808933464
v -0.008767326286183208 0.08999998569488533 -0.3286482519837359
v -0.022916506885259397 0.07585785053670413 -0.31395214808933464
v -0.02597215209836276 0.08999998569488533 -0.31895419260701097
v -0.008767326286183208 0.08999998569488533 -0.3286482519837359
v -0.008767326286183208 0.08999998569488533 -0.3286482519837359
v -0.02597215209836276 0.08999998569488533 -0.31895419260701097
v -0.008767326286183208 0.13499998748302466 -0.3286482519837359
v -0.02597215209836276 0.08999998569488533 -0.31895419260701097
v -0.02597215209836276 0.13499998748302466 -0.31895419260701097
v -0.008767326286183208 0.13499998748302466 -0.3286482519837359
v -0.008767326286183208 0.13499998748302466 -0.3286482519837359
v -0.02597215209836276 0.13499998748302466 -0.31895419260701097
v -0.0060718371591536036 0.1491421207785607 -0.32344328707335057
v -0.02597215209836276 0.13499998748302466 -0.31895419260701097
v -0.022916506885259397 0.1491421207785607 -0.31395214808933464
v -0.0060718371591536036 0.1491421207785607 -0.32344328707335057
v -0.0060718371591536036 0.1491421207785607 -0.32344328707335057
v -0.022916506885259397 0.1491421207785607 -0.31395214808933464
v 0.0004356686639607338 0.15499998331069953 -0.31087737770893564
v -0.022916506885259397 0.1491421207785607 -0.31395214808933464
v -0.015539542777900345 0.15499998331069953 -0.3018761695146358
v 0.0004356686639607338 0.15499998331069953 -0.31087737770893564
v -0.015539542777900345 0.06999998614192016 -0.3018761695146358
v -0.030840597127495872 0.06999998614192016 -0.29177137885499327
v -0.022916506885259397 0.07585785053670413 -0.31395214808933464
v -0.030840597127495872 0.06999998614192016 -0.29177137885499327
v -0.03905033880620326 0.07585785053670413 -0.3032973754476621
v -0.022916506885259397 0.07585785053670413 -0.31395214808933464
v -0.022916506885259397 0.07585785053670413 -0.31395214808933464
v -0.03905033880620326 0.07585785053670413 -0.3032973754476621
v -0.02597215209836276 0.08999998569488533 -0.31895419260701097
v -0.03905033880620326 0.07585785053670413 -0.3032973754476621
v -0.04245093932286775 0.08999998569488533 -0.30807162016458456
v -0.02597215209836276 0.08999998569488533 -0.31895419260701097
v -0.02597215209836276 0.08999998569488533 -0.31895419260701097
v -0.04245093932286775 0.08999998569488533 -0.30807162016458456
v -0.02597215209836276 0.13499998748302466 -0.31895419260701097
v -0.04245093932286775 0.08999998569488533 -0.30807162016458456
v -0.04245093932286775 0.13499998748302466 -0.30807162016458456
v -0.02597215209836276 0.13499998748302466 -0.31895419260701097
v -0.02597215209836276 0.13499998748302466 -0.31895419260701097
v -0.04245093932286775 0.13499998748302466 -0.30807162016458456
v -0.022916506885259397 0.1491421207785607 -0.31395214808933464
v -0.04245093932286775 0.13499998748302466 -0.30807162016458456
v -0.03905033880620326 0.1491421207785607 -0.3032973754476621
v -0.022916506885259397 0.1491421207785607 -0.31395214808933464
v -0.022916506885259397 0.1491421207785607 -0.31395214808933464
v -0.03905033880620326 0.1491421207785607 -0.3032973754476621
v -0.015539542777900345 0.15499998331069953 -0.3018761695146358
v -0.03905033880620326 0.1491421207785607 -0.3032973754476621
v -0.030840597127495872 0.15499998331069953 -0.29177137885499327
v -0.015539542777900345 0.15499998331069953 -0.3018761695146358
v -0.030840597127495872 0.06999998614192016 -0.29177137885499327
v -0.0453913918132452 0.06999998614192016 -0.28061326483355364
v -0.03905033880620326 0.07585785053670413 -0.3032973754476621
v -0.0453913918132452 0.06999998614192016 -0.28061326483355364
v -0.054393098617943364 0.07585785053670413 -0.2915319827034622
v -0.03905033880620326 0.07585785053670413 -0.3032973754476621
v -0.03905033880620326 0.07585785053670413 -0.3032973754476621
v -0.054393098617943364 0.07585785053670413 -0.2915319827034622
v -0.04245093932286775 0.08999998569488533 -0.30807162016458456
v -0.054393098617943364 0.07585785053670413 -0.2915319827034622
v -0.05812172358164888 0.08999998569488533 -0.2960546596002203
v -0.04245093932286775 0.08999998569488533 -0.30807162016458456
v -0.04245093932286775 0.08999998569488533 -0.30807162016458456
v -0.05812172358164888 0.08999998569488533 -0.2960546596002203
v -0.04245093932286775 0.13499998748302466 -0.30807162016458456
v -0.05812172358164888 0.08999998569488533 -0.2960546596002203
v -0.05812172358164888 0.13499998748302466 -0.2960546596002203
v -0.04245093932286775 0.13499998748302466 -0.30807162016458456
v -0.04245093932286775 0.13499998748302466 -0.30807162016458456
v -0.05812172358164888 0.13499998748302466 -0.2960546596002203
v -0.03905033880620326 0.1491421207785607 -0.3032973754476621
v -0.05812172358164888 0.13499998748302466 -0.2960546596002203
v -0.054393098617943364 0.1491421207785607 -0.2915319827034622
v -0.03905033880620326 0.1491421207785607 -0.3032973754476621
v -0.03905033880620326 0.1491421207785607 -0.3032973754476621
v -0.054393098617943364 0.1491421207785607 -0.2915319827034622
v -0.030840597127495872 0.15499998331069953 -0.29177137885499327
v -0.054393098617943364 0.1491421207785607 -0.2915319827034622
v -0.0453913918132452 0.15499998331069953 -0.28061326483355364
v -0.030840597127495872 0.15499998331069953 -0.29177137885499327
v -0.0453913918132452 0.06999998614192016 -0.28061326483355364
v -0.059119571178199826 0.06999998614192016 -0.2684573588779136
v -0.054393098617943364 0.07585785053670413 -0.2915319827034622
v -0.059119571178199826 0.06999998614192016 -0.2684573588779136
v -0.06886846037248123 0.07585785053670413 -0.2787144702719422
v -0.054393098617943364 0.07585785053670413 -0.2915319827034622
v -0.054393098617943364 0.07585785053670413 -0.2915319827034622
v -0.06886846037248123 0.07585785053670413 -0.2787144702719422
v -0.05812172358164888 0.08999998569488533 -0.2960546596002203
v -0.06886846037248123 0.07585785053670413 -0.2787144702719422
v -0.07290657125822153 0.08999998569488533 -0.2829630917410006
v -0.05812172358164888 0.08999998569488533 -0.2960546596002203
v -0.05812172358164888 0.08999998569488533 -0.2960546596002203
v -0.07290657125822153 0.08999998569488533 -0.2829630917410006
v -0.05812172358164888 0.13499998748302466 -0.2960546596002203
v -0.07290657125822153 0.08999998569488533 -0.2829630917410006
v -0.07290657125822153 0.13499998748302466 -0.2829630917410006
v -0.05812172358164888 0.13499998748302466 -0.2960546596002203
v -0.05812172358164888 0.13499998748302466 -0.2960546596002203
v -0.07290657125822153 0.13499998748302466 -0.2829630917410006
v -0.054393098617943364 0.1491421207785607 -0.2915319827034622
v -0.07290657125822153 0.13499998748302466 -0.2829630917410006
v -0.06886846037248123 0.1491421207785607 -0.2787144702719422
v -0.054393098617943364 0.1491421207785607 -0.2915319827034622
v -0.054393098617943364 0.1491421207785607 -0.2915319827034622
v -0.06886846037248123 0.1491421207785607 -0.2787144702719422
v -0.0453913918132452 0.15499998331069953 -0.28061326483355364
v -0.06886846037248123 0.1491421207785607 -0.2787144702719422
v -0.059119571178199826 0.15499998331069953 -0.2684573588779136
v -0.0453913918132452 0.15499998331069953 -0.28061326483355364
v -0.059119571178199826 0.06999998614192016 -0.2684573588779136
v -0.07195684733952867 0.06999998614192016 -0.2553641007905859
v -0.06886846037248123 0.07585785053670413 -0.2787144702719422
v -0.07195684733952867 0.06999998614192016 -0.2553641007905859
v -0.08240442069947634 0.07585785053670413 -0.2649085781534715
v -0.06886846037248123 0.07585785053670413 -0.2787144702719422
v -0.06886846037248123 0.07585785053670413 -0.2787144702719422
v -0.08240442069947634 0.07585785053670413 -0.2649085781534715
v -0.07290657125822153 0.08999998569488533 -0.2829630917410006
v -0.08240442069947634 0.07585785053670413 -0.2649085781534715
v -0.08673194169900197 0.08999998569488533 -0.2688620332833853
v -0.07290657125822153 0.08999998569488533 -0.2829630917410006
v -0.07290657125822153 0.08999998569488533 -0.2829630917410006
v -0.08673194169900197 0.08999998569488533 -0.2688620332833853
v -0.07290657125822153 0.13499998748302466 -0.2829630917410006
v -0.08673194169900197 0.08999998569488533 -0.2688620332833853
v -0.08673194169900197 0.13499998748302466 -0.2688620332833853
v -0.07290657125822153 0.13499998748302466 -0.2829630917410006
v -0.07290657125822153 0.13499998748302466 -0.2829630917410006
v -0.08673194169900197 0.13499998748302466 -0.2688620332833853
v -0.06886846037248123 0.1491421207785607 -0.2787144702719422
v -0.08673194169900197 0.13499998748302466 -0.2688620332833853
v -0.08240442069947634 0.1491421207785607 -0.2649085781534715
v -0.06886846037248123 0.1491421207785607 -0.2787144702719422
v -0.06886846037248123 0.1491421207785607 -0.2787144702719422
v -0.08240442069947634 0.1491421207785607 -0.2649085781534715
v -0.059119571178199826 0.15499998331069953 -0.2684573588779136
v -0.08240442069947634 0.1491421207785607 -0.2649085781534715
v -0.07195684733952867 0.15499998331069953 -0.2553641007905859
v -0.059119571178199826 0.15499998331069953 -0.2684573588779136
v -0.07195684733952867 0.06999998614192016 -0.2553641007905859
v -0.08383936295169761 0.06999998614192016 -0.2413986086240248
v -0.08240442069947634 0.07585785053670413 -0.2649085781534715
v -0.08383936295169761 0.06999998614192016 -0.2413986086240248
v -0.09493366284649249 0.07585785053670413 -0.2501830007709121
v -0.08240442069947634 0.07585785053670413 -0.2649085781534715
v -0.08240442069947634 0.07585785053670413 -0.2649085781534715
v -0.09493366284649249 0.07585785053670413 -0.2501830007709121
v -0.08673194169900197 0.08999998569488533 -0.2688620332833853
v -0.09493366284649249 0.07585785053670413 -0.2501830007709121
v -0.0995290858429696 0.08999998569488533 -0.2538216279666491
v -0.08673194169900197 0.08999998569488533 -0.2688620332833853
v -0.08673194169900197 0.08999998569488533 -0.2688620332833853
v -0.0995290858429696 0.08999998569488533 -0.2538216279666491
v -0.08673194169900197 0.13499998748302466 -0.2688620332833853
v -0.0995290858429696 0.08999998569488533 -0.2538216279666491
v -0.0995290858429696 0.13499998748302466 -0.2538216279666491
v -0.08673194169900197 0.13499998748302466 -0.2688620332833853
v -0.08673194169900197 0.13499998748302466 -0.2688620332833853
v -0.0995290858429696 0.13499998748302466 -0.2538216279666491
v -0.08240442069947634 0.1491421207785607 -0.2649085781534715
v -0.0995290858429696 0.13499998748302466 -0.2538216279666491
v -0.09493366284649249 0.1491421207785607 -0.2501830007709121
v -0.08240442069947634 0.1491421207785607 -0.2649085781534715
v -0.08240442069947634 0.1491421207785607 -0.2649085781534715
v -0.09493366284649249 0.1491421207785607 -0.2501830007709121
v -0.07195684733952867 0.15499998331069953 -0.2553641007905859
v -0.09493366284649249 0.1491421207785607 -0.2501830007709121
v -0.08383936295169761 0.15499998331069953 -0.2413986086240248
v -0.07195684733952867 0.15499998331069953 -0.2553641007905859
v -0.08383936295169761 0.06999998614192016 -0.2413986086240248
v -0.09470802731494213 0.06999998614192016 -0.2266303584631037
v -0.09493366284649249 0.07585785053670413 -0.2501830007709121
v -0.09470802731494213 0.06999998614192016 -0.2266303584631037
v -0.10639386655845279 0.07585785053670413 -0.23461095831365103
v -0.09493366284649249 0.07585785053670413 -0.2501830007709121
v -0.09493366284649249 0.07585785053670413 -0.2501830007709121
v -0.10639386655845279 0.07585785053670413 -0.23461095831365103
v -0.0995290858429696 0.08999998569488533 -0.2538216279666491
v -0.10639386655845279 0.07585785053670413 -0.23461095831365103
v -0.11123431228786182 0.08999998569488533 -0.2379166478911785
v -0.0995290858429696 0.08999998569488533 -0.2538216279666491
v -0.0995290858429696 0.08999998569488533 -0.2538216279666491
v -0.11123431228786182 0.08999998569488533 -0.2379166478911785
v -0.0995290858429696 0.13499998748302466 -0.2538216279666491
v -0.11123431228786182 0.08999998569488533 -0.2379166478911785
v -0.11123431228786182 0.13499998748302466 -0.2379166478911785
v -0.0995290858429696 0.13499998748302466 -0.2538216279666491
v -0.0995290858429696 0.13499998748302466 -0.2538216279666491
v -0.11123431228786182 0.13499998748302466 -0.2379166478911785
v -0.09493366284649249 0.1491421207785607 -0.2501830007709121
v -0.11123431228786182 0.13499998748302466 -0.2379166478911785
v -0.10639386655845279 0.1491421207785607 -0.23461095831365103
v -0.09493366284649249 0.1491421207785607 -0.2501830007709121
v -0.09493366284649249 0.1491421207785607 -0.2501830007709121
v -0.10639386655845279 0.1491421207785607 -0.23461095831365103
v -0.08383936295169761 0.15499998331069953 -0.2413986086240248
v -0.10639386655845279 0.1491421207785607 -0.23461095831365103
v -0.09470802731494213 0.15499998331069953 -0.2266303584631037
v -0.08383936295169761 0.15499998331069953 -0.2413986086240248
v -0.09470802731494213 0.06999998614192016 -0.2266303584631037
v -0.10450876745271537 0.06999998614192016 -0.21113279599776563
v -0.10639386655845279 0.07585785053670413 -0.23461095831365103
v -0.10450876745271537 0.06999998614192016 -0.21113279599776563
v -0.11672803949146623 0.07585785053670413 -0.21826991584119665
v -0.10639386655845279 0.07585785053670413 -0.23461095831365103
v -0.10639386655845279 0.07585785053670413 -0.23461095831365103
v -0.11672803949146623 0.07585785053670413 -0.21826991584119665
v -0.11123431228786182 0.08999998569488533 -0.2379166478911785
v -0.11672803949146623 0.07585785053670413 -0.21826991584119665
v -0.1217894314892824 0.08999998569488533 -0.22122622573484896
v -0.11123431228786182 0.08999998569488533 -0.2379166478911785
v -0.11123431228786182 0.08999998569488533 -0.2379166478911785
v -0.1217894314892824 0.08999998569488533 -0.22122622573484896
v -0.11123431228786182 0.13499998748302466 -0.2379166478911785
v -0.1217894314892824 0.08999998569488533 -0.22122622573484896
v -0.1217894314892824 0.13499998748302466 -0.22122622573484896
v -0.11123431228786182 0.13499998748302466 -0.2379166478911785
v -0.11123431228786182 0.13499998748302466 -0.2379166478911785
v -0.1217894314892824 0.13499998748302466 -0.22122622573484896
v -0.10639386655845279 0.1491421207785607 -0.23461095831365103
v -0.1217894314892824 0.13499998748302466 -0.22122622573484896
v -0.11672803949146623 0.1491421207785607 -0.21826991584119665
v -0.10639386655845279 0.1491421207785607 -0.23461095831365103
v -0.10639386655845279 0.1491421207785607 -0.23461095831365103
v -0.11672803949146623 0.1491421207785607 -0.21826991584119665
v -0.09470802731494213 0.15499998331069953 -0.2266303584631037
v -0.11672803949146623 0.1491421207785607 -0.21826991584119665
v -0.10450876745271537 0.15499998331069953 -0.21113279599776563
v -0.09470802731494213 0.15499998331069953 -0.2266303584631037
v -0.10450876745271537 0.06999998614192016 -0.21113279599776563
v -0.11319285888094693 0.06999998614192016 -0.19498300190358536
v -0.11672803949146623 0.07585785053670413 -0.21826991584119665
v -0.11319285888094693 0.06999998614192016 -0.19498300190358536
v -0.12588477144761426 0.07585785053670413 -0.20124115658643943
v -0.11672803949146623 0.07585785053670413 -0.21826991584119665
v -0.11672803949146623 0.07585785053670413 -0.21826991584119665
v -0.12588477144761426 0.07585785053670413 -0.20124115658643943
v -0.1217894314892824 0.08999998569488533 -0.22122622573484896
v -0.12588477144761426 0.07585785053670413 -0.20124115658643943
v -0.13114192957638537 0.08999998569488533 -0.20383335669127253
v -0.1217894314892824 0.08999998569488533 -0.22122622573484896
v -0.1217894314892824 0.08999998569488533 -0.22122622573484896
v -0.13114192957638537 0.08999998569488533 -0.20383335669127253
v -0.1217894314892824 0.13499998748302466 -0.22122622573484896
v -0.13114192957638537 0.08999998569488533 -0.20383335669127253
v -0.13114192957638537 0.13499998748302466 -0.20383335669127253
v -0.1217894314892824 0.13499998748302466 -0.22122622573484896
v -0.1217894314892824 0.13499998748302466 -0.22122622573484896
v -0.13114192957638537 0.13499998748302466 -0.20383335669127253
v -0.11672803949146623 0.1491421207785607 -0.21826991584119665
v -0.13114192957638537 0.13499998748302466 -0.20383335669127253
v -0.12588477144761426 0.1491421207785607 -0.20124115658643943
v -0.11672803949146623 0.1491421207785607 -0.21826991584119665
v -0.11672803949146623 0.1491421207785607 -0.21826991584119665
v -0.12588477144761426 0.1491421207785607 -0.20124115658643943
v -0.10450876745271537 0.15499998331069953 -0.21113279599776563
v -0.12588477144761426 0.1491421207785607 -0.20124115658643943
v -0.11319285888094693 0.15499998331069953 -0.19498300190358536
v -0.10450876745271537 0.15499998331069953 -0.21113279599776563
v -0.11319285888094693 0.06999998614192016 -0.19498300190358536
v -0.12071708841440265 0.06999998614192016 -0.17826130963991355
v -0.12588477144761426 0.07585785053670413 -0.20124115658643943
v -0.12071708841440265 0.06999998614192016 -0.17826130963991355
v -0.13381851239663994 0.07585785053670413 -0.1836093570400864
v -0.12588477144761426 0.07585785053670413 -0.20124115658643943
v -0.12588477144761426 0.07585785053670413 -0.20124115658643943
v -0.13381851239663994 0.07585785053670413 -0.1836093570400864
v -0.13114192957638537 0.08999998569488533 -0.20383335669127253
v -0.13381851239663994 0.07585785053670413 -0.1836093570400864
v -0.1392453013857331 0.08999998569488533 -0.18582458035573307
v -0.13114192957638537 0.08999998569488533 -0.20383335669127253
v -0.13114192957638537 0.08999998569488533 -0.20383335669127253
v -0.1392453013857331 0.08999998569488533 -0.18582458035573307
v -0.13114192957638537 0.13499998748302466 -0.20383335669127253
v -0.1392453013857331 0.08999998569488533 -0.18582458035573307
v -0.1392453013857331 0.13499998748302466 -0.18582458035573307
v -0.13114192957638537 0.13499998748302466 -0.20383335669127253
v -0.13114192957638537 0.13499998748302466 -0.20383335669127253
v -0.1392453013857331 0.13499998748302466 -0.18582458035573307
v -0.12588477144761426 0.1491421207785607 -0.20124115658643943
v -0.1392453013857331 0.13499998748302466 -0.18582458035573307
v -0.13381851239663994 0.1491421207785607 -0.1836093570400864
v -0.12588477144761426 0.1491421207785607 -0.20124115658643943
v -0.12588477144761426 0.1491421207785607 -0.20124115658643943
v -0.13381851239663994 0.1491421207785607 -0.1836093570400864
v -0.11319285888094693 0.15499998331069953 -0.19498300190358536
v -0.13381851239663994 0.1491421207785607 -0.1836093570400864
v -0.12071708841440265 0.15499998331069953 -0.17826130963991355
v -0.11319285888094693 0.15499998331069953 -0.19498300190358536
v -0.12071708841440265 0.06999998614192016 -0.17826130963991355
v -0.12704403218837362 0.06999998614192016 -0.16105088053431105
v -0.13381851239663994 0.07585785053670413 -0.1836093570400864
v -0.12704403218837362 0.06999998614192016 -0.16105088053431105
v -0.14048982428068713 0.07585785053670413 -0.16546221608041342
v -0.13381851239663994 0.07585785053670413 -0.1836093570400864
v -0.13381851239663994 0.07585785053670413 -0.1836093570400864
v -0.14048982428068713 0.07585785053670413 -0.16546221608041342
v -0.1392453013857331 0.08999998569488533 -0.18582458035573307
v -0.14048982428068713 0.07585785053670413 -0.16546221608041342
v -0.14605924660929903 0.08999998569488533 -0.16728944933040352
v -0.1392453013857331 0.08999998569488533 -0.18582458035573307
v -0.1392453013857331 0.08999998569488533 -0.18582458035573307
v -0.14605924660929903 0.08999998569488533 -0.16728944933040352
v -0.1392453013857331 0.13499998748302466 -0.18582458035573307
v -0.14605924660929903 0.08999998569488533 -0.16728944933040352
v -0.14605924660929903 0.13499998748302466 -0.16728944933040352
v -0.1392453013857331 0.13499998748302466 -0.18582458035573307
v -0.1392453013857331 0.13499998748302466 -0.18582458035573307
v -0.14605924660929903 0.13499998748302466 -0.16728944933040352
v -0.13381851239663994 0.1491421207785607 -0.1836093570400864
v -0.14605924660929903 0.13499998748302466 -0.16728944933040352
v -0.14048982428068713 0.1491421207785607 -0.16546221608041342
v -0.13381851239663994 0.1491421207785607 -0.1836093570400864
v -0.13381851239663994 0.1491421207785607 -0.1836093570400864
v -0.14048982428068713 0.1491421207785607 -0.16546221608041342
v -0.12071708841440265 0.15499998331069953 -0.17826130963991355
v -0.14048982428068713 0.1491421207785607 -0.16546221608041342
v -0.12704403218837362 0.15499998331069953 -0.16105088053431105
v -0.12071708841440265 0.15499998331069953 -0.17826130963991355
v -0.12704403218837362 0.06999998614192016 -0.16105088053431105
v -0.13214223917732343 0.06999998614192016 -0.1434373254653242
v -0.14048982428068713 0.07585785053670413 -0.16546221608041342
v -0.13214223917732343 0.06999998614192016 -0.1434373254653242
v -0.14586550175151786 0.07585785053670413 -0.14689001127911422
v -0.14048982428068713 0.07585785053670413 -0.16546221608041342
v -0.14048982428068713 0.07585785053670413 -0.16546221608041342
v -0.14586550175151786 0.07585785053670413 -0.14689001127911422
v -0.14605924660929903 0.08999998569488533 -0.16728944933040352
v -0.14586550175151786 0.07585785053670413 -0.14689001127911422
v -0.1515498555777141 0.08999998569488533 -0.14832016741249407
v -0.14605924660929903 0.08999998569488533 -0.16728944933040352
v -0.14605924660929903 0.08999998569488533 -0.16728944933040352
v -0.1515498555777141 0.08999998569488533 -0.14832016741249407
v -0.14605924660929903 0.13499998748302466 -0.16728944933040352
v -0.1515498555777141 0.08999998569488533 -0.14832016741249407
v -0.1515498555777141 0.13499998748302466 -0.14832016741249407
v -0.14605924660929903 0.13499998748302466 -0.16728944933040352
v -0.14605924660929903 0.13499998748302466 -0.16728944933040352
v -0.1515498555777141 0.13499998748302466 -0.14832016741249407
v -0.14048982428068713 0.1491421207785607 -0.16546221608041342
v -0.1515498555777141 0.13499998748302466 -0.14832016741249407
v -0.14586550175151786 0.1491421207785607 -0.14689001127911422
v -0.14048982428068713 0.1491421207785607 -0.16546221608041342
v -0.14048982428068713 0.1491421207785607 -0.16546221608041342
v -0.14586550175151786 0.1491421207785607 -0.14689001127911422
v -0.12704403218837362 0.15499998331069953 -0.16105088053431105
v -0.14586550175151786 0.1491421207785607 -0.14689001127911422
v -0.13214223917732343 0.15499998331069953 -0.1434373254653242
v -0.12704403218837362 0.15499998331069953 -0.16105088053431105
v -0.13214223917732343 0.06999998614192016 -0.1434373254653242
v -0.13598632895521856 0.06999998614192016 -0.12550824077832973
v -0.14586550175151786 0.07585785053670413 -0.14689001127911422
v -0.13598632895521856 0.06999998614192016 -0.12550824077832973
v -0.1499188081230584 0.07585785053670413 -0.12798511249343986
v -0.14586550175151786 0.07585785053670413 -0.14689001127911422
v -0.14586550175151786 0.07585785053670413 -0.14689001127911422
v -0.1499188081230584 0.07585785053670413 -0.12798511249343986
v -0.1515498555777141 0.08999998569488533 -0.14832016741249407
v -0.1499188081230584 0.07585785053670413 -0.12798511249343986
v -0.1556898322697864 0.08999998569488533 -0.12901105787718575
v -0.1515498555777141 0.08999998569488533 -0.14832016741249407
v -0.1515498555777141 0.08999998569488533 -0.14832016741249407
v -0.1556898322697864 0.08999998569488533 -0.12901105787718575
v -0.1515498555777141 0.13499998748302466 -0.14832016741249407
v -0.1556898322697864 0.08999998569488533 -0.12901105787718575
v -0.1556898322697864 0.13499998748302466 -0.12901105787718575
v -0.1515498555777141 0.13499998748302466 -0.14832016741249407
v -0.1515498555777141 0.13499998748302466 -0.14832016741249407
v -0.1556898322697864 0.13499998748302466 -0.12901105787718575
v -0.14586550175151786 0.1491421207785607 -0.14689001127911422
v -0.1556898322697864 0.13499998748302466 -0.12901105787718575
v -0.1499188081230584 0.1491421207785607 -0.12798511249343986
v -0.14586550175151786 0.1491421207785607 -0.14689001127911422
v -0.14586550175151786 0.1491421207785607 -0.14689001127911422
v -0.1499188081230584 0.1491421207785607 -0.12798511249343986
v -0.13214223917732343 0.15499998331069953 -0.1434373254653242
v -0.1499188081230584 0.1491421207785607 -0.12798511249343986
v -0.13598632895521856 0.15499998331069953 -0.12550824077832973
v -0.13214223917732343 0.15499998331069953 -0.1434373254653242
v -0.13598632895521856 0.06999998614192016 -0.12550824077832973
v -0.13855719366186436 0.06999998614192016 -0.1073528173475672
v -0.1499188081230584 0.07585785053670413 -0.12798511249343986
v -0.13855719366186436 0.06999998614192016 -0.1073528173475672
v -0.15262960225784628 0.07585785053670413 -0.10884153396513338
v -0.1499188081230584 0.07585785053670413 -0.12798511249343986
v -0.1499188081230584 0.07585785053670413 -0.12798511249343986
v -0.15262960225784628 0.07585785053670413 -0.10884153396513338
v -0.1556898322697864 0.08999998569488533 -0.12901105787718575
v -0.15262960225784628 0.07585785053670413 -0.10884153396513338
v -0.1584585849481383 0.08999998569488533 -0.10945819454108507
v -0.1556898322697864 0.08999998569488533 -0.12901105787718575
v -0.1556898322697864 0.08999998569488533 -0.12901105787718575
v -0.1584585849481383 0.08999998569488533 -0.10945819454108507
v -0.1556898322697864 0.13499998748302466 -0.12901105787718575
v -0.1584585849481383 0.08999998569488533 -0.10945819454108507
v -0.1584585849481383 0.13499998748302466 -0.10945819454108507
v -0.1556898322697864 0.13499998748302466 -0.12901105787718575
v -0.1556898322697864 0.13499998748302466 -0.12901105787718575
v -0.1584585849481383 0.13499998748302466 -0.10945819454108507
v -0.1499188081230584 0.1491421207785607 -0.12798511249343986
v -0.1584585849481383 0.13499998748302466 -0.10945819454108507
v -0.15262960225784628 0.1491421207785607 -0.10884153396513338
v -0.1499188081230584 0.1491421207785607 -0.12798511249343986
v -0.1499188081230584 0.1491421207785607 -0.12798511249343986
v -0.15262960225784628 0.1491421207785607 -0.10884153396513338
v -0.13598632895521856 0.15499998331069953 -0.12550824077832973
v -0.15262960225784628 0.1491421207785607 -0.10884153396513338
v -0.13855719366186436 0.15499998331069953 -0.1073528173475672
v -0.13598632895521856 0.15499998331069953 -0.12550824077832973
v -0.13855719366186436 0.06999998614192016 -0.1073528173475672
v -0.1398420498094624 0.06999998614192016 -0.08906133571197683
v -0.15262960225784628 0.07585785053670413 -0.10884153396513338
v -0.1398420498094624 0.06999998614192016 -0.08906133571197683
v -0.15398439554735294 0.07585785053670413 -0.0895545161900485
v -0.15262960225784628 0.07585785053670413 -0.10884153396513338
v -0.15262960225784628 0.07585785053670413 -0.10884153396513338
v -0.15398439554735294 0.07585785053670413 -0.0895545161900485
v -0.1584585849481383 0.08999998569488533 -0.10945819454108507
v -0.15398439554735294 0.07585785053670413 -0.0895545161900485
v -0.15984233881349175 0.08999998569488533 -0.08975880110588504
v -0.1584585849481383 0.08999998569488533 -0.10945819454108507
v -0.1584585849481383 0.08999998569488533 -0.10945819454108507
v -0.15984233881349175 0.08999998569488533 -0.08975880110588504
v -0.1584585849481383 0.13499998748302466 -0.10945819454108507
v -0.15984233881349175 0.08999998569488533 -0.08975880110588504
v -0.15984233881349175 0.13499998748302466 -0.08975880110588504
v -0.1584585849481383 0.13499998748302466 -0.10945819454108507
v -0.1584585849481383 0.13499998748302466 -0.10945819454108507
v -0.15984233881349175 0.13499998748302466 -0.08975880110588504
v -0.15262960225784628 0.1491421207785607 -0.10884153396513338
v -0.15984233881349175 0.13499998748302466 -0.08975880110588504
v -0.15398439554735294 0.1491421207785607 -0.0895545161900485
v -0.15262960225784628 0.1491421207785607 -0.10884153396513338
v -0.15262960225784628 0.1491421207785607 -0.10884153396513338
v -0.15398439554735294 0.1491421207785607 -0.0895545161900485
v -0.13855719366186436 0.15499998331069953 -0.1073528173475672
v -0.15398439554735294 0.1491421207785607 -0.0895545161900485
v -0.1398420498094624 0.15499998331069953 -0.08906133571197683
v -0.13855719366186436 0.15499998331069953 -0.1073528173475672
v -0.1398420498094624 0.06999998614192016 -0.08906133571197683
v -0.13983450820595994 0.06999998614192016 -0.07072479325402337
v -0.15398439554735294 0.07585785053670413 -0.0895545161900485
v -0.13983450820595994 0.06999998614192016 -0.07072479325402337
v -0.15397643608472034 0.07585785053670413 -0.07021996280175515
v -0.15398439554735294 0.07585785053670413 -0.0895545161900485
v -0.15398439554735294 0.07585785053670413 -0.0895545161900485
v -0.15397643608472034 0.07585785053670413 -0.07021996280175515
v -0.15984233881349175 0.08999998569488533 -0.08975880110588504
v -0.15397643608472034 0.07585785053670413 -0.07021996280175515
v -0.15983421822647648 0.08999998569488533 -0.0700108699233608
v -0.15984233881349175 0.08999998569488533 -0.08975880110588504
v -0.15984233881349175 0.08999998569488533 -0.08975880110588504
v -0.15983421822647648 0.08999998569488533 -0.0700108699233608
v -0.15984233881349175 0.13499998748302466 -0.08975880110588504
v -0.15983421822647648 0.08999998569488533 -0.0700108699233608
v -0.15983421822647648 0.13499998748302466 -0.0700108699233608
v -0.15984233881349175 0.13499998748302466 -0.08975880110588504
v -0.15984233881349175 0.13499998748302466 -0.08975880110588504
v -0.15983421822647648 0.13499998748302466 -0.0700108699233608
v -0.15398439554735294 0.1491421207785607 -0.0895545161900485
v -0.15983421822647648 0.13499998748302466 -0.0700108699233608
v -0.15397643608472034 0.1491421207785607 -0.07021996280175515
v -0.15398439554735294 0.1491421207785607 -0.0895545161900485
v -0.15398439554735294 0.1491421207785607 -0.0895545161900485
v -0.15397643608472034 0.1491421207785607 -0.07021996280175515
v -0.1398420498094624 0.15499998331069953 -0.08906133571197683
v -0.15397643608472034 0.1491421207785607 -0.07021996280175515
v -0.13983450820595994 0.15499998331069953 -0.07072479325402337
v -0.1398420498094624 0.15499998331069953 -0.08906133571197683
v -0.13983450820595994 0.06999998614192016 -0.07072479325402337
v -0.1385345882216628 0.06999998614192016 -0.05243437085398539
v -0.15397643608472034 0.07585785053670413 -0.07021996280175515
v -0.1385345882216628 0.06999998614192016 -0.05243437085398539
v -0.15260577858811053 0.07585785053670413 -0.05093406775036362
v -0.15397643608472034 0.07585785053670413 -0.07021996280175515
v -0.15397643608472034 0.07585785053670413 -0.07021996280175515
v -0.15260577858811053 0.07585785053670413 -0.05093406775036362
v -0.15983421822647648 0.08999998569488533 -0.0700108699233608
v -0.15260577858811053 0.07585785053670413 -0.05093406775036362
v -0.15843425256041466 0.08999998569488533 -0.050312616351199727
v -0.15983421822647648 0.08999998569488533 -0.0700108699233608
v -0.15983421822647648 0.08999998569488533 -0.0700108699233608
v -0.15843425256041466 0.08999998569488533 -0.050312616351199727
v -0.15983421822647648 0.13499998748302466 -0.0700108699233608
v -0.15843425256041466 0.08999998569488533 -0.050312616351199727
v -0.15843425256041466 0.13499998748302466 -0.050312616351199727
v -0.15983421822647648 0.13499998748302466 -0.0700108699233608
v -0.15983421822647648 0.13499998748302466 -0.0700108699233608
v -0.15843425256041466 0.13499998748302466 -0.050312616351199727
v -0.15397643608472034 0.1491421207785607 -0.07021996280175515
v -0.15843425256041466 0.13499998748302466 -0.050312616351199727
v -0.15260577858811053 0.1491421207785607 -0.05093406775036362
v -0.15397643608472034 0.1491421207785607 -0.07021996280175515
v -0.15397643608472034 0.1491421207785607 -0.07021996280175515
v -0.15260577858811053 0.1491421207785607 -0.05093406775036362
v -0.13983450820595994 0.15499998331069953 -0.07072479325402337
v -0.15260577858811053 0.1491421207785607 -0.05093406775036362
v -0.1385345882216628 0.15499998331069953 -0.05243437085398539
v -0.13983450820595994 0.15499998331069953 -0.07072479325402337
v -0.1385345882216628 0.06999998614192016 -0.05243437085398539
v -0.1359487877125849 0.06999998614192016 -0.034281060068779345
v -0.15260577858811053 0.07585785053670413 -0.05093406775036362
v -0.1359487877125849 0.06999998614192016 -0.034281060068779345
v -0.1498792277943436 0.07585785053670413 -0.03179273114294599
v -0.15260577858811053 0.07585785053670413 -0.05093406775036362
v -0.15260577858811053 0.07585785053670413 -0.05093406775036362
v -0.1498792277943436 0.07585785053670413 -0.03179273114294599
v -0.15843425256041466 0.08999998569488533 -0.050312616351199727
v -0.1498792277943436 0.07585785053670413 -0.03179273114294599
v -0.155649395641699 0.08999998569488533 -0.030762032141071288
v -0.15843425256041466 0.08999998569488533 -0.050312616351199727
v -0.15843425256041466 0.08999998569488533 -0.050312616351199727
v -0.155649395641699 0.08999998569488533 -0.030762032141071288
v -0.15843425256041466 0.13499998748302466 -0.050312616351199727
v -0.155649395641699 0.08999998569488533 -0.030762032141071288
v -0.155649395641699 0.13499998748302466 -0.030762032141071288
v -0.15843425256041466 0.13499998748302466 -0.050312616351199727
v -0.15843425256041466 0.13499998748302466 -0.050312616351199727
v -0.155649395641699 0.13499998748302466 -0.030762032141071288
v -0.15260577858811053 0.1491421207785607 -0.05093406775036362
v -0.155649395641699 0.13499998748302466 -0.030762032141071288
v -0.1498792277943436 0.1491421207785607 -0.03179273114294599
v -0.15260577858811053 0.1491421207785607 -0.05093406775036362
v -0.15260577858811053 0.1491421207785607 -0.05093406775036362
v -0.1498792277943436 0.1491421207785607 -0.03179273114294599
v -0.1385345882216628 0.15499998331069953 -0.05243437085398539
v -0.1498792277943436 0.1491421207785607 -0.03179273114294599
v -0.1359487877125849 0.15499998331069953 -0.034281060068779345
v -0.1385345882216628 0.15499998331069953 -0.05243437085398539
v -0.1359487877125849 0.06999998614192016 -0.034281060068779345
v -0.132089932233328 0.06999998614192016 -0.016355152432238784
v -0.1498792277943436 0.07585785053670413 -0.03179273114294599
v -0.132089932233328 0.06999998614192016 -0.016355152432238784
v -0.14581035854384344 0.07585785053670413 -0.012891166354640202
v -0.1498792277943436 0.07585785053670413 -0.03179273114294599
v -0.1498792277943436 0.07585785053670413 -0.03179273114294599
v -0.14581035854384344 0.07585785053670413 -0.012891166354640202
v -0.155649395641699 0.08999998569488533 -0.030762032141071288
v -0.14581035854384344 0.07585785053670413 -0.012891166354640202
v -0.15149352351103262 0.08999998569488532 -0.01145635435751527
v -0.155649395641699 0.08999998569488533 -0.030762032141071288
v -0.155649395641699 0.08999998569488533 -0.030762032141071288
v -0.15149352351103262 0.08999998569488532 -0.01145635435751527
v -0.155649395641699 0.13499998748302466 -0.030762032141071288
v -0.15149352351103262 0.08999998569488532 -0.01145635435751527
v -0.15149352351103262 0.13499998748302466 -0.01145635435751527
v -0.155649395641699 0.13499998748302466 -0.030762032141071288
v -0.155649395641699 0.13499998748302466 -0.030762032141071288
v -0.15149352351103262 0.13499998748302466 -0.01145635435751527
v -0.1498792277943436 0.1491421207785607 -0.03179273114294599
v -0.15149352351103262 0.13499998748302466 -0.01145635435751527
v -0.14581035854384344 0.1491421207785607 -0.012891166354640202
v -0.1498792277943436 0.1491421207785607 -0.03179273114294599
v -0.1498792277943436 0.1491421207785607 -0.03179273114294599
v -0.14581035854384344 0.1491421207785607 -0.012891166354640202
v -0.1359487877125849 0.15499998331069953 -0.034281060068779345
v -0.14581035854384344 0.1491421207785607 -0.012891166354640202
v -0.132089932233328 0.15499998331069953 -0.016355152432238784
v -0.1359487877125849 0.15499998331069953 -0.034281060068779345
v -0.132089932233328 0.06999998614192016 -0.016355152432238784
v -0.12697723169512104 0.06999998614192016 0.0012542055367844168
v -0.14581035854384344 0.07585785053670413 -0.012891166354640202
v -0.12697723169512104 0.06999998614192016 0.0012542055367844168
v -0.14041938570580526 0.07585785053670413 0.0056766067864403025
v -0.14581035854384344 0.07585785053670413 -0.012891166354640202
v -0.14581035854384344 0.07585785053670413 -0.012891166354640202
v -0.14041938570580526 0.07585785053670413 0.0056766067864403025
v -0.15149352351103262 0.08999998569488532 -0.01145635435751527
v -0.14041938570580526 0.07585785053670413 0.0056766067864403025
v -0.14598730467087995 0.08999998569488532 0.007508414575631575
v -0.15149352351103262 0.08999998569488532 -0.01145635435751527
v -0.15149352351103262 0.08999998569488532 -0.01145635435751527
v -0.14598730467087995 0.08999998569488532 0.007508414575631575
v -0.15149352351103262 0.13499998748302466 -0.01145635435751527
v -0.14598730467087995 0.08999998569488532 0.007508414575631575
v -0.14598730467087995 0.13499998748302466 0.007508414575631575
v -0.15149352351103262 0.13499998748302466 -0.01145635435751527
v -0.15149352351103262 0.13499998748302466 -0.01145635435751527
v -0.14598730467087995 0.13499998748302466 0.007508414575631575
v -0.14581035854384344 0.1491421207785607 -0.012891166354640202
v -0.14598730467087995 0.13499998748302466 0.007508414575631575
v -0.14041938570580526 0.1491421207785607 0.0056766067864403025
v -0.14581035854384344 0.1491421207785607 -0.012891166354640202
v -0.14581035854384344 0.1491421207785607 -0.012891166354640202
v -0.14041938570580526 0.1491421207785607 0.0056766067864403025
v -0.132089932233328 0.15499998331069953 -0.016355152432238784
v -0.14041938570580526 0.1491421207785607 0.0056766067864403025
v -0.12697723169512104 0.15499998331069953 0.0012542055367844168
v -0.132089932233328 0.15499998331069953 -0.016355152432238784
v -0.12697723169512104 0.06999998614192016 0.0012542055367844168
v -0.12063611436246191 0.06999998614192016 0.018459413323473506
v -0.14041938570580526 0.07585785053670413 0.0056766067864403025
v -0.12063611436246191 0.06999998614192016 0.018459413323473506
v -0.13373315837708843 0.07585785053670413 0.02381824550651386
v -0.14041938570580526 0.07585785053670413 0.0056766067864403025
v -0.14041938570580526 0.07585785053670413 0.0056766067864403025
v -0.13373315837708843 0.07585785053670413 0.02381824550651386
v -0.14598730467087995 0.08999998569488532 0.007508414575631575
v -0.13373315837708843 0.07585785053670413 0.02381824550651386
v -0.13915812049360565 0.08999998569488532 0.026037939899571705
v -0.14598730467087995 0.08999998569488532 0.007508414575631575
v -0.14598730467087995 0.08999998569488532 0.007508414575631575
v -0.13915812049360565 0.08999998569488532 0.026037939899571705
v -0.14598730467087995 0.13499998748302466 0.007508414575631575
v -0.13915812049360565 0.08999998569488532 0.026037939899571705
v -0.13915812049360565 0.13499998748302466 0.026037939899571705
v -0.14598730467087995 0.13499998748302466 0.007508414575631575
v -0.14598730467087995 0.13499998748302466 0.007508414575631575
v -0.13915812049360565 0.13499998748302466 0.026037939899571705
v -0.14041938570580526 0.1491421207785607 0.0056766067864403025
v -0.13915812049360565 0.13499998748302466 0.026037939899571705
v -0.13373315837708843 0.1491421207785607 0.02381824550651386
v -0.14041938570580526 0.1491421207785607 0.0056766067864403025
v -0.14041938570580526 0.1491421207785607 0.0056766067864403025
v -0.13373315837708843 0.1491421207785607 0.02381824550651386
v -0.12697723169512104 0.15499998331069953 0.0012542055367844168
v -0.13373315837708843 0.1491421207785607 0.02381824550651386
v -0.12063611436246191 0.15499998331069953 0.018459413323473506
v -0.12697723169512104 0.15499998331069953 0.0012542055367844168
v -0.12063611436246191 0.06999998614192016 0.018459413323473506
v -0.11309813609940253 0.06999998614192016 0.03517491853749111
v -0.13373315837708843 0.07585785053670413 0.02381824550651386
v -0.11309813609940253 0.06999998614192016 0.03517491853749111
v -0.1257848903174204 0.07585785053670413 0.041443504498336795
v -0.13373315837708843 0.07585785053670413 0.02381824550651386
v -0.13373315837708843 0.07585785053670413 0.02381824550651386
v -0.1257848903174204 0.07585785053670413 0.041443504498336795
v -0.13915812049360565 0.08999998569488532 0.026037939899571705
v -0.1257848903174204 0.07585785053670413 0.041443504498336795
v -0.13103990245817915 0.08999998569488532 0.044040029944922024
v -0.13915812049360565 0.08999998569488532 0.026037939899571705
v -0.13915812049360565 0.08999998569488532 0.026037939899571705
v -0.13103990245817915 0.08999998569488532 0.044040029944922024
v -0.13915812049360565 0.13499998748302466 0.026037939899571705
v -0.13103990245817915 0.08999998569488532 0.044040029944922024
v -0.13103990245817915 0.13499998748302466 0.044040029944922024
v -0.13915812049360565 0.13499998748302466 0.026037939899571705
v -0.13915812049360565 0.13499998748302466 0.026037939899571705
v -0.13103990245817915 0.13499998748302466 0.044040029944922024
v -0.13373315837708843 0.1491421207785607 0.02381824550651386
v -0.13103990245817915 0.13499998748302466 0.044040029944922024
v -0.1257848903174204 0.1491421207785607 0.041443504498336795
v -0.13373315837708843 0.1491421207785607 0.02381824550651386
v -0.13373315837708843 0.1491421207785607 0.02381824550651386
v -0.1257848903174204 0.1491421207785607 0.041443504498336795
v -0.12063611436246191 0.15499998331069953 0.018459413323473506
v -0.1257848903174204 0.1491421207785607 0.041443504498336795
v -0.11309813609940253 0.15499998331069953 0.03517491853749111
v -0.12063611436246191 0.15499998331069953 0.018459413323473506
v -0.11309813609940253 0.06999998614192016 0.03517491853749111
v -0.10440075319617939 0.06999998614192016 0.05131754897137299
v -0.1257848903174204 0.07585785053670413 0.041443504498336795
v -0.10440075319617939 0.06999998614192016 0.05131754897137299
v -0.11661414678618948 0.07585785053670413 0.05846473018966229
v -0.1257848903174204 0.07585785053670413 0.041443504498336795
v -0.1257848903174204 0.07585785053670413 0.041443504498336795
v -0.11661414678618948 0.07585785053670413 0.05846473018966229
v -0.13103990245817915 0.08999998569488532 0.044040029944922024
v -0.11661414678618948 0.07585785053670413 0.05846473018966229
v -0.12167310887684299 0.08999998569488532 0.061425197958973346
v -0.13103990245817915 0.08999998569488532 0.044040029944922024
v -0.13103990245817915 0.08999998569488532 0.044040029944922024
v -0.12167310887684299 0.08999998569488532 0.061425197958973346
v -0.13103990245817915 0.13499998748302466 0.044040029944922024
v -0.12167310887684299 0.08999998569488532 0.061425197958973346
v -0.12167310887684299 0.13499998748302466 0.061425197958973346
v -0.13103990245817915 0.13499998748302466 0.044040029944922024
v -0.13103990245817915 0.13499998748302466 0.044040029944922024
v -0.12167310887684299 0.13499998748302466 0.061425197958973346
v -0.1257848903174204 0.1491421207785607 0.041443504498336795
v -0.12167310887684299 0.13499998748302466 0.061425197958973346
v -0.11661414678618948 0.1491421207785607 0.05846473018966229
v -0.1257848903174204 0.1491421207785607 0.041443504498336795
v -0.1257848903174204 0.1491421207785607 0.041443504498336795
v -0.11661414678618948 0.1491421207785607 0.05846473018966229
v -0.11309813609940253 0.15499998331069953 0.03517491853749111
v -0.11661414678618948 0.1491421207785607 0.05846473018966229
v -0.10440075319617939 0.15499998331069953 0.05131754897137299
v -0.11309813609940253 0.15499998331069953 0.03517491853749111
v -0.10440075319617939 0.06999998614192016 0.05131754897137299
v -0.09458725200550266 0.06999998614192016 0.0668070376978588
v -0.11661414678618948 0.07585785053670413 0.05846473018966229
v -0.09458725200550266 0.06999998614192016 0.0668070376978588
v -0.1062665328236288 0.07585785053670413 0.07479726360049795
v -0.11661414678618948 0.07585785053670413 0.05846473018966229
v -0.11661414678618948 0.07585785053670413 0.05846473018966229
v -0.1062665328236288 0.07585785053670413 0.07479726360049795
v -0.12167310887684299 0.08999998569488532 0.061425197958973346
v -0.1062665328236288 0.07585785053670413 0.07479726360049795
v -0.11110425467034149 0.08999998569488532 0.07810692718435285
v -0.12167310887684299 0.08999998569488532 0.061425197958973346
v -0.12167310887684299 0.08999998569488532 0.061425197958973346
v -0.11110425467034149 0.08999998569488532 0.07810692718435285
v -0.12167310887684299 0.13499998748302466 0.061425197958973346
v -0.11110425467034149 0.08999998569488532 0.07810692718435285
v -0.11110425467034149 0.13499998748302466 0.07810692718435285
v -0.12167310887684299 0.13499998748302466 0.061425197958973346
v -0.12167310887684299 0.13499998748302466 0.061425197958973346
v -0.11110425467034149 0.13499998748302466 0.07810692718435285
v -0.11661414678618948 0.1491421207785607 0.05846473018966229
v -0.11110425467034149 0.13499998748302466 0.07810692718435285
v -0.1062665328236288 0.1491421207785607 0.07479726360049797
v -0.11661414678618948 0.1491421207785607 0.05846473018966229
v -0.11661414678618948 0.1491421207785607 0.05846473018966229
v -0.1062665328236288 0.1491421207785607 0.07479726360049797
v -0.10440075319617939 0.15499998331069953 0.05131754897137299
v -0.1062665328236288 0.1491421207785607 0.07479726360049797
v -0.09458725200550266 0.15499998331069953 0.0668070376978588
v -0.10440075319617939 0.15499998331069953 0.05131754897137299
v -0.09458725200550266 0.06999998614192016 0.0668070376978588
v -0.08370644134577679 0.06999998614192016 0.08156634073067683
v -0.1062665328236288 0.07585785053670413 0.07479726360049795
v -0.08370644134577679 0.06999998614192016 0.08156634073067683
v -0.09479351147152915 0.07585785053670413 0.09035986439177061
v -0.1062665328236288 0.07585785053670413 0.07479726360049795
v -0.1062665328236288 0.07585785053670413 0.07479726360049795
v -0.09479351147152915 0.07585785053670413 0.09035986439177061
v -0.11110425467034149 0.08999998569488532 0.07810692718435285
v -0.09479351147152915 0.07585785053670413 0.09035986439177061
v -0.09938593728842507 0.08999998569488532 0.09400226634159804
v -0.11110425467034149 0.08999998569488532 0.07810692718435285
v -0.11110425467034149 0.08999998569488532 0.07810692718435285
v -0.09938593728842507 0.08999998569488532 0.09400226634159804
v -0.11110425467034149 0.13499998748302466 0.07810692718435285
v -0.09938593728842507 0.08999998569488532 0.09400226634159804
v -0.09938593728842507 0.13499998748302466 0.09400226634159804
v -0.11110425467034149 0.13499998748302466 0.07810692718435285
v -0.11110425467034149 0.13499998748302466 0.07810692718435285
v -0.09938593728842507 0.13499998748302466 0.09400226634159804
v -0.1062665328236288 0.1491421207785607 0.07479726360049797
v -0.09938593728842507 0.13499998748302466 0.09400226634159804
v -0.09479351147152915 0.1491421207785607 0.09035986439177061
v -0.1062665328236288 0.1491421207785607 0.07479726360049797
v -0.1062665328236288 0.1491421207785607 0.07479726360049797
v -0.09479351147152915 0.1491421207785607 0.09035986439177061
v -0.09458725200550266 0.15499998331069953 0.0668070376978588
v -0.09479351147152915 0.1491421207785607 0.09035986439177061
v -0.08370644134577679 0.15499998331069953 0.08156634073067683
v -0.09458725200550266 0.15499998331069953 0.0668070376978588
v -0.08370644134577679 0.06999998614192016 0.08156634073067683
v -0.07181244296971054 0.06999998614192016 0.09552204885747216
v -0.09479351147152915 0.07585785053670413 0.09035986439177061
v -0.07181244296971054 0.06999998614192016 0.09552204885747216
v -0.08225215386900259 0.07585785053670413 0.10507512893020833
v -0.09479351147152915 0.07585785053670413 0.09035986439177061
v -0.09479351147152915 0.07585785053670413 0.09035986439177061
v -0.08225215386900259 0.07585785053670413 0.10507512893020833
v -0.09938593728842507 0.08999998569488532 0.09400226634159804
v -0.08225215386900259 0.07585785053670413 0.10507512893020833
v -0.08657641147200151 0.08999998569488532 0.10903213451236161
v -0.09938593728842507 0.08999998569488532 0.09400226634159804
v -0.09938593728842507 0.08999998569488532 0.09400226634159804
v -0.08657641147200151 0.08999998569488532 0.10903213451236161
v -0.09938593728842507 0.13499998748302466 0.09400226634159804
v -0.08657641147200151 0.08999998569488532 0.10903213451236161
v -0.08657641147200151 0.13499998748302466 0.10903213451236161
v -0.09938593728842507 0.13499998748302466 0.09400226634159804
v -0.09938593728842507 0.13499998748302466 0.09400226634159804
v -0.08657641147200151 0.13499998748302466 0.10903213451236161
v -0.09479351147152915 0.1491421207785607 0.09035986439177061
v -0.08657641147200151 0.13499998748302466 0.10903213451236161
v -0.08225215386900259 0.1491421207785607 0.10507512893020833
v -0.09479351147152915 0.1491421207785607 0.09035986439177061
v -0.09479351147152915 0.1491421207785607 0.09035986439177061
v -0.08225215386900259 0.1491421207785607 0.10507512893020833
v -0.08370644134577679 0.15499998331069953 0.08156634073067683
v -0.08225215386900259 0.1491421207785607 0.10507512893020833
v -0.07181244296971054 0.15499998331069953 0.09552204885747216
v -0.08370644134577679 0.15499998331069953 0.08156634073067683
v -0.07181244296971054 0.06999998614192016 0.09552204885747216
v -0.05896438364525336 0.06999998614192016 0.10860473216210932
v -0.08225215386900259 0.07585785053670413 0.10507512893020833
v -0.05896438364525336 0.06999998614192016 0.10860473216210932
v -0.06870484015440825 0.07585785053670413 0.11886987469791056
v -0.08225215386900259 0.07585785053670413 0.10507512893020833
v -0.08225215386900259 0.07585785053670413 0.10507512893020833
v -0.06870484015440825 0.07585785053670413 0.11886987469791056
v -0.08657641147200151 0.08999998569488532 0.10903213451236161
v -0.06870484015440825 0.07585785053670413 0.11886987469791056
v -0.07273945917830266 0.08999998569488532 0.12312182795450317
v -0.08657641147200151 0.08999998569488532 0.10903213451236161
v -0.08657641147200151 0.08999998569488532 0.10903213451236161
v -0.07273945917830266 0.08999998569488532 0.12312182795450317
v -0.08657641147200151 0.13499998748302466 0.10903213451236161
v -0.07273945917830266 0.08999998569488532 0.12312182795450317
v -0.07273945917830266 0.13499998748302466 0.12312182795450317
v -0.08657641147200151 0.13499998748302466 0.10903213451236161
v -0.08657641147200151 0.13499998748302466 0.10903213451236161
v -0.07273945917830266 0.13499998748302466 0.12312182795450317
v -0.08225215386900259 0.1491421207785607 0.10507512893020833
v -0.07273945917830266 0.13499998748302466 0.12312182795450317
v -0.06870484015440825 0.1491421207785607 0.11886987469791056
v -0.08225215386900259 0.1491421207785607 0.10507512893020833
v -0.08225215386900259 0.1491421207785607 0.10507512893020833
v -0.06870484015440825 0.1491421207785607 0.11886987469791056
v -0.07181244296971054 0.15499998331069953 0.09552204885747216
v -0.06870484015440825 0.1491421207785607 0.11886987469791056
v -0.05896438364525336 0.15499998331069953 0.10860473216210932
v -0.07181244296971054 0.15499998331069953 0.09552204885747216
v -0.05896438364525336 0.06999998614192016 0.10860473216210932
v -0.04522621054340692 0.06999998614192016 0.12074934182374115
v -0.06870484015440825 0.07585785053670413 0.11886987469791056
v -0.04522621054340692 0.06999998614192016 0.12074934182374115
v -0.05421893010455767 0.07585785053670413 0.1316754633750698
v -0.06870484015440825 0.07585785053670413 0.11886987469791056
v -0.06870484015440825 0.07585785053670413 0.11886987469791056
v -0.05421893010455767 0.07585785053670413 0.1316754633750698
v -0.07273945917830266 0.08999998569488532 0.12312182795450317
v -0.05421893010455767 0.07585785053670413 0.1316754633750698
v -0.05794382517535571 0.08999998569488532 0.13620121172089333
v -0.07273945917830266 0.08999998569488532 0.12312182795450317
v -0.07273945917830266 0.08999998569488532 0.12312182795450317
v -0.05794382517535571 0.08999998569488532 0.13620121172089333
v -0.07273945917830266 0.13499998748302466 0.12312182795450317
v -0.05794382517535571 0.08999998569488532 0.13620121172089333
v -0.05794382517535571 0.13499998748302466 0.13620121172089333
v -0.07273945917830266 0.13499998748302466 0.12312182795450317
v -0.07273945917830266 0.13499998748302466 0.12312182795450317
v -0.05794382517535571 0.13499998748302466 0.13620121172089333
v -0.06870484015440825 0.1491421207785607 0.11886987469791056
v -0.05794382517535571 0.13499998748302466 0.13620121172089333
v -0.05421893010455767 0.1491421207785607 0.1316754633750698
v -0.06870484015440825 0.1491421207785607 0.11886987469791056
v -0.06870484015440825 0.1491421207785607 0.11886987469791056
v -0.05421893010455767 0.1491421207785607 0.1316754633750698
v -0.05896438364525336 0.15499998331069953 0.10860473216210932
v -0.05421893010455767 0.1491421207785607 0.1316754633750698
v -0.04522621054340692 0.15499998331069953 0.12074934182374115
v -0.05896438364525336 0.15499998331069953 0.10860473216210932
v -0.04522621054340692 0.06999998614192016 0.12074934182374115
v -0.030666227323825207 0.06999998614192016 0.13189546597162682
v -0.05421893010455767 0.07585785053670413 0.1316754633750698
v -0.030666227323825207 0.06999998614192016 0.13189546597162682
v -0.03886650060973443 0.07585785053670413 0.1434282373525433
v -0.05421893010455767 0.07585785053670413 0.1316754633750698
v -0.05421893010455767 0.07585785053670413 0.1316754633750698
v -0.03886650060973443 0.07585785053670413 0.1434282373525433
v -0.05794382517535571 0.08999998569488532 0.13620121172089333
v -0.03886650060973443 0.07585785053670413 0.1434282373525433
v -0.042263140367900714 0.08999998569488532 0.14820525398058887
v -0.05794382517535571 0.08999998569488532 0.13620121172089333
v -0.05794382517535571 0.08999998569488532 0.13620121172089333
v -0.042263140367900714 0.08999998569488532 0.14820525398058887
v -0.05794382517535571 0.13499998748302466 0.13620121172089333
v -0.042263140367900714 0.08999998569488532 0.14820525398058887
v -0.042263140367900714 0.13499998748302466 0.14820525398058887
v -0.05794382517535571 0.13499998748302466 0.13620121172089333
v -0.05794382517535571 0.13499998748302466 0.13620121172089333
v -0.042263140367900714 0.13499998748302466 0.14820525398058887
v -0.05421893010455767 0.1491421207785607 0.1316754633750698
v -0.042263140367900714 0.13499998748302466 0.14820525398058887
v -0.03886650060973443 0.1491421207785607 0.1434282373525433
v -0.05421893010455767 0.1491421207785607 0.1316754633750698
v -0.05421893010455767 0.1491421207785607 0.1316754633750698
v -0.03886650060973443 0.1491421207785607 0.1434282373525433
v -0.04522621054340692 0.15499998331069953 0.12074934182374115
v -0.03886650060973443 0.1491421207785607 0.1434282373525433
v -0.030666227323825207 0.15499998331069953 0.13189546597162682
v -0.04522621054340692 0.15499998331069953 0.12074934182374115
v -0.030666227323825207 0.06999998614192016 0.13189546597162682
v -0.015356866961444532 0.06999998614192016 0.14198766174352617
v -0.03886650060973443 0.07585785053670413 0.1434282373525433
v -0.015356866961444532 0.06999998614192016 0.14198766174352617
v -0.02272388976596204 0.07585785053670413 0.15406971110248546
v -0.03886650060973443 0.07585785053670413 0.1434282373525433
v -0.03886650060973443 0.07585785053670413 0.1434282373525433
v -0.02272388976596204 0.07585785053670413 0.15406971110248546
v -0.042263140367900714 0.08999998569488532 0.14820525398058887
v -0.02272388976596204 0.07585785053670413 0.15406971110248546
v -0.025775406585697852 0.0899999856948853 0.15907425129295144
v -0.042263140367900714 0.08999998569488532 0.14820525398058887
v -0.042263140367900714 0.08999998569488532 0.14820525398058887
v -0.025775406585697852 0.0899999856948853 0.15907425129295144
v -0.042263140367900714 0.13499998748302466 0.14820525398058887
v -0.025775406585697852 0.0899999856948853 0.15907425129295144
v -0.025775406585697852 0.13499998748302466 0.15907425129295144
v -0.042263140367900714 0.13499998748302466 0.14820525398058887
v -0.042263140367900714 0.13499998748302466 0.14820525398058887
v -0.025775406585697852 0.13499998748302466 0.15907425129295144
v -0.03886650060973443 0.1491421207785607 0.1434282373525433
v -0.025775406585697852 0.13499998748302466 0.15907425129295144
v -0.02272388976596204 0.1491421207785607 0.15406971110248546
v -0.03886650060973443 0.1491421207785607 0.1434282373525433
v -0.03886650060973443 0.1491421207785607 0.1434282373525433
v -0.02272388976596204 0.1491421207785607 0.15406971110248546
v -0.030666227323825207 0.15499998331069953 0.13189546597162682
v -0.02272388976596204 0.1491421207785607 0.15406971110248546
v -0.015356866961444532 0.15499998331069953 0.14198766174352617
v -0.030666227323825207 0.15499998331069953 0.13189546597162682
v -0.015356866961444532 0.06999998614192016 0.14198766174352617
v 0.0006257433640837334 0.06999998614192016 0.1509757218189452
v -0.02272388976596204 0.07585785053670413 0.15406971110248546
v 0.0006257433640837334 0.06999998614192016 0.1509757218189452
v -0.005871402713289453 0.07585785053670413 0.1635469747628972
v -0.02272388976596204 0.07585785053670413 0.15406971110248546
v -0.02272388976596204 0.07585785053670413 0.15406971110248546
v -0.005871402713289453 0.07585785053670413 0.1635469747628972
v -0.025775406585697852 0.0899999856948853 0.15907425129295144
v -0.005871402713289453 0.07585785053670413 0.1635469747628972
v -0.008562612447969103 0.0899999856948853 0.16875415258310994
v -0.025775406585697852 0.0899999856948853 0.15907425129295144
v -0.025775406585697852 0.0899999856948853 0.15907425129295144
v -0.008562612447969103 0.0899999856948853 0.16875415258310994
v -0.025775406585697852 0.13499998748302466 0.15907425129295144
v -0.008562612447969103 0.0899999856948853 0.16875415258310994
v -0.008562612447969103 0.13499998748302466 0.16875415258310994
v -0.025775406585697852 0.13499998748302466 0.15907425129295144
v -0.025775406585697852 0.13499998748302466 0.15907425129295144
v -0.008562612447969103 0.13499998748302466 0.16875415258310994
v -0.02272388976596204 0.1491421207785607 0.15406971110248546
v -0.008562612447969103 0.13499998748302466 0.16875415258310994
v -0.005871402713289453 0.1491421207785607 0.1635469747628972
v -0.02272388976596204 0.1491421207785607 0.15406971110248546
v -0.02272388976596204 0.1491421207785607 0.15406971110248546
v -0.005871402713289453 0.1491421207785607 0.1635469747628972
v -0.015356866961444532 0.15499998331069953 0.14198766174352617
v -0.005871402713289453 0.1491421207785607 0.1635469747628972
v 0.0006257433640837334 0.15499998331069953 0.1509757218189452
v -0.015356866961444532 0.15499998331069953 0.14198766174352617
v 0.0006257433640837334 0.06999998614192016 0.1509757218189452
v 0.01720209585326038 0.06999998614192016 0.15881497444224768
v -0.005871402713289453 0.07585785053670413 0.1635469747628972
v 0.01720209585326038 0.06999998614192016 0.15881497444224768
v 0.011607136909841206 0.07585785053670413 0.17181287474710655
v -0.005871402713289453 0.07585785053670413 0.1635469747628972
v -0.005871402713289453 0.07585785053670413 0.1635469747628972
v 0.011607136909841206 0.07585785053670413 0.17181287474710655
v -0.008562612447969103 0.0899999856948853 0.16875415258310994
v 0.011607136909841206 0.07585785053670413 0.17181287474710655
v 0.009289641391479947 0.0899999856948853 0.1771967902344121
v -0.008562612447969103 0.0899999856948853 0.16875415258310994
v -0.008562612447969103 0.0899999856948853 0.16875415258310994
v 0.009289641391479947 0.0899999856948853 0.1771967902344121
v -0.008562612447969103 0.13499998748302466 0.16875415258310994
v 0.009289641391479947 0.0899999856948853 0.1771967902344121
v 0.009289641391479947 0.13499998748302466 0.1771967902344121
v -0.008562612447969103 0.13499998748302466 0.16875415258310994
v -0.008562612447969103 0.13499998748302466 0.16875415258310994
v 0.009289641391479947 0.13499998748302466 0.1771967902344121
v -0.005871402713289453 0.1491421207785607 0.1635469747628972
v 0.009289641391479947 0.13499998748302466 0.1771967902344121
v 0.011607136909841206 0.1491421207785607 0.17181287474710655
v -0.005871402713289453 0.1491421207785607 0.1635469747628972
v -0.005871402713289453 0.1491421207785607 0.1635469747628972
v 0.011607136909841206 0.1491421207785607 0.17181287474710655
v 0.0006257433640837334 0.15499998331069953 0.1509757218189452
v 0.011607136909841206 0.1491421207785607 0.17181287474710655
v 0.01720209585326038 0.15499998331069953 0.15881497444224768
v 0.0006257433640837334 0.15499998331069953 0.1509757218189452
v 0.01720209585326038 0.06999998614192016 0.15881497444224768
v 0.03428973736706026 0.06999998614192016 0.16546639186141304
v 0.011607136909841206 0.07585785053670413 0.17181287474710655
v 0.03428973736706026 0.06999998614192016 0.16546639186141304
v 0.029624812204444295 0.07585785053670413 0.1788263186269748
v 0.011607136909841206 0.07585785053670413 0.17181287474710655
v 0.011607136909841206 0.07585785053670413 0.17181287474710655
v 0.029624812204444295 0.07585785053670413 0.1788263186269748
v 0.009289641391479947 0.0899999856948853 0.1771967902344121
v 0.029624812204444295 0.07585785053670413 0.1788263186269748
v 0.02769254256290765 0.0899999856948853 0.18436017493777063
v 0.009289641391479947 0.0899999856948853 0.1771967902344121
v 0.009289641391479947 0.0899999856948853 0.1771967902344121
v 0.02769254256290765 0.0899999856948853 0.18436017493777063
v 0.009289641391479947 0.13499998748302466 0.1771967902344121
v 0.02769254256290765 0.0899999856948853 0.18436017493777063
v 0.02769254256290765 0.13499998748302466 0.18436017493777063
v 0.009289641391479947 0.13499998748302466 0.1771967902344121
v 0.009289641391479947 0.13499998748302466 0.1771967902344121
v 0.02769254256290765 0.13499998748302466 0.18436017493777063
v 0.011607136909841206 0.1491421207785607 0.17181287474710655
v 0.02769254256290765 0.13499998748302466 0.18436017493777063
v 0.029624812204444295 0.1491421207785607 0.1788263186269748
v 0.011607136909841206 0.1491421207785607 0.17181287474710655
v 0.011607136909841206 0.1491421207785607 0.17181287474710655
v 0.029624812204444295 0.1491421207785607 0.1788263186269748
v 0.01720209585326038 0.15499998331069953 0.15881497444224768
v 0.029624812204444295 0.1491421207785607 0.1788263186269748
v 0.03428973736706026 0.15499998331069953 0.16546639186141304
v 0.01720209585326038 0.15499998331069953 0.15881497444224768
v 0.03428973736706026 0.06999998614192016 0.16546639186141304
v 0.051803690780151374 0.06999998614192016 0.17089691592353023
v 0.029624812204444295 0.07585785053670413 0.1788263186269748
v 0.051803690780151374 0.06999998614192016 0.17089691592353023
v 0.04809198647673375 0.07585785053670413 0.18455239877927992
v 0.029624812204444295 0.07585785053670413 0.1788263186269748
v 0.029624812204444295 0.07585785053670413 0.1788263186269748
v 0.04809198647673375 0.07585785053670413 0.18455239877927992
v 0.02769254256290765 0.0899999856948853 0.18436017493777063
v 0.04809198647673375 0.07585785053670413 0.18455239877927992
v 0.04655456115775815 0.0899999856948853 0.19020869021963466
v 0.02769254256290765 0.0899999856948853 0.18436017493777063
v 0.02769254256290765 0.0899999856948853 0.18436017493777063
v 0.04655456115775815 0.0899999856948853 0.19020869021963466
v 0.02769254256290765 0.13499998748302466 0.18436017493777063
v 0.04655456115775815 0.0899999856948853 0.19020869021963466
v 0.04655456115775815 0.13499998748302466 0.19020869021963466
v 0.02769254256290765 0.13499998748302466 0.18436017493777063
v 0.02769254256290765 0.13499998748302466 0.18436017493777063
v 0.04655456115775815 0.13499998748302466 0.19020869021963466
v 0.029624812204444295 0.1491421207785607 0.1788263186269748
v 0.04655456115775815 0.13499998748302466 0.19020869021963466
v 0.04809198647673375 0.1491421207785607 0.18455239877927992
v 0.029624812204444295 0.1491421207785607 0.1788263186269748
v 0.029624812204444295 0.1491421207785607 0.1788263186269748
v 0.04809198647673375 0.1491421207785607 0.18455239877927992
v 0.03428973736706026 0.15499998331069953 0.16546639186141304
v 0.04809198647673375 0.1491421207785607 0.18455239877927992
v 0.051803690780151374 0.15499998331069953 0.17089691592353023
v 0.03428973736706026 0.15499998331069953 0.16546639186141304
v 0.051803690780151374 0.06999998614192016 0.17089691592353023
v 0.06965682780207073 0.06999998614192016 0.17507952799814697
v 0.04809198647673375 0.07585785053670413 0.18455239877927992
v 0.06965682780207073 0.06999998614192016 0.17507952799814697
v 0.06691682718592862 0.07585785053670413 0.18896265681981195
v 0.04809198647673375 0.07585785053670413 0.18455239877927992
v 0.04809198647673375 0.07585785053670413 0.18455239877927992
v 0.06691682718592862 0.07585785053670413 0.18896265681981195
v 0.04655456115775815 0.0899999856948853 0.19020869021963466
v 0.06691682718592862 0.07585785053670413 0.18896265681981195
v 0.06578187303280841 0.0899999856948853 0.19471323615609293
v 0.04655456115775815 0.0899999856948853 0.19020869021963466
v 0.04655456115775815 0.0899999856948853 0.19020869021963466
v 0.06578187303280841 0.0899999856948853 0.19471323615609293
v 0.04655456115775815 0.13499998748302466 0.19020869021963466
v 0.06578187303280841 0.0899999856948853 0.19471323615609293
v 0.06578187303280841 0.13499998748302466 0.19471323615609293
v 0.04655456115775815 0.13499998748302466 0.19020869021963466
v 0.04655456115775815 0.13499998748302466 0.19020869021963466
v 0.06578187303280841 0.13499998748302466 0.19471323615609293
v 0.04809198647673375 0.1491421207785607 0.18455239877927992
v 0.06578187303280841 0.13499998748302466 0.19471323615609293
v 0.06691682718592862 0.1491421207785607 0.18896265681981195
v 0.04809198647673375 0.1491421207785607 0.18455239877927992
v 0.04809198647673375 0.1491421207785607 0.18455239877927992
v 0.06691682718592862 0.1491421207785607 0.18896265681981195
v 0.051803690780151374 0.15499998331069953 0.17089691592353023
v 0.06691682718592862 0.1491421207785607 0.18896265681981195
v 0.06965682780207073 0.15499998331069953 0.17507952799814697
v 0.051803690780151374 0.15499998331069953 0.17089691592353023
v 0.06965682780207073 0.06999998614192016 0.17507952799814697
v 0.08776037124589088 0.06999998614192016 0.17799342894218306
v 0.06691682718592862 0.07585785053670413 0.18896265681981195
v 0.08776037124589088 0.06999998614192016 0.17799342894218306
v 0.0860056787654289 0.07585785053670413 0.1920351535267219
v 0.06691682718592862 0.07585785053670413 0.18896265681981195
v 0.06691682718592862 0.07585785053670413 0.18896265681981195
v 0.0860056787654289 0.07585785053670413 0.1920351535267219
v 0.06578187303280841 0.0899999856948853 0.19471323615609293
v 0.0860056787654289 0.07585785053670413 0.1920351535267219
v 0.0852788704926633 0.0899999856948853 0.1978514216362467
v 0.06578187303280841 0.0899999856948853 0.19471323615609293
v 0.06578187303280841 0.0899999856948853 0.19471323615609293
v 0.0852788704926633 0.0899999856948853 0.1978514216362467
v 0.06578187303280841 0.13499998748302466 0.19471323615609293
v 0.0852788704926633 0.0899999856948853 0.1978514216362467
v 0.0852788704926633 0.13499998748302466 0.1978514216362467
v 0.06578187303280841 0.13499998748302466 0.19471323615609293
v 0.06578187303280841 0.13499998748302466 0.19471323615609293
v 0.0852788704926633 0.13499998748302466 0.1978514216362467
v 0.06691682718592862 0.1491421207785607 0.18896265681981195
v 0.0852788704926633 0.13499998748302466 0.1978514216362467
v 0.0860056787654289 0.1491421207785607 0.1920351535267219
v 0.06691682718592862 0.1491421207785607 0.18896265681981195
v 0.06691682718592862 0.1491421207785607 0.18896265681981195
v 0.0860056787654289 0.1491421207785607 0.1920351535267219
v 0.06965682780207073 0.15499998331069953 0.17507952799814697
v 0.0860056787654289 0.1491421207785607 0.1920351535267219
v 0.08776037124589088 0.15499998331069953 0.17799342894218306
v 0.06965682780207073 0.15499998331069953 0.17507952799814697
v 0.08776037124589088 0.06999998614192016 0.17799342894218306
v 0.10602426784939596 0.06999998614192016 0.1796241090232799
v 0.0860056787654289 0.07585785053670413 0.1920351535267219
v 0.10602426784939596 0.06999998614192016 0.1796241090232799
v 0.105263617969949 0.07585785053670413 0.19375459443783388
v 0.0860056787654289 0.07585785053670413 0.1920351535267219
v 0.0860056787654289 0.07585785053670413 0.1920351535267219
v 0.105263617969949 0.07585785053670413 0.19375459443783388
v 0.0852788704926633 0.0899999856948853 0.1978514216362467
v 0.105263617969949 0.07585785053670413 0.19375459443783388
v 0.10494854740939064 0.0899999856948853 0.19960762587173037
v 0.0852788704926633 0.0899999856948853 0.1978514216362467
v 0.0852788704926633 0.0899999856948853 0.1978514216362467
v 0.10494854740939064 0.0899999856948853 0.19960762587173037
v 0.0852788704926633 0.13499998748302466 0.1978514216362467
v 0.10494854740939064 0.0899999856948853 0.19960762587173037
v 0.10494854740939064 0.13499998748302466 0.19960762587173037
v 0.0852788704926633 0.13499998748302466 0.1978514216362467
v 0.0852788704926633 0.13499998748302466 0.1978514216362467
v 0.10494854740939064 0.13499998748302466 0.19960762587173037
v 0.0860056787654289 0.1491421207785607 0.1920351535267219
v 0.10494854740939064 0.13499998748302466 0.19960762587173037
v 0.105263617969949 0.1491421207785607 0.19375459443783388
v 0.0860056787654289 0.1491421207785607 0.1920351535267219
v 0.0860056787654289 0.1491421207785607 0.1920351535267219
v 0.105263617969949 0.1491421207785607 0.19375459443783388
v 0.08776037124589088 0.15499998331069953 0.17799342894218306
v 0.105263617969949 0.1491421207785607 0.19375459443783388
v 0.10602426784939596 0.15499998331069953 0.1796241090232799
v 0.08776037124589088 0.15499998331069953 0.17799342894218306
v 0.10602426784939596 0.06999998614192016 0.1796241090232799
v 0.12435767760072172 0.06999998614192016 0.17996348257550804
v 0.105263617969949 0.07585785053670413 0.19375459443783388
v 0.12435767760072172 0.06999998614192016 0.17996348257550804
v 0.12459486423663792 0.07585785053670413 0.19411242825554303
v 0.105263617969949 0.07585785053670413 0.19375459443783388
v 0.105263617969949 0.07585785053670413 0.19375459443783388
v 0.12459486423663792 0.07585785053670413 0.19411242825554303
v 0.10494854740939064 0.0899999856948853 0.19960762587173037
v 0.12459486423663792 0.07585785053670413 0.19411242825554303
v 0.12469309987885999 0.0899999856948853 0.19997311105099652
v 0.10494854740939064 0.0899999856948853 0.19960762587173037
v 0.10494854740939064 0.0899999856948853 0.19960762587173037
v 0.12469309987885999 0.0899999856948853 0.19997311105099652
v 0.10494854740939064 0.13499998748302466 0.19960762587173037
v 0.12469309987885999 0.0899999856948853 0.19997311105099652
v 0.12469309987885999 0.13499998748302466 0.19997311105099652
v 0.10494854740939064 0.13499998748302466 0.19960762587173037
v 0.10494854740939064 0.13499998748302466 0.19960762587173037
v 0.12469309987885999 0.13499998748302466 0.19997311105099652
v 0.105263617969949 0.1491421207785607 0.19375459443783388
v 0.12469309987885999 0.13499998748302466 0.19997311105099652
v 0.12459486423663792 0.1491421207785607 0.19411242825554303
v 0.105263617969949 0.1491421207785607 0.19375459443783388
v 0.105263617969949 0.1491421207785607 0.19375459443783388
v 0.12459486423663792 0.1491421207785607 0.19411242825554303
v 0.10602426784939596 0.15499998331069953 0.1796241090232799
v 0.12459486423663792 0.1491421207785607 0.19411242825554303
v 0.12435767760072172 0.15499998331069953 0.17996348257550804
v 0.10602426784939596 0.15499998331069953 0.1796241090232799
v 0.12435767760072172 0.06999998614192016 0.17996348257550804
v 0.14266941129188976 0.06999998614192016 0.17900984141825244
v 0.12459486423663792 0.07585785053670413 0.19411242825554303
v 0.14266941129188976 0.06999998614192016 0.17900984141825244
v 0.1439032431246667 0.07585785053670413 0.1931068908841117
v 0.12459486423663792 0.07585785053670413 0.19411242825554303
v 0.12459486423663792 0.07585785053670413 0.19411242825554303
v 0.1439032431246667 0.07585785053670413 0.1931068908841117
v 0.12469309987885999 0.0899999856948853 0.19997311105099652
v 0.1439032431246667 0.07585785053670413 0.1931068908841117
v 0.14441430292654922 0.0899999856948853 0.1989460715503782
v 0.12469309987885999 0.0899999856948853 0.19997311105099652
v 0.12469309987885999 0.0899999856948853 0.19997311105099652
v 0.14441430292654922 0.0899999856948853 0.1989460715503782
v 0.12469309987885999 0.13499998748302466 0.19997311105099652
v 0.14441430292654922 0.0899999856948853 0.1989460715503782
v 0.14441430292654922 0.13499998748302466 0.1989460715503782
v 0.12469309987885999 0.13499998748302466 0.19997311105099652
v 0.12469309987885999 0.13499998748302466 0.19997311105099652
v 0.14441430292654922 0.13499998748302466 0.1989460715503782
v 0.12459486423663792 0.1491421207785607 0.19411242825554303
v 0.14441430292654922 0.13499998748302466 0.1989460715503782
v 0.1439032431246667 0.1491421207785607 0.1931068908841117
v 0.12459486423663792 0.1491421207785607 0.19411242825554303
v 0.12459486423663792 0.1491421207785607 0.19411242825554303
v 0.1439032431246667 0.1491421207785607 0.1931068908841117
v 0.12435767760072172 0.15499998331069953 0.17996348257550804
v 0.1439032431246667 0.1491421207785607 0.1931068908841117
v 0.14266941129188976 0.15499998331069953 0.17900984141825244
v 0.12435767760072172 0.15499998331069953 0.17996348257550804
v 0.14266941129188976 0.06999998614192016 0.17900984141825244
v 0.16086839848759255 0.06999998614192016 0.1767679319042555
v 0.1439032431246667 0.07585785053670413 0.1931068908841117
v 0.16086839848759255 0.06999998614192016 0.1767679319042555
v 0.16309272516560117 0.07585785053670413 0.19074296176633426
v 0.1439032431246667 0.07585785053670413 0.1931068908841117
v 0.1439032431246667 0.07585785053670413 0.1931068908841117
v 0.16309272516560117 0.07585785053670413 0.19074296176633426
v 0.14441430292654922 0.0899999856948853 0.1989460715503782
v 0.16309272516560117 0.07585785053670413 0.19074296176633426
v 0.16401408689786184 0.0899999856948853 0.19653161875230174
v 0.14441430292654922 0.0899999856948853 0.1989460715503782
v 0.14441430292654922 0.0899999856948853 0.1989460715503782
v 0.16401408689786184 0.0899999856948853 0.19653161875230174
v 0.14441430292654922 0.13499998748302466 0.1989460715503782
v 0.16401408689786184 0.0899999856948853 0.19653161875230174
v 0.16401408689786184 0.13499998748302466 0.19653161875230174
v 0.14441430292654922 0.13499998748302466 0.1989460715503782
v 0.14441430292654922 0.13499998748302466 0.1989460715503782
v 0.16401408689786184 0.13499998748302466 0.19653161875230174
v 0.1439032431246667 0.1491421207785607 0.1931068908841117
v 0.16401408689786184 0.13499998748302466 0.19653161875230174
v 0.16309272516560117 0.1491421207785607 0.19074296176633426
v 0.1439032431246667 0.1491421207785607 0.1931068908841117
v 0.1439032431246667 0.1491421207785607 0.1931068908841117
v 0.16309272516560117 0.1491421207785607 0.19074296176633426
v 0.14266941129188976 0.15499998331069953 0.17900984141825244
v 0.16309272516560117 0.1491421207785607 0.19074296176633426
v 0.16086839848759255 0.15499998331069953 0.1767679319042555
v 0.14266941129188976 0.15499998331069953 0.17900984141825244
v 0.16086839848759255 0.06999998614192016 0.1767679319042555
v 0.1788641066310391 0.06999998614192016 0.17324892095924488
v 0.16309272516560117 0.07585785053670413 0.19074296176633426
v 0.1788641066310391 0.06999998614192016 0.17324892095924488
v 0.18206788315375955 0.07585785053670413 0.18703241212774774
v 0.16309272516560117 0.07585785053670413 0.19074296176633426
v 0.16309272516560117 0.07585785053670413 0.19074296176633426
v 0.18206788315375955 0.07585785053670413 0.18703241212774774
v 0.16401408689786184 0.0899999856948853 0.19653161875230174
v 0.18206788315375955 0.07585785053670413 0.18703241212774774
v 0.1833949420009148 0.0899999856948853 0.19274173899336988
v 0.16401408689786184 0.0899999856948853 0.19653161875230174
v 0.16401408689786184 0.0899999856948853 0.19653161875230174
v 0.1833949420009148 0.0899999856948853 0.19274173899336988
v 0.16401408689786184 0.13499998748302466 0.19653161875230174
v 0.1833949420009148 0.0899999856948853 0.19274173899336988
v 0.1833949420009148 0.13499998748302466 0.19274173899336988
v 0.16401408689786184 0.13499998748302466 0.19653161875230174
v 0.16401408689786184 0.13499998748302466 0.19653161875230174
v 0.1833949420009148 0.13499998748302466 0.19274173899336988
v 0.16309272516560117 0.1491421207785607 0.19074296176633426
v 0.1833949420009148 0.13499998748302466 0.19274173899336988
v 0.18206788315375955 0.1491421207785607 0.18703241212774774
v 0.16309272516560117 0.1491421207785607 0.19074296176633426
v 0.16309272516560117 0.1491421207785607 0.19074296176633426
v 0.18206788315375955 0.1491421207785607 0.18703241212774774
v 0.16086839848759255 0.15499998331069953 0.1767679319042555
v 0.18206788315375955 0.1491421207785607 0.18703241212774774
v 0.1788641066310391 0.15499998331069953 0.17324892095924488
v 0.16086839848759255 0.15499998331069953 0.1767679319042555
v 0.1788641066310391 0.06999998614192016 0.17324892095924488
v 0.19656703782518534 0.06999998614192016 0.16847029092630306
v 0.18206788315375955 0.07585785053670413 0.18703241212774774
v 0.19656703782518534 0.06999998614192016 0.16847029092630306
v 0.20073432905517916 0.07585785053670413 0.18199370467248255
v 0.18206788315375955 0.07585785053670413 0.18703241212774774
v 0.18206788315375955 0.07585785053670413 0.18703241212774774
v 0.20073432905517916 0.07585785053670413 0.18199370467248255
v 0.1833949420009148 0.0899999856948853 0.19274173899336988
v 0.20073432905517916 0.07585785053670413 0.18199370467248255
v 0.2024604846629955 0.0899999856948853 0.18759530330177687
v 0.1833949420009148 0.0899999856948853 0.19274173899336988
v 0.1833949420009148 0.0899999856948853 0.19274173899336988
v 0.2024604846629955 0.0899999856948853 0.18759530330177687
v 0.1833949420009148 0.13499998748302466 0.19274173899336988
v 0.2024604846629955 0.0899999856948853 0.18759530330177687
v 0.2024604846629955 0.13499998748302466 0.18759530330177687
v 0.1833949420009148 0.13499998748302466 0.19274173899336988
v 0.1833949420009148 0.13499998748302466 0.19274173899336988
v 0.2024604846629955 0.13499998748302466 0.18759530330177687
v 0.18206788315375955 0.1491421207785607 0.18703241212774774
v 0.2024604846629955 0.13499998748302466 0.18759530330177687
v 0.20073432905517916 0.1491421207785607 0.18199370467248255
v 0.18206788315375955 0.1491421207785607 0.18703241212774774
v 0.18206788315375955 0.1491421207785607 0.18703241212774774
v 0.20073432905517916 0.1491421207785607 0.18199370467248255
v 0.1788641066310391 0.15499998331069953 0.17324892095924488
v 0.20073432905517916 0.1491421207785607 0.18199370467248255
v 0.19656703782518534 0.15499998331069953 0.16847029092630306
v 0.1788641066310391 0.15499998331069953 0.17324892095924488
v 0.19656703782518534 0.06999998614192016 0.16847029092630306
v 0.213889144053949 0.06999998614192016 0.1624558263177825
v 0.20073432905517916 0.07585785053670413 0.18199370467248255
v 0.213889144053949 0.06999998614192016 0.1624558263177825
v 0.21899921078884677 0.07585785053670413 0.1756518884276323
v 0.20073432905517916 0.07585785053670413 0.18199370467248255
v 0.20073432905517916 0.07585785053670413 0.18199370467248255
v 0.21899921078884677 0.07585785053670413 0.1756518884276323
v 0.2024604846629955 0.0899999856948853 0.18759530330177687
v 0.21899921078884677 0.07585785053670413 0.1756518884276323
v 0.2211158747027053 0.0899999856948853 0.181117872267834
v 0.2024604846629955 0.0899999856948853 0.18759530330177687
v 0.2024604846629955 0.0899999856948853 0.18759530330177687
v 0.2211158747027053 0.0899999856948853 0.181117872267834
v 0.2024604846629955 0.13499998748302466 0.18759530330177687
v 0.2211158747027053 0.0899999856948853 0.181117872267834
v 0.2211158747027053 0.13499998748302466 0.181117872267834
v 0.2024604846629955 0.13499998748302466 0.18759530330177687
v 0.2024604846629955 0.13499998748302466 0.18759530330177687
v 0.2211158747027053 0.13499998748302466 0.181117872267834
v 0.20073432905517916 0.1491421207785607 0.18199370467248255
v 0.2211158747027053 0.13499998748302466 0.181117872267834
v 0.21899921078884677 0.1491421207785607 0.1756518884276323
v 0.20073432905517916 0.1491421207785607 0.18199370467248255
v 0.20073432905517916 0.1491421207785607 0.18199370467248255
v 0.21899921078884677 0.1491421207785607 0.1756518884276323
v 0.19656703782518534 0.15499998331069953 0.16847029092630306
v 0.21899921078884677 0.1491421207785607 0.1756518884276323
v 0.213889144053949 0.15499998331069953 0.1624558263177825
v 0.19656703782518534 0.15499998331069953 0.16847029092630306
v 0.213889144053949 0.06999998614192016 0.1624558263177825
v 0.2307442589174109 0.06999998614192016 0.15523542677737628
v 0.21899921078884677 0.07585785053670413 0.1756518884276323
v 0.2307442589174109 0.06999998614192016 0.15523542677737628
v 0.23677170204868359 0.07585785053670413 0.16803851640336737
v 0.21899921078884677 0.07585785053670413 0.1756518884276323
v 0.21899921078884677 0.07585785053670413 0.1756518884276323
v 0.23677170204868359 0.07585785053670413 0.16803851640336737
v 0.2211158747027053 0.0899999856948853 0.181117872267834
v 0.23677170204868359 0.07585785053670413 0.16803851640336737
v 0.23926834252644086 0.0899999856948853 0.17334171451749653
v 0.2211158747027053 0.0899999856948853 0.181117872267834
v 0.2211158747027053 0.0899999856948853 0.181117872267834
v 0.23926834252644086 0.0899999856948853 0.17334171451749653
v 0.2211158747027053 0.13499998748302466 0.181117872267834
v 0.23926834252644086 0.0899999856948853 0.17334171451749653
v 0.23926834252644086 0.13499998748302466 0.17334171451749653
v 0.2211158747027053 0.13499998748302466 0.181117872267834
v 0.2211158747027053 0.13499998748302466 0.181117872267834
v 0.23926834252644086 0.13499998748302466 0.17334171451749653
v 0.21899921078884677 0.1491421207785607 0.1756518884276323
v 0.23926834252644086 0.13499998748302466 0.17334171451749653
v 0.23677170204868359 0.1491421207785607 0.16803851640336737
v 0.21899921078884677 0.1491421207785607 0.1756518884276323
v 0.21899921078884677 0.1491421207785607 0.1756518884276323
v 0.23677170204868359 0.1491421207785607 0.16803851640336737
v 0.213889144053949 0.15499998331069953 0.1624558263177825
v 0.23677170204868359 0.1491421207785607 0.16803851640336737
v 0.2307442589174109 0.15499998331069953 0.15523542677737628
v 0.213889144053949 0.15499998331069953 0.1624558263177825
v 0.2307442589174109 0.06999998614192016 0.15523542677737628
v 0.24704855064114717 0.06999998614192016 0.14684501381578519
v 0.23677170204868359 0.07585785053670413 0.16803851640336737
v 0.24704855064114717 0.06999998614192016 0.14684501381578519
v 0.2539633842003429 0.07585785053670413 0.15919143848728545
v 0.23677170204868359 0.07585785053670413 0.16803851640336737
v 0.23677170204868359 0.07585785053670413 0.16803851640336737
v 0.2539633842003429 0.07585785053670413 0.15919143848728545
v 0.23926834252644086 0.0899999856948853 0.17334171451749653
v 0.2539633842003429 0.07585785053670413 0.15919143848728545
v 0.2568275996721885 0.0899999856948853 0.16430548973490489
v 0.23926834252644086 0.0899999856948853 0.17334171451749653
v 0.23926834252644086 0.0899999856948853 0.17334171451749653
v 0.2568275996721885 0.0899999856948853 0.16430548973490489
v 0.23926834252644086 0.13499998748302466 0.17334171451749653
v 0.2568275996721885 0.0899999856948853 0.16430548973490489
v 0.2568275996721885 0.13499998748302466 0.16430548973490489
v 0.23926834252644086 0.13499998748302466 0.17334171451749653
v 0.23926834252644086 0.13499998748302466 0.17334171451749653
v 0.2568275996721885 0.13499998748302466 0.16430548973490489
v 0.23677170204868359 0.1491421207785607 0.16803851640336737
v 0.2568275996721885 0.13499998748302466 0.16430548973490489
v 0.2539633842003429 0.1491421207785607 0.15919143848728545
v 0.23677170204868359 0.1491421207785607 0.16803851640336737
v 0.23677170204868359 0.1491421207785607 0.16803851640336737
v 0.2539633842003429 0.1491421207785607 0.15919143848728545
v 0.2307442589174109 0.15499998331069953 0.15523542677737628
v 0.2539633842003429 0.1491421207785607 0.15919143848728545
v 0.24704855064114717 0.15499998331069953 0.14684501381578519
v 0.2307442589174109 0.15499998331069953 0.15523542677737628
v 0.24704855064114717 0.06999998614192016 0.14684501381578519
v 0.2627209423229871 0.06999998614192016 0.13732633357778617
v 0.2539633842003429 0.07585785053670413 0.15919143848728545
v 0.2627209423229871 0.06999998614192016 0.13732633357778617
v 0.2704887580925496 0.07585785053670413 0.14915466795146093
v 0.2539633842003429 0.07585785053670413 0.15919143848728545
v 0.2539633842003429 0.07585785053670413 0.15919143848728545
v 0.2704887580925496 0.07585785053670413 0.14915466795146093
v 0.2568275996721885 0.0899999856948853 0.16430548973490489
v 0.2704887580925496 0.07585785053670413 0.14915466795146093
v 0.27370630680760305 0.0899999856948853 0.15405414514369875
v 0.2568275996721885 0.0899999856948853 0.16430548973490489
v 0.2568275996721885 0.0899999856948853 0.16430548973490489
v 0.27370630680760305 0.0899999856948853 0.15405414514369875
v 0.2568275996721885 0.13499998748302466 0.16430548973490489
v 0.27370630680760305 0.0899999856948853 0.15405414514369875
v 0.27370630680760305 0.13499998748302466 0.15405414514369875
v 0.2568275996721885 0.13499998748302466 0.16430548973490489
v 0.2568275996721885 0.13499998748302466 0.16430548973490489
v 0.27370630680760305 0.13499998748302466 0.15405414514369875
v 0.2539633842003429 0.1491421207785607 0.15919143848728545
v 0.27370630680760305 0.13499998748302466 0.15405414514369875
v 0.2704887580925496 0.1491421207785607 0.14915466795146093
v 0.2539633842003429 0.1491421207785607 0.15919143848728545
v 0.2539633842003429 0.1491421207785607 0.15919143848728545
v 0.2704887580925496 0.1491421207785607 0.14915466795146093
v 0.24704855064114717 0.15499998331069953 0.14684501381578519
v 0.2704887580925496 0.1491421207785607 0.14915466795146093
v 0.2627209423229871 0.15499998331069953 0.13732633357778617
v 0.24704855064114717 0.15499998331069953 0.14684501381578519
v 0.2627209423229871 0.06999998614192016 0.13732633357778617
v 0.27768345786853543 0.06999998614192016 0.12672670212033926
v 0.2704887580925496 0.07585785053670413 0.14915466795146093
v 0.27768345786853543 0.06999998614192016 0.12672670212033926
v 0.28626564175266 0.07585785053670413 0.13797814548361154
v 0.2704887580925496 0.07585785053670413 0.14915466795146093
v 0.2704887580925496 0.07585785053670413 0.14915466795146093
v 0.28626564175266 0.07585785053670413 0.13797814548361154
v 0.27370630680760305 0.0899999856948853 0.15405414514369875
v 0.28626564175266 0.07585785053670413 0.13797814548361154
v 0.28982050601498477 0.0899999856948853 0.14263865587429003
v 0.27370630680760305 0.0899999856948853 0.15405414514369875
v 0.27370630680760305 0.0899999856948853 0.15405414514369875
v 0.28982050601498477 0.0899999856948853 0.14263865587429003
v 0.27370630680760305 0.13499998748302466 0.15405414514369875
v 0.28982050601498477 0.0899999856948853 0.14263865587429003
v 0.28982050601498477 0.13499998748302466 0.14263865587429003
v 0.27370630680760305 0.13499998748302466 0.15405414514369875
v 0.27370630680760305 0.13499998748302466 0.15405414514369875
v 0.28982050601498477 0.13499998748302466 0.14263865587429003
v 0.2704887580925496 0.1491421207785607 0.14915466795146093
v 0.28982050601498477 0.13499998748302466 0.14263865587429003
v 0.28626564175266 0.1491421207785607 0.13797814548361154
v 0.2704887580925496 0.1491421207785607 0.14915466795146093
v 0.2704887580925496 0.1491421207785607 0.14915466795146093
v 0.28626564175266 0.1491421207785607 0.13797814548361154
v 0.2627209423229871 0.15499998331069953 0.13732633357778617
v 0.28626564175266 0.1491421207785607 0.13797814548361154
v 0.27768345786853543 0.15499998331069953 0.12672670212033926
v 0.2627209423229871 0.15499998331069953 0.13732633357778617
v 0.27768345786853543 0.06999998614192016 0.12672670212033926
v 0.29186167747191427 0.06999998614192016 0.1150988382387974
v 0.28626564175266 0.07585785053670413 0.13797814548361154
v 0.29186167747191427 0.06999998614192016 0.1150988382387974
v 0.30121555095296293 0.07585785053670413 0.12571744271834606
v 0.28626564175266 0.07585785053670413 0.13797814548361154
v 0.28626564175266 0.07585785053670413 0.13797814548361154
v 0.30121555095296293 0.07585785053670413 0.12571744271834606
v 0.28982050601498477 0.0899999856948853 0.14263865587429003
v 0.30121555095296293 0.07585785053670413 0.12571744271834606
v 0.3050900503032432 0.0899999856948853 0.13011580333759443
v 0.28982050601498477 0.0899999856948853 0.14263865587429003
v 0.28982050601498477 0.0899999856948853 0.14263865587429003
v 0.3050900503032432 0.0899999856948853 0.13011580333759443
v 0.28982050601498477 0.13499998748302466 0.14263865587429003
v 0.3050900503032432 0.0899999856948853 0.13011580333759443
v 0.3050900503032432 0.13499998748302466 0.13011580333759443
v 0.28982050601498477 0.13499998748302466 0.14263865587429003
v 0.28982050601498477 0.13499998748302466 0.14263865587429003
v 0.3050900503032432 0.13499998748302466 0.13011580333759443
v 0.28626564175266 0.1491421207785607 0.13797814548361154
v 0.3050900503032432 0.13499998748302466 0.13011580333759443
v 0.30121555095296293 0.1491421207785607 0.12571744271834606
v 0.28626564175266 0.1491421207785607 0.13797814548361154
v 0.28626564175266 0.1491421207785607 0.13797814548361154
v 0.30121555095296293 0.1491421207785607 0.12571744271834606
v 0.27768345786853543 0.15499998331069953 0.12672670212033926
v 0.30121555095296293 0.1491421207785607 0.12571744271834606
v 0.29186167747191427 0.15499998331069953 0.1150988382387974
v 0.27768345786853543 0.15499998331069953 0.12672670212033926
v 0.29186167747191427 0.06999998614192016 0.1150988382387974
v 0.3051851034949189 0.06999998614192016 0.10250061315550825
v 0.30121555095296293 0.07585785053670413 0.12571744271834606
v 0.3051851034949189 0.06999998614192016 0.10250061315550825
v 0.3152641149696017 0.07585785053670413 0.11243351391052057
v 0.30121555095296293 0.07585785053670413 0.12571744271834606
v 0.30121555095296293 0.07585785053670413 0.12571744271834606
v 0.3152641149696017 0.07585785053670413 0.11243351391052057
v 0.3050900503032432 0.0899999856948853 0.13011580333759443
v 0.3152641149696017 0.07585785053670413 0.11243351391052057
v 0.31943899032342726 0.0899999856948853 0.11654787454936481
v 0.3050900503032432 0.0899999856948853 0.13011580333759443
v 0.3050900503032432 0.0899999856948853 0.13011580333759443
v 0.31943899032342726 0.0899999856948853 0.11654787454936481
v 0.3050900503032432 0.13499998748302466 0.13011580333759443
v 0.31943899032342726 0.0899999856948853 0.11654787454936481
v 0.31943899032342726 0.13499998748302466 0.11654787454936481
v 0.3050900503032432 0.13499998748302466 0.13011580333759443
v 0.3050900503032432 0.13499998748302466 0.13011580333759443
v 0.31943899032342726 0.13499998748302466 0.11654787454936481
v 0.30121555095296293 0.1491421207785607 0.12571744271834606
v 0.31943899032342726 0.13499998748302466 0.11654787454936481
v 0.3152641149696017 0.1491421207785607 0.11243351391052057
v 0.30121555095296293 0.1491421207785607 0.12571744271834606
v 0.30121555095296293 0.1491421207785607 0.12571744271834606
v 0.3152641149696017 0.1491421207785607 0.11243351391052057
v 0.29186167747191427 0.15499998331069953 0.1150988382387974
v 0.3152641149696017 0.1491421207785607 0.11243351391052057
v 0.3051851034949189 0.15499998331069953 0.10250061315550825
v 0.29186167747191427 0.15499998331069953 0.1150988382387974
v 0.3051851034949189 0.06999998614192016 0.10250061315550825
v 0.3175874591182706 0.06999998614192016 0.08899466565481133
v 0.3152641149696017 0.07585785053670413 0.11243351391052057
v 0.3175874591182706 0.06999998614192016 0.08899466565481133
v 0.3283414887998303 0.07585785053670413 0.09819248614091498
v 0.3152641149696017 0.07585785053670413 0.11243351391052057
v 0.3152641149696017 0.07585785053670413 0.11243351391052057
v 0.3283414887998303 0.07585785053670413 0.09819248614091498
v 0.31943899032342726 0.0899999856948853 0.11654787454936481
v 0.3283414887998303 0.07585785053670413 0.09819248614091498
v 0.3327959492528475 0.0899999856948853 0.10200233343948932
v 0.31943899032342726 0.0899999856948853 0.11654787454936481
v 0.31943899032342726 0.0899999856948853 0.11654787454936481
v 0.3327959492528475 0.0899999856948853 0.10200233343948932
v 0.31943899032342726 0.13499998748302466 0.11654787454936481
v 0.3327959492528475 0.0899999856948853 0.10200233343948932
v 0.3327959492528475 0.13499998748302466 0.10200233343948932
v 0.31943899032342726 0.13499998748302466 0.11654787454936481
v 0.31943899032342726 0.13499998748302466 0.11654787454936481
v 0.3327959492528475 0.13499998748302466 0.10200233343948932
v 0.3152641149696017 0.1491421207785607 0.11243351391052057
v 0.3327959492528475 0.13499998748302466 0.10200233343948932
v 0.3283414887998303 0.1491421207785607 0.09819248614091498
v 0.3152641149696017 0.1491421207785607 0.11243351391052057
v 0.3152641149696017 0.1491421207785607 0.11243351391052057
v 0.3283414887998303 0.1491421207785607 0.09819248614091498
v 0.3051851034949189 0.15499998331069953 0.10250061315550825
v 0.3283414887998303 0.1491421207785607 0.09819248614091498
v 0.3175874591182706 0.15499998331069953 0.08899466565481133
v 0.3051851034949189 0.15499998331069953 0.10250061315550825
v 0.3175874591182706 0.06999998614192016 0.08899466565481133
v 0.32900704269096726 0.06999998614192016 0.07464815965960399
v 0.3283414887998303 0.07585785053670413 0.09819248614091498
v 0.32900704269096726 0.06999998614192016 0.07464815965960399
v 0.3403826087152285 0.07585785053670413 0.0830651594988336
v 0.3283414887998303 0.07585785053670413 0.09819248614091498
v 0.3283414887998303 0.07585785053670413 0.09819248614091498
v 0.3403826087152285 0.07585785053670413 0.0830651594988336
v 0.3327959492528475 0.0899999856948853 0.10200233343948932
v 0.3403826087152285 0.07585785053670413 0.0830651594988336
v 0.3450945227965977 0.0899999856948853 0.08655158330556488
v 0.3327959492528475 0.0899999856948853 0.10200233343948932
v 0.3327959492528475 0.0899999856948853 0.10200233343948932
v 0.3450945227965977 0.0899999856948853 0.08655158330556488
v 0.3327959492528475 0.13499998748302466 0.10200233343948932
v 0.3450945227965977 0.0899999856948853 0.08655158330556488
v 0.3450945227965977 0.13499998748302466 0.08655158330556488
v 0.3327959492528475 0.13499998748302466 0.10200233343948932
v 0.3327959492528475 0.13499998748302466 0.10200233343948932
v 0.3450945227965977 0.13499998748302466 0.08655158330556488
v 0.3283414887998303 0.1491421207785607 0.09819248614091498
v 0.3450945227965977 0.13499998748302466 0.08655158330556488
v 0.3403826087152285 0.1491421207785607 0.0830651594988336
v 0.3283414887998303 0.1491421207785607 0.09819248614091498
v 0.3283414887998303 0.1491421207785607 0.09819248614091498
v 0.3403826087152285 0.1491421207785607 0.0830651594988336
v 0.3175874591182706 0.15499998331069953 0.08899466565481133
v 0.3403826087152285 0.1491421207785607 0.0830651594988336
v 0.32900704269096726 0.15499998331069953 0.07464815965960399
v 0.3175874591182706 0.15499998331069953 0.08899466565481133
v 0.32900704269096726 0.06999998614192016 0.07464815965960399
v 0.3393870730212388 0.06999998614192016 0.059532475786414116
v 0.3403826087152285 0.07585785053670413 0.0830651594988336
v 0.3393870730212388 0.06999998614192016 0.059532475786414116
v 0.3513275903415899 0.07585785053670413 0.06712677085033901
v 0.3403826087152285 0.07585785053670413 0.0830651594988336
v 0.3403826087152285 0.07585785053670413 0.0830651594988336
v 0.3513275903415899 0.07585785053670413 0.06712677085033901
v 0.3450945227965977 0.0899999856948853 0.08655158330556488
v 0.3513275903415899 0.07585785053670413 0.06712677085033901
v 0.35627350300708993 0.0899999856948853 0.07027241648700018
v 0.3450945227965977 0.0899999856948853 0.08655158330556488
v 0.3450945227965977 0.0899999856948853 0.08655158330556488
v 0.35627350300708993 0.0899999856948853 0.07027241648700018
v 0.3450945227965977 0.13499998748302466 0.08655158330556488
v 0.35627350300708993 0.0899999856948853 0.07027241648700018
v 0.35627350300708993 0.13499998748302466 0.07027241648700018
v 0.3450945227965977 0.13499998748302466 0.08655158330556488
v 0.3450945227965977 0.13499998748302466 0.08655158330556488
v 0.35627350300708993 0.13499998748302466 0.07027241648700018
v 0.3403826087152285 0.1491421207785607 0.0830651594988336
v 0.35627350300708993 0.13499998748302466 0.07027241648700018
v 0.3513275903415899 0.1491421207785607 0.06712677085033901
v 0.3403826087152285 0.1491421207785607 0.0830651594988336
v 0.3403826087152285 0.1491421207785607 0.0830651594988336
v 0.3513275903415899 0.1491421207785607 0.06712677085033901
v 0.32900704269096726 0.15499998331069953 0.07464815965960399
v 0.3513275903415899 0.1491421207785607 0.06712677085033901
v 0.3393870730212388 0.15499998331069953 0.059532475786414116
v 0.32900704269096726 0.15499998331069953 0.07464815965960399
v 0.3393870730212388 0.06999998614192016 0.059532475786414116
v 0.3486759198244314 0.06999998614192016 0.04372278286748789
v 0.3513275903415899 0.07585785053670413 0.06712677085033901
v 0.3486759198244314 0.06999998614192016 0.04372278286748789
v 0.3611219904975207 0.07585785053670413 0.050456598048802606
v 0.3513275903415899 0.07585785053670413 0.06712677085033901
v 0.3513275903415899 0.07585785053670413 0.06712677085033901
v 0.3611219904975207 0.07585785053670413 0.050456598048802606
v 0.35627350300708993 0.0899999856948853 0.07027241648700018
v 0.3611219904975207 0.07585785053670413 0.050456598048802606
v 0.3662773245823145 0.0899999856948853 0.053245835418631024
v 0.35627350300708993 0.0899999856948853 0.07027241648700018
v 0.35627350300708993 0.0899999856948853 0.07027241648700018
v 0.3662773245823145 0.0899999856948853 0.053245835418631024
v 0.35627350300708993 0.13499998748302466 0.07027241648700018
v 0.3662773245823145 0.0899999856948853 0.053245835418631024
v 0.3662773245823145 0.13499998748302466 0.053245835418631024
v 0.35627350300708993 0.13499998748302466 0.07027241648700018
v 0.35627350300708993 0.13499998748302466 0.07027241648700018
v 0.3662773245823145 0.13499998748302466 0.053245835418631024
v 0.3513275903415899 0.1491421207785607 0.06712677085033901
v 0.3662773245823145 0.13499998748302466 0.053245835418631024
v 0.3611219904975207 0.1491421207785607 0.050456598048802606
v 0.3513275903415899 0.1491421207785607 0.06712677085033901
v 0.3513275903415899 0.1491421207785607 0.06712677085033901
v 0.3611219904975207 0.1491421207785607 0.050456598048802606
v 0.3393870730212388 0.15499998331069953 0.059532475786414116
v 0.3611219904975207 0.1491421207785607 0.050456598048802606
v 0.3486759198244314 0.15499998331069953 0.04372278286748789
v 0.3393870730212388 0.15499998331069953 0.059532475786414116
v 0.3486759198244314 0.06999998614192016 0.04372278286748789
v 0.3568273715453879 0.06999998614192016 0.027297710286290314
v 0.3611219904975207 0.07585785053670413 0.050456598048802606
v 0.3568273715453879 0.06999998614192016 0.027297710286290314
v 0.36971709896917104 0.07585785053670413 0.03313756171971402
v 0.3611219904975207 0.07585785053670413 0.050456598048802606
v 0.3611219904975207 0.07585785053670413 0.050456598048802606
v 0.36971709896917104 0.07585785053670413 0.03313756171971402
v 0.3662773245823145 0.0899999856948853 0.053245835418631024
v 0.36971709896917104 0.07585785053670413 0.03313756171971402
v 0.3750561927277501 0.0899999856948853 0.03555651378895999
v 0.3662773245823145 0.0899999856948853 0.053245835418631024
v 0.3662773245823145 0.0899999856948853 0.053245835418631024
v 0.3750561927277501 0.0899999856948853 0.03555651378895999
v 0.3662773245823145 0.13499998748302466 0.053245835418631024
v 0.3750561927277501 0.0899999856948853 0.03555651378895999
v 0.3750561927277501 0.13499998748302466 0.03555651378895999
v 0.3662773245823145 0.13499998748302466 0.053245835418631024
v 0.3662773245823145 0.13499998748302466 0.053245835418631024
v 0.3750561927277501 0.13499998748302466 0.03555651378895999
v 0.3611219904975207 0.1491421207785607 0.050456598048802606
v 0.3750561927277501 0.13499998748302466 0.03555651378895999
v 0.36971709896917104 0.1491421207785607 0.03313756171971402
v 0.3611219904975207 0.1491421207785607 0.050456598048802606
v 0.3611219904975207 0.1491421207785607 0.050456598048802606
v 0.36971709896917104 0.1491421207785607 0.03313756171971402
v 0.3486759198244314 0.15499998331069953 0.04372278286748789
v 0.36971709896917104 0.1491421207785607 0.03313756171971402
v 0.3568273715453879 0.15499998331069953 0.027297710286290314
v 0.3486759198244314 0.15499998331069953 0.04372278286748789
v 0.3568273715453879 0.06999998614192016 0.027297710286290314
v 0.36380088489858853 0.06999998614192016 0.010338960601884342
v 0.36971709896917104 0.07585785053670413 0.03313756171971402
v 0.36380088489858853 0.06999998614192016 0.010338960601884342
v 0.3770701566596606 0.07585785053670413 0.015255805196597472
v 0.36971709896917104 0.07585785053670413 0.03313756171971402
v 0.36971709896917104 0.07585785053670413 0.03313756171971402
v 0.3770701566596606 0.07585785053670413 0.015255805196597472
v 0.3750561927277501 0.0899999856948853 0.03555651378895999
v 0.3770701566596606 0.07585785053670413 0.015255805196597472
v 0.3825664715332879 0.0899999856948853 0.0172924405638636
v 0.3750561927277501 0.0899999856948853 0.03555651378895999
v 0.3750561927277501 0.0899999856948853 0.03555651378895999
v 0.3825664715332879 0.0899999856948853 0.0172924405638636
v 0.3750561927277501 0.13499998748302466 0.03555651378895999
v 0.3825664715332879 0.0899999856948853 0.0172924405638636
v 0.3825664715332879 0.13499998748302466 0.0172924405638636
v 0.3750561927277501 0.13499998748302466 0.03555651378895999
v 0.3750561927277501 0.13499998748302466 0.03555651378895999
v 0.3825664715332879 0.13499998748302466 0.0172924405638636
v 0.36971709896917104 0.1491421207785607 0.03313756171971402
v 0.3825664715332879 0.13499998748302466 0.0172924405638636
v 0.3770701566596606 0.1491421207785607 0.015255805196597472
v 0.36971709896917104 0.1491421207785607 0.03313756171971402
v 0.36971709896917104 0.1491421207785607 0.03313756171971402
v 0.3770701566596606 0.1491421207785607 0.015255805196597472
v 0.3568273715453879 0.15499998331069953 0.027297710286290314
v 0.3770701566596606 0.1491421207785607 0.015255805196597472
v 0.36380088489858853 0.15499998331069953 0.010338960601884342
v 0.3568273715453879 0.15499998331069953 0.027297710286290314
v 0.36380088489858853 0.06999998614192016 0.010338960601884342
v 0.369561788454518 0.06999998614192016 -0.007069118606697955
v 0.3770701566596606 0.07585785053670413 0.015255805196597472
v 0.369561788454518 0.06999998614192016 -0.007069118606697955
v 0.38314460674925005 0.07585785053670413 -0.0030997300722704207
v 0.3770701566596606 0.07585785053670413 0.015255805196597472
v 0.3770701566596606 0.07585785053670413 0.015255805196597472
v 0.38314460674925005 0.07585785053670413 -0.0030997300722704207
v 0.3825664715332879 0.0899999856948853 0.0172924405638636
v 0.38314460674925005 0.07585785053670413 -0.0030997300722704207
v 0.38877080018125043 0.0899999856948853 -0.001455556718305287
v 0.3825664715332879 0.0899999856948853 0.0172924405638636
v 0.3825664715332879 0.0899999856948853 0.0172924405638636
v 0.38877080018125043 0.0899999856948853 -0.001455556718305287
v 0.3825664715332879 0.13499998748302466 0.0172924405638636
v 0.38877080018125043 0.0899999856948853 -0.001455556718305287
v 0.38877080018125043 0.13499998748302466 -0.001455556718305287
v 0.3825664715332879 0.13499998748302466 0.0172924405638636
v 0.3825664715332879 0.13499998748302466 0.0172924405638636
v 0.38877080018125043 0.13499998748302466 -0.001455556718305287
v 0.3770701566596606 0.1491421207785607 0.015255805196597472
v 0.38877080018125043 0.13499998748302466 -0.001455556718305287
v 0.38314460674925005 0.1491421207785607 -0.0030997300722704207
v 0.3770701566596606 0.1491421207785607 0.015255805196597472
v 0.3770701566596606 0.1491421207785607 0.015255805196597472
v 0.38314460674925005 0.1491421207785607 -0.0030997300722704207
v 0.36380088489858853 0.15499998331069953 0.010338960601884342
v 0.38314460674925005 0.1491421207785607 -0.0030997300722704207
v 0.369561788454518 0.15499998331069953 -0.007069118606697955
v 0.36380088489858853 0.15499998331069953 0.010338960601884342
v 0.369561788454518 0.06999998614192016 -0.007069118606697955
v 0.3740814163199092 0.06999998614192016 -0.024839933125400587
v 0.38314460674925005 0.07585785053670413 -0.0030997300722704207
v 0.3740814163199092 0.06999998614192016 -0.024839933125400587
v 0.38791022773101785 0.07585785053670413 -0.02183775663183976
v 0.38314460674925005 0.07585785053670413 -0.0030997300722704207
v 0.38314460674925005 0.07585785053670413 -0.0030997300722704207
v 0.38791022773101785 0.07585785053670413 -0.02183775663183976
v 0.38877080018125043 0.0899999856948853 -0.001455556718305287
v 0.38791022773101785 0.07585785053670413 -0.02183775663183976
v 0.3936383072111865 0.0899999856948853 -0.0205942112985137
v 0.38877080018125043 0.0899999856948853 -0.001455556718305287
v 0.38877080018125043 0.0899999856948853 -0.001455556718305287
v 0.3936383072111865 0.0899999856948853 -0.0205942112985137
v 0.38877080018125043 0.13499998748302466 -0.001455556718305287
v 0.3936383072111865 0.0899999856948853 -0.0205942112985137
v 0.3936383072111865 0.13499998748302466 -0.0205942112985137
v 0.38877080018125043 0.13499998748302466 -0.001455556718305287
v 0.38877080018125043 0.13499998748302466 -0.001455556718305287
v 0.3936383072111865 0.13499998748302466 -0.0205942112985137
v 0.38314460674925005 0.1491421207785607 -0.0030997300722704207
v 0.3936383072111865 0.13499998748302466 -0.0205942112985137
v 0.38791022773101785 0.1491421207785607 -0.02183775663183976
v 0.38314460674925005 0.1491421207785607 -0.0030997300722704207
v 0.38314460674925005 0.1491421207785607 -0.0030997300722704207
v 0.38791022773101785 0.1491421207785607 -0.02183775663183976
v 0.369561788454518 0.15499998331069953 -0.007069118606697955
v 0.38791022773101785 0.1491421207785607 -0.02183775663183976
v 0.3740814163199092 0.15499998331069953 -0.024839933125400587
v 0.369561788454518 0.15499998331069953 -0.007069118606697955
v 0.3740814163199092 0.06999998614192016 -0.024839933125400587
v 0.377337298781084 0.06999998614192016 -0.04288511556997772
v 0.38791022773101785 0.07585785053670413 -0.02183775663183976
v 0.377337298781084 0.06999998614192016 -0.04288511556997772
v 0.39134331013571 0.07585785053670413 -0.04086506885363242
v 0.38791022773101785 0.07585785053670413 -0.02183775663183976
v 0.38791022773101785 0.07585785053670413 -0.02183775663183976
v 0.39134331013571 0.07585785053670413 -0.04086506885363242
v 0.3936383072111865 0.0899999856948853 -0.0205942112985137
v 0.39134331013571 0.07585785053670413 -0.04086506885363242
v 0.397144794369415 0.0899999856948853 -0.040028340178002886
v 0.3936383072111865 0.0899999856948853 -0.0205942112985137
v 0.3936383072111865 0.0899999856948853 -0.0205942112985137
v 0.397144794369415 0.0899999856948853 -0.040028340178002886
v 0.3936383072111865 0.13499998748302466 -0.0205942112985137
v 0.397144794369415 0.0899999856948853 -0.040028340178002886
v 0.397144794369415 0.13499998748302466 -0.040028340178002886
v 0.3936383072111865 0.13499998748302466 -0.0205942112985137
v 0.3936383072111865 0.13499998748302466 -0.0205942112985137
v 0.397144794369415 0.13499998748302466 -0.040028340178002886
v 0.38791022773101785 0.1491421207785607 -0.02183775663183976
v 0.397144794369415 0.13499998748302466 -0.040028340178002886
v 0.39134331013571 0.1491421207785607 -0.04086506885363242
v 0.38791022773101785 0.1491421207785607 -0.02183775663183976
v 0.38791022773101785 0.1491421207785607 -0.02183775663183976
v 0.39134331013571 0.1491421207785607 -0.04086506885363242
v 0.3740814163199092 0.15499998331069953 -0.024839933125400587
v 0.39134331013571 0.1491421207785607 -0.04086506885363242
v 0.377337298781084 0.15499998331069953 -0.04288511556997772
v 0.3740814163199092 0.15499998331069953 -0.024839933125400587
v 0.377337298781084 0.06999998614192016 -0.04288511556997772
v 0.3793132283426723 0.06999998614192016 -0.0611148774948823
v 0.39134331013571 0.07585785053670413 -0.04086506885363242
v 0.3793132283426723 0.06999998614192016 -0.0611148774948823
v 0.39342679118744767 0.07585785053670413 -0.060087032261382164
v 0.39134331013571 0.07585785053670413 -0.04086506885363242
v 0.39134331013571 0.07585785053670413 -0.04086506885363242
v 0.39342679118744767 0.07585785053670413 -0.060087032261382164
v 0.397144794369415 0.0899999856948853 -0.040028340178002886
v 0.39342679118744767 0.07585785053670413 -0.060087032261382164
v 0.399272818186266 0.0899999856948853 -0.05966127907632668
v 0.397144794369415 0.0899999856948853 -0.040028340178002886
v 0.397144794369415 0.0899999856948853 -0.040028340178002886
v 0.399272818186266 0.0899999856948853 -0.05966127907632668
v 0.397144794369415 0.13499998748302466 -0.040028340178002886
v 0.399272818186266 0.0899999856948853 -0.05966127907632668
v 0.399272818186266 0.13499998748302466 -0.05966127907632668
v 0.397144794369415 0.13499998748302466 -0.040028340178002886
v 0.397144794369415 0.13499998748302466 -0.040028340178002886
v 0.399272818186266 0.13499998748302466 -0.05966127907632668
v 0.39134331013571 0.1491421207785607 -0.04086506885363242
v 0.399272818186266 0.13499998748302466 -0.05966127907632668
v 0.39342679118744767 0.1491421207785607 -0.060087032261382164
v 0.39134331013571 0.1491421207785607 -0.04086506885363242
v 0.39134331013571 0.1491421207785607 -0.04086506885363242
v 0.39342679118744767 0.1491421207785607 -0.060087032261382164
v 0.377337298781084 0.15499998331069953 -0.04288511556997772
v 0.39342679118744767 0.1491421207785607 -0.060087032261382164
v 0.3793132283426723 0.15499998331069953 -0.0611148774948823
v 0.377337298781084 0.15499998331069953 -0.04288511556997772
v 0.3793132283426723 0.06999998614192016 -0.0611148774948823
v 0.37999938920955373 0.06999998614192016 -0.07943858545268685
v 0.39342679118744767 0.07585785053670413 -0.060087032261382164
v 0.37999938920955373 0.06999998614192016 -0.07943858545268685
v 0.3941502949563935 0.07585785053670413 -0.0794080262583342
v 0.39342679118744767 0.07585785053670413 -0.060087032261382164
v 0.39342679118744767 0.07585785053670413 -0.060087032261382164
v 0.3941502949563935 0.07585785053670413 -0.0794080262583342
v 0.399272818186266 0.0899999856948853 -0.05966127907632668
v 0.3941502949563935 0.07585785053670413 -0.0794080262583342
v 0.400011795505672 0.0899999856948853 -0.07939538794008134
v 0.399272818186266 0.0899999856948853 -0.05966127907632668
v 0.399272818186266 0.0899999856948853 -0.05966127907632668
v 0.400011795505672 0.0899999856948853 -0.07939538794008134
v 0.399272818186266 0.13499998748302466 -0.05966127907632668
v 0.400011795505672 0.0899999856948853 -0.07939538794008134
v 0.400011795505672 0.13499998748302466 -0.07939538794008134
v 0.399272818186266 0.13499998748302466 -0.05966127907632668
v 0.399272818186266 0.13499998748302466 -0.05966127907632668
v 0.400011795505672 0.13499998748302466 -0.07939538794008134
v 0.39342679118744767 0.1491421207785607 -0.060087032261382164
v 0.400011795505672 0.13499998748302466 -0.07939538794008134
v 0.3941502949563935 0.1491421207785607 -0.0794080262583342
v 0.39342679118744767 0.1491421207785607 -0.060087032261382164
v 0.39342679118744767 0.1491421207785607 -0.060087032261382164
v 0.3941502949563935 0.1491421207785607 -0.0794080262583342
v 0.3793132283426723 0.15499998331069953 -0.0611148774948823
v 0.3941502949563935 0.1491421207785607 -0.0794080262583342
v 0.37999938920955373 0.15499998331069953 -0.07943858545268685
v 0.3793132283426723 0.15499998331069953 -0.0611148774948823
v 0.37999938920955373 0.06999998614192016 -0.07943858545268685
v 0.3793923657179126 0.06999998614192016 -0.09776509174611664
v 0.3941502949563935 0.07585785053670413 -0.0794080262583342
v 0.3793923657179126 0.06999998614192016 -0.09776509174611664
v 0.39351023335914487 0.07585785053670413 -0.09873198264672153
v 0.3941502949563935 0.07585785053670413 -0.0794080262583342
v 0.3941502949563935 0.07585785053670413 -0.0794080262583342
v 0.39351023335914487 0.07585785053670413 -0.09873198264672153
v 0.400011795505672 0.0899999856948853 -0.07939538794008134
v 0.39351023335914487 0.07585785053670413 -0.09873198264672153
v 0.39935804363783434 0.0899999856948853 -0.09913249367020517
v 0.400011795505672 0.0899999856948853 -0.07939538794008134
v 0.400011795505672 0.0899999856948853 -0.07939538794008134
v 0.39935804363783434 0.0899999856948853 -0.09913249367020517
v 0.400011795505672 0.13499998748302466 -0.07939538794008134
v 0.39935804363783434 0.0899999856948853 -0.09913249367020517
v 0.39935804363783434 0.13499998748302466 -0.09913249367020517
v 0.400011795505672 0.13499998748302466 -0.07939538794008134
v 0.400011795505672 0.13499998748302466 -0.07939538794008134
v 0.39935804363783434 0.13499998748302466 -0.09913249367020517
v 0.3941502949563935 0.1491421207785607 -0.0794080262583342
v 0.39935804363783434 0.13499998748302466 -0.09913249367020517
v 0.39351023335914487 0.1491421207785607 -0.09873198264672153
v 0.3941502949563935 0.1491421207785607 -0.0794080262583342
v 0.3941502949563935 0.1491421207785607 -0.0794080262583342
v 0.39351023335914487 0.1491421207785607 -0.09873198264672153
v 0.37999938920955373 0.15499998331069953 -0.07943858545268685
v 0.39351023335914487 0.1491421207785607 -0.09873198264672153
v 0.3793923657179126 0.15499998331069953 -0.09776509174611664
v 0.37999938920955373 0.15499998331069953 -0.07943858545268685
v 0.3793923657179126 0.06999998614192016 -0.09776509174611664
v 0.37749518184333586 0.06999998614192016 -0.11600323087838366
v 0.39351023335914487 0.07585785053670413 -0.09873198264672153
v 0.37749518184333586 0.06999998614192016 -0.11600323087838366
v 0.39150978093447425 0.07585785053670413 -0.11796276557363446
v 0.39351023335914487 0.07585785053670413 -0.09873198264672153
v 0.39351023335914487 0.07585785053670413 -0.09873198264672153
v 0.39150978093447425 0.07585785053670413 -0.11796276557363446
v 0.39935804363783434 0.0899999856948853 -0.09913249367020517
v 0.39150978093447425 0.07585785053670413 -0.11796276557363446
v 0.3973148234296681 0.0899999856948853 -0.11877443414611669
v 0.39935804363783434 0.0899999856948853 -0.09913249367020517
v 0.39935804363783434 0.0899999856948853 -0.09913249367020517
v 0.3973148234296681 0.0899999856948853 -0.11877443414611669
v 0.39935804363783434 0.13499998748302466 -0.09913249367020517
v 0.3973148234296681 0.0899999856948853 -0.11877443414611669
v 0.3973148234296681 0.13499998748302466 -0.11877443414611669
v 0.39935804363783434 0.13499998748302466 -0.09913249367020517
v 0.39935804363783434 0.13499998748302466 -0.09913249367020517
v 0.3973148234296681 0.13499998748302466 -0.11877443414611669
v 0.39351023335914487 0.1491421207785607 -0.09873198264672153
v 0.3973148234296681 0.13499998748302466 -0.11877443414611669
v 0.39150978093447425 0.1491421207785607 -0.11796276557363446
v 0.39351023335914487 0.1491421207785607 -0.09873198264672153
v 0.39351023335914487 0.1491421207785607 -0.09873198264672153
v 0.39150978093447425 0.1491421207785607 -0.11796276557363446
v 0.3793923657179126 0.15499998331069953 -0.09776509174611664
v 0.39150978093447425 0.1491421207785607 -0.11796276557363446
v 0.37749518184333586 0.15499998331069953 -0.11600323087838366
v 0.3793923657179126 0.15499998331069953 -0.09776509174611664
v 0.37749518184333586 0.06999998614192016 -0.11600323087838366
v 0.37431726238895935 0.06999998614192016 -0.1340622985312956
v 0.39150978093447425 0.07585785053670413 -0.11796276557363446
v 0.37431726238895935 0.06999998614192016 -0.1340622985312956
v 0.38815890529303165 0.07585785053670413 -0.13700473400284735
v 0.39150978093447425 0.07585785053670413 -0.11796276557363446
v 0.39150978093447425 0.07585785053670413 -0.11796276557363446
v 0.38815890529303165 0.07585785053670413 -0.13700473400284735
v 0.3973148234296681 0.0899999856948853 -0.11877443414611669
v 0.38815890529303165 0.07585785053670413 -0.13700473400284735
v 0.3938922923614036 0.08999998569488532 -0.138223522640766
v 0.3973148234296681 0.0899999856948853 -0.11877443414611669
v 0.3973148234296681 0.0899999856948853 -0.11877443414611669
v 0.3938922923614036 0.08999998569488532 -0.138223522640766
v 0.3973148234296681 0.13499998748302466 -0.11877443414611669
v 0.3938922923614036 0.08999998569488532 -0.138223522640766
v 0.3938922923614036 0.13499998748302466 -0.138223522640766
v 0.3973148234296681 0.13499998748302466 -0.11877443414611669
v 0.3973148234296681 0.13499998748302466 -0.11877443414611669
v 0.3938922923614036 0.13499998748302466 -0.138223522640766
v 0.39150978093447425 0.1491421207785607 -0.11796276557363446
v 0.3938922923614036 0.13499998748302466 -0.138223522640766
v 0.38815890529303165 0.1491421207785607 -0.13700473400284735
v 0.39150978093447425 0.1491421207785607 -0.11796276557363446
v 0.39150978093447425 0.1491421207785607 -0.11796276557363446
v 0.38815890529303165 0.1491421207785607 -0.13700473400284735
v 0.37749518184333586 0.15499998331069953 -0.11600323087838366
v 0.38815890529303165 0.1491421207785607 -0.13700473400284735
v 0.37431726238895935 0.15499998331069953 -0.1340622985312956
v 0.37749518184333586 0.15499998331069953 -0.11600323087838366
v 0.37431726238895935 0.06999998614192016 -0.1340622985312956
v 0.3698744155304694 0.06999998614192016 -0.15185247293570064
v 0.38815890529303165 0.07585785053670413 -0.13700473400284735
v 0.3698744155304694 0.06999998614192016 -0.15185247293570064
v 0.37986462398253773 0.07585785053670413 -0.1691786380943106
v 0.38815890529303165 0.07585785053670413 -0.13700473400284735
v 0.38815890529303165 0.07585785053670413 -0.13700473400284735
v 0.37986462398253773 0.07585785053670413 -0.1691786380943106
v 0.3938922923614036 0.08999998569488532 -0.138223522640766
v 0.37986462398253773 0.07585785053670413 -0.1691786380943106
v 0.3840026820488254 0.08999998569488532 -0.17635535860852936
v 0.3938922923614036 0.08999998569488532 -0.138223522640766
v 0.3938922923614036 0.08999998569488532 -0.138223522640766
v 0.3840026820488254 0.08999998569488532 -0.17635535860852936
v 0.3938922923614036 0.13499998748302466 -0.138223522640766
v 0.3840026820488254 0.08999998569488532 -0.17635535860852936
v 0.3840026820488254 0.13499998748302466 -0.17635535860852936
v 0.3938922923614036 0.13499998748302466 -0.138223522640766
v 0.3938922923614036 0.13499998748302466 -0.138223522640766
v 0.3840026820488254 0.13499998748302466 -0.17635535860852936
v 0.38815890529303165 0.1491421207785607 -0.13700473400284735
v 0.3840026820488254 0.13499998748302466 -0.17635535860852936
v 0.37986462398253773 0.1491421207785607 -0.1691786380943106
v 0.38815890529303165 0.1491421207785607 -0.13700473400284735
v 0.38815890529303165 0.1491421207785607 -0.13700473400284735
v 0.37986462398253773 0.1491421207785607 -0.1691786380943106
v 0.37431726238895935 0.15499998331069953 -0.1340622985312956
v 0.37986462398253773 0.1491421207785607 -0.1691786380943106
v 0.3698744155304694 0.15499998331069953 -0.15185247293570064
v 0.37431726238895935 0.15499998331069953 -0.1340622985312956
v 0.3698744155304694 0.06999998614192016 -0.15185247293570064
v 0.12 0.06999998614192016 -0.08
v 0.37986462398253773 0.07585785053670413 -0.1691786380943106
v 0.12 0.06999998614192016 -0.08
v 0.1365067119292398 0.07585785053670413 -0.09129284921548585
v 0.37986462398253773 0.07585785053670413 -0.1691786380943106
v 0.37986462398253773 0.07585785053670413 -0.1691786380943106
v 0.1365067119292398 0.07585785053670413 -0.09129284921548585
v 0.3840026820488254 0.08999998569488532 -0.17635535860852936
v 0.1365067119292398 0.07585785053670413 -0.09129284921548585
v 0.1433440156338265 0.08999998569488532 -0.09597050034960464
v 0.3840026820488254 0.08999998569488532 -0.17635535860852936
v 0.3840026820488254 0.08999998569488532 -0.17635535860852936
v 0.1433440156338265 0.08999998569488532 -0.09597050034960464
v 0.3840026820488254 0.13499998748302466 -0.17635535860852936
v 0.1433440156338265 0.08999998569488532 -0.09597050034960464
v 0.1433440156338265 0.13499998748302466 -0.09597050034960462
v 0.3840026820488254 0.13499998748302466 -0.17635535860852936
v 0.3840026820488254 0.13499998748302466 -0.17635535860852936
v 0.1433440156338265 0.13499998748302466 -0.09597050034960462
v 0.37986462398253773 0.1491421207785607 -0.1691786380943106
v 0.1433440156338265 0.13499998748302466 -0.09597050034960462
v 0.1365067119292398 0.1491421207785607 -0.09129284921548585
v 0.37986462398253773 0.1491421207785607 -0.1691786380943106
v 0.37986462398253773 0.1491421207785607 -0.1691786380943106
v 0.1365067119292398 0.1491421207785607 -0.09129284921548585
v 0.3698744155304694 0.15499998331069953 -0.15185247293570064
v 0.1365067119292398 0.1491421207785607 -0.09129284921548585
v 0.12 0.15499998331069953 -0.08
v 0.3698744155304694 0.15499998331069953 -0.15185247293570064
v 0.12 0.06999998614192016 -0.08
v 0.2775132453122675 0.06999998614192016 -0.2868564211110371
v 0.1365067119292398 0.07585785053670413 -0.09129284921548585
v 0.2775132453122675 0.06999998614192016 -0.2868564211110371
v 0.29728193795146085 0.07585785053670413 -0.2898894155647591
v 0.1365067119292398 0.07585785053670413 -0.09129284921548585
v 0.1365067119292398 0.07585785053670413 -0.09129284921548585
v 0.29728193795146085 0.07585785053670413 -0.2898894155647591
v 0.1433440156338265 0.08999998569488532 -0.09597050034960464
v 0.29728193795146085 0.07585785053670413 -0.2898894155647591
v 0.30547037940856964 0.08999998569488532 -0.2911457070925021
v 0.1433440156338265 0.08999998569488532 -0.09597050034960464
v 0.1433440156338265 0.08999998569488532 -0.09597050034960464
v 0.30547037940856964 0.08999998569488532 -0.2911457070925021
v 0.1433440156338265 0.13499998748302466 -0.09597050034960462
v 0.30547037940856964 0.08999998569488532 -0.2911457070925021
v 0.30547037940856964 0.13499998748302466 -0.2911457070925021
v 0.1433440156338265 0.13499998748302466 -0.09597050034960462
v 0.1433440156338265 0.13499998748302466 -0.09597050034960462
v 0.30547037940856964 0.13499998748302466 -0.2911457070925021
v 0.1365067119292398 0.1491421207785607 -0.09129284921548585
v 0.30547037940856964 0.13499998748302466 -0.2911457070925021
v 0.29728193795146085 0.1491421207785607 -0.2898894155647591
v 0.1365067119292398 0.1491421207785607 -0.09129284921548585
v 0.1365067119292398 0.1491421207785607 -0.09129284921548585
v 0.29728193795146085 0.1491421207785607 -0.2898894155647591
v 0.12 0.15499998331069953 -0.08
v 0.29728193795146085 0.1491421207785607 -0.2898894155647591
v 0.2775132453122675 0.15499998331069953 -0.2868564211110371
v 0.12 0.15499998331069953 -0.08
vt 0.24042296409606934 0.09897878766059875
vt 0.2468012124300003 0.08178730309009552
vt 0 0
vt 0.22411668300628662 0.1318017840385437
vt 0.2328488975763321 0.11567796766757965
vt 0.24042296409606934 0.09897878766059875
vt 0.20335710048675537 0.16200582683086395
vt 0.214269757270813 0.1472700536251068
vt 0.22411668300628662 0.1318017840385437
vt 0.17855672538280487 0.1889907270669937
vt 0.19143299758434296 0.1759358048439026
vt 0.20335710048675537 0.16200582683086395
vt 0.15020833909511566 0.21222029626369476
vt 0.16479235887527466 0.20110563933849335
vt 0.17855672538280487 0.1889907270669937
vt 0.11887524276971817 0.23123295605182648
vt 0.13487721979618073 0.2222794145345688
vt 0.15020833909511566 0.21222029626369476
vt 0.08518003672361374 0.24565088748931885
vt 0.10228200256824493 0.23903638124465942
vt 0.11887524276971817 0.23123295605182648
vt 0.04979226365685463 0.25518763065338135
vt 0.06765440106391907 0.2510435879230499
vt 0.08518003672361374 0.24565088748931885
vt 0.013415097258985043 0.2596536874771118
vt 0.03168247267603874 0.2580624222755432
vt 0.04979226365685463 0.25518763065338135
vt -0.023228636011481285 0.2589602768421173
vt -0.004919001832604408 0.25995346903800964
vt 0.013415097258985043 0.2596536874771118
vt -0.05941080302000046 0.2531212270259857
vt -0.041422732174396515 0.25667908787727356
vt -0.023228636011481285 0.2589602768421173
vt -0.09441245347261429 0.24225252866744995
vt -0.0771033763885498 0.24830438196659088
vt -0.05941080302000046 0.2531212270259857
vt -0.12753808498382568 0.22657015919685364
vt -0.11125193536281586 0.2349957525730133
vt -0.09441245347261429 0.24225252866744995
vt -0.1581294685602188 0.20638573169708252
vt -0.14318987727165222 0.21701765060424805
vt -0.12753808498382568 0.22657015919685364
vt -0.18557874858379364 0.1821003258228302
vt -0.17228256165981293 0.19472730159759521
vt -0.1581294685602188 0.20638573169708252
vt -0.20934048295021057 0.15419650077819824
vt -0.19795189797878265 0.16856762766838074
vt -0.18557874858379364 0.1821003258228302
vt -0.22894252836704254 0.12322871387004852
vt -0.21968784928321838 0.1390584409236908
vt -0.20934048295021057 0.15419650077819824
vt -0.24399538338184357 0.08981232345104218
vt -0.23705850541591644 0.1067860871553421
vt -0.22894252836704254 0.12322871387004852
vt -0.25419992208480835 0.05461131036281586
vt -0.24971868097782135 0.07239184528589249
vt -0.24399538338184357 0.08981232345104218
vt -0.2593533992767334 0.018325146287679672
vt -0.25741684436798096 0.03655914589762688
vt -0.25419992208480835 0.05461131036281586
vt -0.2593533992767334 -0.018325146287679672
vt -0.25999999046325684 1.4730400584608795e-16
vt -0.2593533992767334 0.018325146287679672
vt -0.25419992208480835 -0.05461131036281586
vt -0.25741684436798096 -0.03655914589762688
vt -0.2593533992767334 -0.018325146287679672
vt -0.24399538338184357 -0.08981232345104218
vt -0.24971868097782135 -0.07239184528589249
vt -0.25419992208480835 -0.05461131036281586
vt -0.22894252836704254 -0.12322871387004852
vt -0.23705850541591644 -0.1067860871553421
vt -0.24399538338184357 -0.08981232345104218
vt -0.20934048295021057 -0.15419650077819824
vt -0.21968784928321838 -0.1390584409236908
vt -0.22894252836704254 -0.12322871387004852
vt -0.18557874858379364 -0.1821003258228302
vt -0.19795189797878265 -0.16856762766838074
vt -0.20934048295021057 -0.15419650077819824
vt -0.1581294685602188 -0.20638573169708252
vt -0.17228256165981293 -0.19472730159759521
vt -0.18557874858379364 -0.1821003258228302
vt -0.12753808498382568 -0.22657015919685364
vt -0.14318987727165222 -0.21701765060424805
vt -0.1581294685602188 -0.20638573169708252
vt -0.09441245347261429 -0.24225252866744995
vt -0.11125193536281586 -0.2349957525730133
vt -0.12753808498382568 -0.22657015919685364
vt -0.05941080302000046 -0.2531212270259857
vt -0.0771033763885498 -0.24830438196659088
vt -0.09441245347261429 -0.24225252866744995
vt -0.023228636011481285 -0.2589602768421173
vt -0.041422732174396515 -0.25667908787727356
vt -0.05941080302000046 -0.2531212270259857
vt 0.013415097258985043 -0.2596536874771118
vt -0.004919001832604408 -0.25995346903800964
vt -0.023228636011481285 -0.2589602768421173
vt 0.04979226365685463 -0.25518763065338135
vt 0.03168247267603874 -0.2580624222755432
vt 0.013415097258985043 -0.2596536874771118
vt 0.08518003672361374 -0.24565088748931885
vt 0.06765440106391907 -0.2510435879230499
vt 0.04979226365685463 -0.25518763065338135
vt 0.11887524276971817 -0.23123295605182648
vt 0.10228200256824493 -0.23903638124465942
vt 0.08518003672361374 -0.24565088748931885
vt 0.15020833909511566 -0.21222029626369476
vt 0.13487721979618073 -0.2222794145345688
vt 0.11887524276971817 -0.23123295605182648
vt 0.17855672538280487 -0.1889907270669937
vt 0.16479235887527466 -0.20110563933849335
vt 0.15020833909511566 -0.21222029626369476
vt 0.20335710048675537 -0.16200582683086395
vt 0.19143299758434296 -0.1759358048439026
vt 0.17855672538280487 -0.1889907270669937
vt 0.22411668300628662 -0.1318017840385437
vt 0.214269757270813 -0.1472700536251068
vt 0.20335710048675537 -0.16200582683086395
vt 0.24042296409606934 -0.09897878766059875
vt 0.2328488975763321 -0.11567796766757965
vt 0.22411668300628662 -0.1318017840385437
vt 0 0
vt 0.2468012124300003 -0.08178730309009552
vt 0.24042296409606934 -0.09897878766059875
vt 0.22411668300628662 0.1318017840385437
vt 0.24042296409606934 0.09897878766059875
vt 0 0
vt 0.17855672538280487 0.1889907270669937
vt 0.20335710048675537 0.16200582683086395
vt 0.22411668300628662 0.1318017840385437
vt 0.11887524276971817 0.23123295605182648
vt 0.15020833909511566 0.21222029626369476
vt 0.17855672538280487 0.1889907270669937
vt 0.04979226365685463 0.25518763065338135
vt 0.08518003672361374 0.24565088748931885
vt 0.11887524276971817 0.23123295605182648
vt -0.023228636011481285 0.2589602768421173
vt 0.013415097258985043 0.2596536874771118
vt 0.04979226365685463 0.25518763065338135
vt -0.09441245347261429 0.24225252866744995
vt -0.05941080302000046 0.2531212270259857
vt -0.023228636011481285 0.2589602768421173
vt -0.1581294685602188 0.20638573169708252
vt -0.12753808498382568 0.22657015919685364
vt -0.09441245347261429 0.24225252866744995
vt -0.20934048295021057 0.15419650077819824
vt -0.18557874858379364 0.1821003258228302
vt -0.1581294685602188 0.20638573169708252
vt -0.24399538338184357 0.08981232345104218
vt -0.22894252836704254 0.12322871387004852
vt -0.20934048295021057 0.15419650077819824
vt -0.2593533992767334 0.018325146287679672
vt -0.25419992208480835 0.05461131036281586
vt -0.24399538338184357 0.08981232345104218
vt -0.25419992208480835 -0.05461131036281586
vt -0.2593533992767334 -0.018325146287679672
vt -0.2593533992767334 0.018325146287679672
vt -0.22894252836704254 -0.12322871387004852
vt -0.24399538338184357 -0.08981232345104218
vt -0.25419992208480835 -0.05461131036281586
vt -0.18557874858379364 -0.1821003258228302
vt -0.20934048295021057 -0.15419650077819824
vt -0.22894252836704254 -0.12322871387004852
vt -0.12753808498382568 -0.22657015919685364
vt -0.1581294685602188 -0.20638573169708252
vt -0.18557874858379364 -0.1821003258228302
vt -0.05941080302000046 -0.2531212270259857
vt -0.09441245347261429 -0.24225252866744995
vt -0.12753808498382568 -0.22657015919685364
vt 0.013415097258985043 -0.2596536874771118
vt -0.023228636011481285 -0.2589602768421173
vt -0.05941080302000046 -0.2531212270259857
vt 0.08518003672361374 -0.24565088748931885
vt 0.04979226365685463 -0.25518763065338135
vt 0.013415097258985043 -0.2596536874771118
vt 0.15020833909511566 -0.21222029626369476
vt 0.11887524276971817 -0.23123295605182648
vt 0.08518003672361374 -0.24565088748931885
vt 0.20335710048675537 -0.16200582683086395
vt 0.17855672538280487 -0.1889907270669937
vt 0.15020833909511566 -0.21222029626369476
vt 0.24042296409606934 -0.09897878766059875
vt 0.22411668300628662 -0.1318017840385437
vt 0.20335710048675537 -0.16200582683086395
vt 0.17855672538280487 0.1889907270669937
vt 0.22411668300628662 0.1318017840385437
vt 0 0
vt 0.04979226365685463 0.25518763065338135
vt 0.11887524276971817 0.23123295605182648
vt 0.17855672538280487 0.1889907270669937
vt -0.09441245347261429 0.24225252866744995
vt -0.023228636011481285 0.2589602768421173
vt 0.04979226365685463 0.25518763065338135
vt -0.20934048295021057 0.15419650077819824
vt -0.1581294685602188 0.20638573169708252
vt -0.09441245347261429 0.24225252866744995
vt -0.2593533992767334 0.018325146287679672
vt -0.24399538338184357 0.08981232345104218
vt -0.20934048295021057 0.15419650077819824
vt -0.22894252836704254 -0.12322871387004852
vt -0.25419992208480835 -0.05461131036281586
vt -0.2593533992767334 0.018325146287679672
vt -0.12753808498382568 -0.22657015919685364
vt -0.18557874858379364 -0.1821003258228302
vt -0.22894252836704254 -0.12322871387004852
vt 0.013415097258985043 -0.2596536874771118
vt -0.05941080302000046 -0.2531212270259857
vt -0.12753808498382568 -0.22657015919685364
vt 0.15020833909511566 -0.21222029626369476
vt 0.08518003672361374 -0.24565088748931885
vt 0.013415097258985043 -0.2596536874771118
vt 0.24042296409606934 -0.09897878766059875
vt 0.20335710048675537 -0.16200582683086395
vt 0.15020833909511566 -0.21222029626369476
vt 0.04979226365685463 0.25518763065338135
vt 0.17855672538280487 0.1889907270669937
vt 0 0
vt -0.20934048295021057 0.15419650077819824
vt -0.09441245347261429 0.24225252866744995
vt 0.04979226365685463 0.25518763065338135
vt -0.22894252836704254 -0.12322871387004852
vt -0.2593533992767334 0.018325146287679672
vt -0.20934048295021057 0.15419650077819824
vt 0.013415097258985043 -0.2596536874771118
vt -0.12753808498382568 -0.22657015919685364
vt -0.22894252836704254 -0.12322871387004852
vt 0.24042296409606934 -0.09897878766059875
vt 0.15020833909511566 -0.21222029626369476
vt 0.013415097258985043 -0.2596536874771118
vt -0.20934048295021057 0.15419650077819824
vt 0.04979226365685463 0.25518763065338135
vt 0 0
vt 0.013415097258985043 -0.2596536874771118
vt -0.22894252836704254 -0.12322871387004852
vt -0.20934048295021057 0.15419650077819824
vt 0 0
vt 0.24042296409606934 -0.09897878766059875
vt 0.013415097258985043 -0.2596536874771118
vt 0.013415097258985043 -0.2596536874771118
vt -0.20934048295021057 0.15419650077819824
vt 0 0
vt 0 0
vt 0.2468012124300003 0.08178730309009552
vt 0.24042296409606934 0.09897878766059875
vt 0.24042296409606934 0.09897878766059875
vt 0.2328488975763321 0.11567796766757965
vt 0.22411668300628662 0.1318017840385437
vt 0.22411668300628662 0.1318017840385437
vt 0.214269757270813 0.1472700536251068
vt 0.20335710048675537 0.16200582683086395
vt 0.20335710048675537 0.16200582683086395
vt 0.19143299758434296 0.1759358048439026
vt 0.17855672538280487 0.1889907270669937
vt 0.17855672538280487 0.1889907270669937
vt 0.16479235887527466 0.20110563933849335
vt 0.15020833909511566 0.21222029626369476
vt 0.15020833909511566 0.21222029626369476
vt 0.13487721979618073 0.2222794145345688
vt 0.11887524276971817 0.23123295605182648
vt 0.11887524276971817 0.23123295605182648
vt 0.10228200256824493 0.23903638124465942
vt 0.08518003672361374 0.24565088748931885
vt 0.08518003672361374 0.24565088748931885
vt 0.06765440106391907 0.2510435879230499
vt 0.04979226365685463 0.25518763065338135
vt 0.04979226365685463 0.25518763065338135
vt 0.03168247267603874 0.2580624222755432
vt 0.013415097258985043 0.2596536874771118
vt 0.013415097258985043 0.2596536874771118
vt -0.004919001832604408 0.25995346903800964
vt -0.023228636011481285 0.2589602768421173
vt -0.023228636011481285 0.2589602768421173
vt -0.041422732174396515 0.25667908787727356
vt -0.05941080302000046 0.2531212270259857
vt -0.05941080302000046 0.2531212270259857
vt -0.0771033763885498 0.24830438196659088
vt -0.09441245347261429 0.24225252866744995
vt -0.09441245347261429 0.24225252866744995
vt -0.11125193536281586 0.2349957525730133
vt -0.12753808498382568 0.22657015919685364
vt -0.12753808498382568 0.22657015919685364
vt -0.14318987727165222 0.21701765060424805
vt -0.1581294685602188 0.20638573169708252
vt -0.1581294685602188 0.20638573169708252
vt -0.17228256165981293 0.19472730159759521
vt -0.18557874858379364 0.1821003258228302
vt -0.18557874858379364 0.1821003258228302
vt -0.19795189797878265 0.16856762766838074
vt -0.20934048295021057 0.15419650077819824
vt -0.20934048295021057 0.15419650077819824
vt -0.21968784928321838 0.1390584409236908
vt -0.22894252836704254 0.12322871387004852
vt -0.22894252836704254 0.12322871387004852
vt -0.23705850541591644 0.1067860871553421
vt -0.24399538338184357 0.08981232345104218
vt -0.24399538338184357 0.08981232345104218
vt -0.24971868097782135 0.07239184528589249
vt -0.25419992208480835 0.05461131036281586
vt -0.25419992208480835 0.05461131036281586
vt -0.25741684436798096 0.03655914589762688
vt -0.2593533992767334 0.018325146287679672
vt -0.2593533992767334 0.018325146287679672
vt -0.25999999046325684 1.4730400584608795e-16
vt -0.2593533992767334 -0.018325146287679672
vt -0.2593533992767334 -0.018325146287679672
vt -0.25741684436798096 -0.03655914589762688
vt -0.25419992208480835 -0.05461131036281586
vt -0.25419992208480835 -0.05461131036281586
vt -0.24971868097782135 -0.07239184528589249
vt -0.24399538338184357 -0.08981232345104218
vt -0.24399538338184357 -0.08981232345104218
vt -0.23705850541591644 -0.1067860871553421
vt -0.22894252836704254 -0.12322871387004852
vt -0.22894252836704254 -0.12322871387004852
vt -0.21968784928321838 -0.1390584409236908
vt -0.20934048295021057 -0.15419650077819824
vt -0.20934048295021057 -0.15419650077819824
vt -0.19795189797878265 -0.16856762766838074
vt -0.18557874858379364 -0.1821003258228302
vt -0.18557874858379364 -0.1821003258228302
vt -0.17228256165981293 -0.19472730159759521
vt -0.1581294685602188 -0.20638573169708252
vt -0.1581294685602188 -0.20638573169708252
vt -0.14318987727165222 -0.21701765060424805
vt -0.12753808498382568 -0.22657015919685364
vt -0.12753808498382568 -0.22657015919685364
vt -0.11125193536281586 -0.2349957525730133
vt -0.09441245347261429 -0.24225252866744995
vt -0.09441245347261429 -0.24225252866744995
vt -0.0771033763885498 -0.24830438196659088
vt -0.05941080302000046 -0.2531212270259857
vt -0.05941080302000046 -0.2531212270259857
vt -0.041422732174396515 -0.25667908787727356
vt -0.023228636011481285 -0.2589602768421173
vt -0.023228636011481285 -0.2589602768421173
vt -0.004919001832604408 -0.25995346903800964
vt 0.013415097258985043 -0.2596536874771118
vt 0.013415097258985043 -0.2596536874771118
vt 0.03168247267603874 -0.2580624222755432
vt 0.04979226365685463 -0.25518763065338135
vt 0.04979226365685463 -0.25518763065338135
vt 0.06765440106391907 -0.2510435879230499
vt 0.08518003672361374 -0.24565088748931885
vt 0.08518003672361374 -0.24565088748931885
vt 0.10228200256824493 -0.23903638124465942
vt 0.11887524276971817 -0.23123295605182648
vt 0.11887524276971817 -0.23123295605182648
vt 0.13487721979618073 -0.2222794145345688
vt 0.15020833909511566 -0.21222029626369476
vt 0.15020833909511566 -0.21222029626369476
vt 0.16479235887527466 -0.20110563933849335
vt 0.17855672538280487 -0.1889907270669937
vt 0.17855672538280487 -0.1889907270669937
vt 0.19143299758434296 -0.1759358048439026
vt 0.20335710048675537 -0.16200582683086395
vt 0.20335710048675537 -0.16200582683086395
vt 0.214269757270813 -0.1472700536251068
vt 0.22411668300628662 -0.1318017840385437
vt 0.22411668300628662 -0.1318017840385437
vt 0.2328488975763321 -0.11567796766757965
vt 0.24042296409606934 -0.09897878766059875
vt 0.24042296409606934 -0.09897878766059875
vt 0.2468012124300003 -0.08178730309009552
vt 0 0
vt 0 0
vt 0.24042296409606934 0.09897878766059875
vt 0.22411668300628662 0.1318017840385437
vt 0.22411668300628662 0.1318017840385437
vt 0.20335710048675537 0.16200582683086395
vt 0.17855672538280487 0.1889907270669937
vt 0.17855672538280487 0.1889907270669937
vt 0.15020833909511566 0.21222029626369476
vt 0.11887524276971817 0.23123295605182648
vt 0.11887524276971817 0.23123295605182648
vt 0.08518003672361374 0.24565088748931885
vt 0.04979226365685463 0.25518763065338135
vt 0.04979226365685463 0.25518763065338135
vt 0.013415097258985043 0.2596536874771118
vt -0.023228636011481285 0.2589602768421173
vt -0.023228636011481285 0.2589602768421173
vt -0.05941080302000046 0.2531212270259857
vt -0.09441245347261429 0.24225252866744995
vt -0.09441245347261429 0.24225252866744995
vt -0.12753808498382568 0.22657015919685364
vt -0.1581294685602188 0.20638573169708252
vt -0.1581294685602188 0.20638573169708252
vt -0.18557874858379364 0.1821003258228302
vt -0.20934048295021057 0.15419650077819824
vt -0.20934048295021057 0.15419650077819824
vt -0.22894252836704254 0.12322871387004852
vt -0.24399538338184357 0.08981232345104218
vt -0.24399538338184357 0.08981232345104218
vt -0.25419992208480835 0.05461131036281586
vt -0.2593533992767334 0.018325146287679672
vt -0.2593533992767334 0.018325146287679672
vt -0.2593533992767334 -0.018325146287679672
vt -0.25419992208480835 -0.05461131036281586
vt -0.25419992208480835 -0.05461131036281586
vt -0.24399538338184357 -0.08981232345104218
vt -0.22894252836704254 -0.12322871387004852
vt -0.22894252836704254 -0.12322871387004852
vt -0.20934048295021057 -0.15419650077819824
vt -0.18557874858379364 -0.1821003258228302
vt -0.18557874858379364 -0.1821003258228302
vt -0.1581294685602188 -0.20638573169708252
vt -0.12753808498382568 -0.22657015919685364
vt -0.12753808498382568 -0.22657015919685364
vt -0.09441245347261429 -0.24225252866744995
vt -0.05941080302000046 -0.2531212270259857
vt -0.05941080302000046 -0.2531212270259857
vt -0.023228636011481285 -0.2589602768421173
vt 0.013415097258985043 -0.2596536874771118
vt 0.013415097258985043 -0.2596536874771118
vt 0.04979226365685463 -0.25518763065338135
vt 0.08518003672361374 -0.24565088748931885
vt 0.08518003672361374 -0.24565088748931885
vt 0.11887524276971817 -0.23123295605182648
vt 0.15020833909511566 -0.21222029626369476
vt 0.15020833909511566 -0.21222029626369476
vt 0.17855672538280487 -0.1889907270669937
vt 0.20335710048675537 -0.16200582683086395
vt 0.20335710048675537 -0.16200582683086395
vt 0.22411668300628662 -0.1318017840385437
vt 0.24042296409606934 -0.09897878766059875
vt 0 0
vt 0.22411668300628662 0.1318017840385437
vt 0.17855672538280487 0.1889907270669937
vt 0.17855672538280487 0.1889907270669937
vt 0.11887524276971817 0.23123295605182648
vt 0.04979226365685463 0.25518763065338135
vt 0.04979226365685463 0.25518763065338135
vt -0.023228636011481285 0.2589602768421173
vt -0.09441245347261429 0.24225252866744995
vt -0.09441245347261429 0.24225252866744995
vt -0.1581294685602188 0.20638573169708252
vt -0.20934048295021057 0.15419650077819824
vt -0.20934048295021057 0.15419650077819824
vt -0.24399538338184357 0.08981232345104218
vt -0.2593533992767334 0.018325146287679672
vt -0.2593533992767334 0.018325146287679672
vt -0.25419992208480835 -0.05461131036281586
vt -0.22894252836704254 -0.12322871387004852
vt -0.22894252836704254 -0.12322871387004852
vt -0.18557874858379364 -0.1821003258228302
vt -0.12753808498382568 -0.22657015919685364
vt -0.12753808498382568 -0.22657015919685364
vt -0.05941080302000046 -0.2531212270259857
vt 0.013415097258985043 -0.2596536874771118
vt 0.013415097258985043 -0.2596536874771118
vt 0.08518003672361374 -0.24565088748931885
vt 0.15020833909511566 -0.21222029626369476
vt 0.15020833909511566 -0.21222029626369476
vt 0.20335710048675537 -0.16200582683086395
vt 0.24042296409606934 -0.09897878766059875
vt 0 0
vt 0.17855672538280487 0.1889907270669937
vt 0.04979226365685463 0.25518763065338135
vt 0.04979226365685463 0.25518763065338135
vt -0.09441245347261429 0.24225252866744995
vt -0.20934048295021057 0.15419650077819824
vt -0.20934048295021057 0.15419650077819824
vt -0.2593533992767334 0.018325146287679672
vt -0.22894252836704254 -0.12322871387004852
vt -0.22894252836704254 -0.12322871387004852
vt -0.12753808498382568 -0.22657015919685364
vt 0.013415097258985043 -0.2596536874771118
vt 0.013415097258985043 -0.2596536874771118
vt 0.15020833909511566 -0.21222029626369476
vt 0.24042296409606934 -0.09897878766059875
vt 0 0
vt 0.04979226365685463 0.25518763065338135
vt -0.20934048295021057 0.15419650077819824
vt -0.20934048295021057 0.15419650077819824
vt -0.22894252836704254 -0.12322871387004852
vt 0.013415097258985043 -0.2596536874771118
vt 0.013415097258985043 -0.2596536874771118
vt 0.24042296409606934 -0.09897878766059875
vt 0 0
vt 0 0
vt -0.20934048295021057 0.15419650077819824
vt 0.013415097258985043 -0.2596536874771118
vt 0.08178730309009552 1.0199999809265137
vt 0.09897878766059875 1.0199999809265137
vt 0.07312829792499542 1.0141421556472778
vt 0.09897878766059875 1.0199999809265137
vt 0.10436587035655975 1.0141421556472778
vt 0.07312829792499542 1.0141421556472778
vt 0.07312829792499542 1.0141421556472778
vt 0.10436587035655975 1.0141421556472778
vt 0.06954161822795868 1
vt 0.10436587035655975 1.0141421556472778
vt 0.10659727454185486 1
vt 0.06954161822795868 1
vt 0.06954161822795868 1
vt 0.10659727454185486 1
vt 0.06954161822795868 0.9549999833106995
vt 0.10659727454185486 1
vt 0.10659727454185486 0.9549999833106995
vt 0.06954161822795868 0.9549999833106995
vt 0.06954161822795868 0.9549999833106995
vt 0.10659727454185486 0.9549999833106995
vt 0.07312829792499542 0.9408578872680664
vt 0.10659727454185486 0.9549999833106995
vt 0.10436587035655975 0.9408578872680664
vt 0.07312829792499542 0.9408578872680664
vt 0.07312829792499542 0.9408578872680664
vt 0.10436587035655975 0.9408578872680664
vt 0.08178730309009552 0.9350000023841858
vt 0.10436587035655975 0.9408578872680664
vt 0.09897878766059875 0.9350000023841858
vt 0.08178730309009552 0.9350000023841858
vt 0.09897878766059875 1.0199999809265137
vt 0.11567796766757965 1.0199999809265137
vt 0.10436587035655975 1.0141421556472778
vt 0.11567796766757965 1.0199999809265137
vt 0.1219739317893982 1.0141421556472778
vt 0.10436587035655975 1.0141421556472778
vt 0.10436587035655975 1.0141421556472778
vt 0.1219739317893982 1.0141421556472778
vt 0.10659727454185486 1
vt 0.1219739317893982 1.0141421556472778
vt 0.12458180636167526 1
vt 0.10659727454185486 1
vt 0.10659727454185486 1
vt 0.12458180636167526 1
vt 0.10659727454185486 0.9549999833106995
vt 0.12458180636167526 1
vt 0.12458180636167526 0.9549999833106995
vt 0.10659727454185486 0.9549999833106995
vt 0.10659727454185486 0.9549999833106995
vt 0.12458180636167526 0.9549999833106995
vt 0.10436587035655975 0.9408578872680664
vt 0.12458180636167526 0.9549999833106995
vt 0.1219739317893982 0.9408578872680664
vt 0.10436587035655975 0.9408578872680664
vt 0.10436587035655975 0.9408578872680664
vt 0.1219739317893982 0.9408578872680664
vt 0.09897878766059875 0.9350000023841858
vt 0.1219739317893982 0.9408578872680664
vt 0.11567796766757965 0.9350000023841858
vt 0.09897878766059875 0.9350000023841858
vt 0.11567796766757965 1.0199999809265137
vt 0.1318017840385437 1.0199999809265137
vt 0.1219739317893982 1.0141421556472778
vt 0.1318017840385437 1.0199999809265137
vt 0.1389753222465515 1.0141421556472778
vt 0.1219739317893982 1.0141421556472778
vt 0.1219739317893982 1.0141421556472778
vt 0.1389753222465515 1.0141421556472778
vt 0.12458180636167526 1
vt 0.1389753222465515 1.0141421556472778
vt 0.1419466882944107 1
vt 0.12458180636167526 1
vt 0.12458180636167526 1
vt 0.1419466882944107 1
vt 0.12458180636167526 0.9549999833106995
vt 0.1419466882944107 1
vt 0.1419466882944107 0.9549999833106995
vt 0.12458180636167526 0.9549999833106995
vt 0.12458180636167526 0.9549999833106995
vt 0.1419466882944107 0.9549999833106995
vt 0.1219739317893982 0.9408578872680664
vt 0.1419466882944107 0.9549999833106995
vt 0.1389753222465515 0.9408578872680664
vt 0.1219739317893982 0.9408578872680664
vt 0.1219739317893982 0.9408578872680664
vt 0.1389753222465515 0.9408578872680664
vt 0.11567796766757965 0.9350000023841858
vt 0.1389753222465515 0.9408578872680664
vt 0.1318017840385437 0.9350000023841858
vt 0.11567796766757965 0.9350000023841858
vt 0.1318017840385437 1.0199999809265137
vt 0.1472700536251068 1.0199999809265137
vt 0.1389753222465515 1.0141421556472778
vt 0.1472700536251068 1.0199999809265137
vt 0.15528547763824463 1.0141421556472778
vt 0.1389753222465515 1.0141421556472778
vt 0.1389753222465515 1.0141421556472778
vt 0.15528547763824463 1.0141421556472778
vt 0.1419466882944107 1
vt 0.15528547763824463 1.0141421556472778
vt 0.15860556066036224 1
vt 0.1419466882944107 1
vt 0.1419466882944107 1
vt 0.15860556066036224 1
vt 0.1419466882944107 0.9549999833106995
vt 0.15860556066036224 1
vt 0.15860556066036224 0.9549999833106995
vt 0.1419466882944107 0.9549999833106995
vt 0.1419466882944107 0.9549999833106995
vt 0.15860556066036224 0.9549999833106995
vt 0.1389753222465515 0.9408578872680664
vt 0.15860556066036224 0.9549999833106995
vt 0.15528547763824463 0.9408578872680664
vt 0.1389753222465515 0.9408578872680664
vt 0.1389753222465515 0.9408578872680664
vt 0.15528547763824463 0.9408578872680664
vt 0.1318017840385437 0.9350000023841858
vt 0.15528547763824463 0.9408578872680664
vt 0.1472700536251068 0.9350000023841858
vt 0.1318017840385437 0.9350000023841858
vt 0.1472700536251068 1.0199999809265137
vt 0.16200582683086395 1.0199999809265137
vt 0.15528547763824463 1.0141421556472778
vt 0.16200582683086395 1.0199999809265137
vt 0.17082326114177704 1.0141421556472778
vt 0.15528547763824463 1.0141421556472778
vt 0.15528547763824463 1.0141421556472778
vt 0.17082326114177704 1.0141421556472778
vt 0.15860556066036224 1
vt 0.17082326114177704 1.0141421556472778
vt 0.1744755655527115 1
vt 0.15860556066036224 1
vt 0.15860556066036224 1
vt 0.1744755655527115 1
vt 0.15860556066036224 0.9549999833106995
vt 0.1744755655527115 1
vt 0.1744755655527115 0.9549999833106995
vt 0.15860556066036224 0.9549999833106995
vt 0.15860556066036224 0.9549999833106995
vt 0.1744755655527115 0.9549999833106995
vt 0.15528547763824463 0.9408578872680664
vt 0.1744755655527115 0.9549999833106995
vt 0.17082326114177704 0.9408578872680664
vt 0.15528547763824463 0.9408578872680664
vt 0.15528547763824463 0.9408578872680664
vt 0.17082326114177704 0.9408578872680664
vt 0.1472700536251068 0.9350000023841858
vt 0.17082326114177704 0.9408578872680664
vt 0.16200582683086395 0.9350000023841858
vt 0.1472700536251068 0.9350000023841858
vt 0.16200582683086395 1.0199999809265137
vt 0.1759358048439026 1.0199999809265137
vt 0.17082326114177704 1.0141421556472778
vt 0.1759358048439026 1.0199999809265137
vt 0.18551141023635864 1.0141421556472778
vt 0.17082326114177704 1.0141421556472778
vt 0.17082326114177704 1.0141421556472778
vt 0.18551141023635864 1.0141421556472778
vt 0.1744755655527115 1
vt 0.18551141023635864 1.0141421556472778
vt 0.18947775661945343 1
vt 0.1744755655527115 1
vt 0.1744755655527115 1
vt 0.18947775661945343 1
vt 0.1744755655527115 0.9549999833106995
vt 0.18947775661945343 1
vt 0.18947775661945343 0.9549999833106995
vt 0.1744755655527115 0.9549999833106995
vt 0.1744755655527115 0.9549999833106995
vt 0.18947775661945343 0.9549999833106995
vt 0.17082326114177704 0.9408578872680664
vt 0.18947775661945343 0.9549999833106995
vt 0.18551141023635864 0.9408578872680664
vt 0.17082326114177704 0.9408578872680664
vt 0.17082326114177704 0.9408578872680664
vt 0.18551141023635864 0.9408578872680664
vt 0.16200582683086395 0.9350000023841858
vt 0.18551141023635864 0.9408578872680664
vt 0.1759358048439026 0.9350000023841858
vt 0.16200582683086395 0.9350000023841858
vt 0.1759358048439026 1.0199999809265137
vt 0.1889907270669937 1.0199999809265137
vt 0.18551141023635864 1.0141421556472778
vt 0.1889907270669937 1.0199999809265137
vt 0.199276864528656 1.0141421556472778
vt 0.18551141023635864 1.0141421556472778
vt 0.18551141023635864 1.0141421556472778
vt 0.199276864528656 1.0141421556472778
vt 0.18947775661945343 1
vt 0.199276864528656 1.0141421556472778
vt 0.20353752374649048 1
vt 0.18947775661945343 1
vt 0.18947775661945343 1
vt 0.20353752374649048 1
vt 0.18947775661945343 0.9549999833106995
vt 0.20353752374649048 1
vt 0.20353752374649048 0.9549999833106995
vt 0.18947775661945343 0.9549999833106995
vt 0.18947775661945343 0.9549999833106995
vt 0.20353752374649048 0.9549999833106995
vt 0.18551141023635864 0.9408578872680664
vt 0.20353752374649048 0.9549999833106995
vt 0.199276864528656 0.9408578872680664
vt 0.18551141023635864 0.9408578872680664
vt 0.18551141023635864 0.9408578872680664
vt 0.199276864528656 0.9408578872680664
vt 0.1759358048439026 0.9350000023841858
vt 0.199276864528656 0.9408578872680664
vt 0.1889907270669937 0.9350000023841858
vt 0.1759358048439026 0.9350000023841858
vt 0.17855672538280487 1.0199999809265137
vt 0.16479235887527466 1.0199999809265137
vt 0.18827497959136963 1.0141421556472778
vt 0.16479235887527466 1.0199999809265137
vt 0.17376145720481873 1.0141421556472778
vt 0.18827497959136963 1.0141421556472778
vt 0.18827497959136963 1.0141421556472778
vt 0.17376145720481873 1.0141421556472778
vt 0.19230040907859802 1
vt 0.17376145720481873 1.0141421556472778
vt 0.17747658491134644 1
vt 0.19230040907859802 1
vt 0.19230040907859802 1
vt 0.17747658491134644 1
vt 0.19230040907859802 0.9549999833106995
vt 0.17747658491134644 1
vt 0.17747658491134644 0.9549999833106995
vt 0.19230040907859802 0.9549999833106995
vt 0.19230040907859802 0.9549999833106995
vt 0.17747658491134644 0.9549999833106995
vt 0.18827497959136963 0.9408578872680664
vt 0.17747658491134644 0.9549999833106995
vt 0.17376145720481873 0.9408578872680664
vt 0.18827497959136963 0.9408578872680664
vt 0.18827497959136963 0.9408578872680664
vt 0.17376145720481873 0.9408578872680664
vt 0.17855672538280487 0.9350000023841858
vt 0.17376145720481873 0.9408578872680664
vt 0.16479235887527466 0.9350000023841858
vt 0.17855672538280487 0.9350000023841858
vt 0.16479235887527466 1.0199999809265137
vt 0.15020833909511566 1.0199999809265137
vt 0.17376145720481873 1.0141421556472778
vt 0.15020833909511566 1.0199999809265137
vt 0.15838368237018585 1.0141421556472778
vt 0.17376145720481873 1.0141421556472778
vt 0.17376145720481873 1.0141421556472778
vt 0.15838368237018585 1.0141421556472778
vt 0.17747658491134644 1
vt 0.15838368237018585 1.0141421556472778
vt 0.1617700159549713 1
vt 0.17747658491134644 1
vt 0.17747658491134644 1
vt 0.1617700159549713 1
vt 0.17747658491134644 0.9549999833106995
vt 0.1617700159549713 1
vt 0.1617700159549713 0.9549999833106995
vt 0.17747658491134644 0.9549999833106995
vt 0.17747658491134644 0.9549999833106995
vt 0.1617700159549713 0.9549999833106995
vt 0.17376145720481873 0.9408578872680664
vt 0.1617700159549713 0.9549999833106995
vt 0.15838368237018585 0.9408578872680664
vt 0.17376145720481873 0.9408578872680664
vt 0.17376145720481873 0.9408578872680664
vt 0.15838368237018585 0.9408578872680664
vt 0.16479235887527466 0.9350000023841858
vt 0.15838368237018585 0.9408578872680664
vt 0.15020833909511566 0.9350000023841858
vt 0.16479235887527466 0.9350000023841858
vt 0.15020833909511566 1.0199999809265137
vt 0.13487721979618073 1.0199999809265137
vt 0.15838368237018585 1.0141421556472778
vt 0.13487721979618073 1.0199999809265137
vt 0.14221814274787903 1.0141421556472778
vt 0.15838368237018585 1.0141421556472778
vt 0.15838368237018585 1.0141421556472778
vt 0.14221814274787903 1.0141421556472778
vt 0.1617700159549713 1
vt 0.14221814274787903 1.0141421556472778
vt 0.1452588438987732 1
vt 0.1617700159549713 1
vt 0.1617700159549713 1
vt 0.1452588438987732 1
vt 0.1617700159549713 0.9549999833106995
vt 0.1452588438987732 1
vt 0.1452588438987732 0.9549999833106995
vt 0.1617700159549713 0.9549999833106995
vt 0.1617700159549713 0.9549999833106995
vt 0.1452588438987732 0.9549999833106995
vt 0.15838368237018585 0.9408578872680664
vt 0.1452588438987732 0.9549999833106995
vt 0.14221814274787903 0.9408578872680664
vt 0.15838368237018585 0.9408578872680664
vt 0.15838368237018585 0.9408578872680664
vt 0.14221814274787903 0.9408578872680664
vt 0.15020833909511566 0.9350000023841858
vt 0.14221814274787903 0.9408578872680664
vt 0.13487721979618073 0.9350000023841858
vt 0.15020833909511566 0.9350000023841858
vt 0.13487721979618073 1.0199999809265137
vt 0.11887524276971817 1.0199999809265137
vt 0.14221814274787903 1.0141421556472778
vt 0.11887524276971817 1.0199999809265137
vt 0.12534523010253906 1.0141421556472778
vt 0.14221814274787903 1.0141421556472778
vt 0.14221814274787903 1.0141421556472778
vt 0.12534523010253906 1.0141421556472778
vt 0.1452588438987732 1
vt 0.12534523010253906 1.0141421556472778
vt 0.12802518904209137 1
vt 0.1452588438987732 1
vt 0.1452588438987732 1
vt 0.12802518904209137 1
vt 0.1452588438987732 0.9549999833106995
vt 0.12802518904209137 1
vt 0.12802518904209137 0.9549999833106995
vt 0.1452588438987732 0.9549999833106995
vt 0.1452588438987732 0.9549999833106995
vt 0.12802518904209137 0.9549999833106995
vt 0.14221814274787903 0.9408578872680664
vt 0.12802518904209137 0.9549999833106995
vt 0.12534523010253906 0.9408578872680664
vt 0.14221814274787903 0.9408578872680664
vt 0.14221814274787903 0.9408578872680664
vt 0.12534523010253906 0.9408578872680664
vt 0.13487721979618073 0.9350000023841858
vt 0.12534523010253906 0.9408578872680664
vt 0.11887524276971817 0.9350000023841858
vt 0.13487721979618073 0.9350000023841858
vt 0.11887524276971817 1.0199999809265137
vt 0.10228200256824493 1.0199999809265137
vt 0.12534523010253906 1.0141421556472778
vt 0.10228200256824493 1.0199999809265137
vt 0.1078488752245903 1.0141421556472778
vt 0.12534523010253906 1.0141421556472778
vt 0.12534523010253906 1.0141421556472778
vt 0.1078488752245903 1.0141421556472778
vt 0.12802518904209137 1
vt 0.1078488752245903 1.0141421556472778
vt 0.11015474796295166 1
vt 0.12802518904209137 1
vt 0.12802518904209137 1
vt 0.11015474796295166 1
vt 0.12802518904209137 0.9549999833106995
vt 0.11015474796295166 1
vt 0.11015474796295166 0.9549999833106995
vt 0.12802518904209137 0.9549999833106995
vt 0.12802518904209137 0.9549999833106995
vt 0.11015474796295166 0.9549999833106995
vt 0.12534523010253906 0.9408578872680664
vt 0.11015474796295166 0.9549999833106995
vt 0.1078488752245903 0.9408578872680664
vt 0.12534523010253906 0.9408578872680664
vt 0.12534523010253906 0.9408578872680664
vt 0.1078488752245903 0.9408578872680664
vt 0.11887524276971817 0.9350000023841858
vt 0.1078488752245903 0.9408578872680664
vt 0.10228200256824493 0.9350000023841858
vt 0.11887524276971817 0.9350000023841858
vt 0.10228200256824493 1.0199999809265137
vt 0.08518003672361374 1.0199999809265137
vt 0.1078488752245903 1.0141421556472778
vt 0.08518003672361374 1.0199999809265137
vt 0.08981610089540482 1.0141421556472778
vt 0.1078488752245903 1.0141421556472778
vt 0.1078488752245903 1.0141421556472778
vt 0.08981610089540482 1.0141421556472778
vt 0.11015474796295166 1
vt 0.08981610089540482 1.0141421556472778
vt 0.09173642843961716 1
vt 0.11015474796295166 1
vt 0.11015474796295166 1
vt 0.09173642843961716 1
vt 0.11015474796295166 0.9549999833106995
vt 0.09173642843961716 1
vt 0.09173642843961716 0.9549999833106995
vt 0.11015474796295166 0.9549999833106995
vt 0.11015474796295166 0.9549999833106995
vt 0.09173642843961716 0.9549999833106995
vt 0.1078488752245903 0.9408578872680664
vt 0.09173642843961716 0.9549999833106995
vt 0.08981610089540482 0.9408578872680664
vt 0.1078488752245903 0.9408578872680664
vt 0.1078488752245903 0.9408578872680664
vt 0.08981610089540482 0.9408578872680664
vt 0.10228200256824493 0.9350000023841858
vt 0.08981610089540482 0.9408578872680664
vt 0.08518003672361374 0.9350000023841858
vt 0.10228200256824493 0.9350000023841858
vt 0.08518003672361374 1.0199999809265137
vt 0.06765440106391907 1.0199999809265137
vt 0.08981610089540482 1.0141421556472778
vt 0.06765440106391907 1.0199999809265137
vt 0.07133660465478897 1.0141421556472778
vt 0.08981610089540482 1.0141421556472778
vt 0.08981610089540482 1.0141421556472778
vt 0.07133660465478897 1.0141421556472778
vt 0.09173642843961716 1
vt 0.07133660465478897 1.0141421556472778
vt 0.07286182790994644 1
vt 0.09173642843961716 1
vt 0.09173642843961716 1
vt 0.07286182790994644 1
vt 0.09173642843961716 0.9549999833106995
vt 0.07286182790994644 1
vt 0.07286182790994644 0.9549999833106995
vt 0.09173642843961716 0.9549999833106995
vt 0.09173642843961716 0.9549999833106995
vt 0.07286182790994644 0.9549999833106995
vt 0.08981610089540482 0.9408578872680664
vt 0.07286182790994644 0.9549999833106995
vt 0.07133660465478897 0.9408578872680664
vt 0.08981610089540482 0.9408578872680664
vt 0.08981610089540482 0.9408578872680664
vt 0.07133660465478897 0.9408578872680664
vt 0.08518003672361374 0.9350000023841858
vt 0.07133660465478897 0.9408578872680664
vt 0.06765440106391907 0.9350000023841858
vt 0.08518003672361374 0.9350000023841858
vt 0.06765440106391907 1.0199999809265137
vt 0.04979226365685463 1.0199999809265137
vt 0.07133660465478897 1.0141421556472778
vt 0.04979226365685463 1.0199999809265137
vt 0.05250229313969612 1.0141421556472778
vt 0.07133660465478897 1.0141421556472778
vt 0.07133660465478897 1.0141421556472778
vt 0.05250229313969612 1.0141421556472778
vt 0.07286182790994644 1
vt 0.05250229313969612 1.0141421556472778
vt 0.053624823689460754 1
vt 0.07286182790994644 1
vt 0.07286182790994644 1
vt 0.053624823689460754 1
vt 0.07286182790994644 0.9549999833106995
vt 0.053624823689460754 1
vt 0.053624823689460754 0.9549999833106995
vt 0.07286182790994644 0.9549999833106995
vt 0.07286182790994644 0.9549999833106995
vt 0.053624823689460754 0.9549999833106995
vt 0.07133660465478897 0.9408578872680664
vt 0.053624823689460754 0.9549999833106995
vt 0.05250229313969612 0.9408578872680664
vt 0.07133660465478897 0.9408578872680664
vt 0.07133660465478897 0.9408578872680664
vt 0.05250229313969612 0.9408578872680664
vt 0.06765440106391907 0.9350000023841858
vt 0.05250229313969612 0.9408578872680664
vt 0.04979226365685463 0.9350000023841858
vt 0.06765440106391907 0.9350000023841858
vt 0.04979226365685463 1.0199999809265137
vt 0.03168247267603874 1.0199999809265137
vt 0.05250229313969612 1.0141421556472778
vt 0.03168247267603874 1.0199999809265137
vt 0.03340684249997139 1.0141421556472778
vt 0.05250229313969612 1.0141421556472778
vt 0.05250229313969612 1.0141421556472778
vt 0.03340684249997139 1.0141421556472778
vt 0.053624823689460754 1
vt 0.03340684249997139 1.0141421556472778
vt 0.03412110358476639 1
vt 0.053624823689460754 1
vt 0.053624823689460754 1
vt 0.03412110358476639 1
vt 0.053624823689460754 0.9549999833106995
vt 0.03412110358476639 1
vt 0.03412110358476639 0.9549999833106995
vt 0.053624823689460754 0.9549999833106995
vt 0.053624823689460754 0.9549999833106995
vt 0.03412110358476639 0.9549999833106995
vt 0.05250229313969612 0.9408578872680664
vt 0.03412110358476639 0.9549999833106995
vt 0.03340684249997139 0.9408578872680664
vt 0.05250229313969612 0.9408578872680664
vt 0.05250229313969612 0.9408578872680664
vt 0.03340684249997139 0.9408578872680664
vt 0.04979226365685463 0.9350000023841858
vt 0.03340684249997139 0.9408578872680664
vt 0.03168247267603874 0.9350000023841858
vt 0.04979226365685463 0.9350000023841858
vt 0.03168247267603874 1.0199999809265137
vt 0.013415097258985043 1.0199999809265137
vt 0.03340684249997139 1.0141421556472778
vt 0.013415097258985043 1.0199999809265137
vt 0.01414523646235466 1.0141421556472778
vt 0.03340684249997139 1.0141421556472778
vt 0.03340684249997139 1.0141421556472778
vt 0.01414523646235466 1.0141421556472778
vt 0.03412110358476639 1
vt 0.01414523646235466 1.0141421556472778
vt 0.014447670429944992 1
vt 0.03412110358476639 1
vt 0.03412110358476639 1
vt 0.014447670429944992 1
vt 0.03412110358476639 0.9549999833106995
vt 0.014447670429944992 1
vt 0.014447670429944992 0.9549999833106995
vt 0.03412110358476639 0.9549999833106995
vt 0.03412110358476639 0.9549999833106995
vt 0.014447670429944992 0.9549999833106995
vt 0.03340684249997139 0.9408578872680664
vt 0.014447670429944992 0.9549999833106995
vt 0.01414523646235466 0.9408578872680664
vt 0.03340684249997139 0.9408578872680664
vt 0.03340684249997139 0.9408578872680664
vt 0.01414523646235466 0.9408578872680664
vt 0.03168247267603874 0.9350000023841858
vt 0.01414523646235466 0.9408578872680664
vt 0.013415097258985043 0.9350000023841858
vt 0.03168247267603874 0.9350000023841858
vt 0.013415097258985043 1.0199999809265137
vt -0.004919001832604408 1.0199999809265137
vt 0.01414523646235466 1.0141421556472778
vt -0.004919001832604408 1.0199999809265137
vt -0.005186726804822683 1.0141421556472778
vt 0.01414523646235466 1.0141421556472778
vt 0.01414523646235466 1.0141421556472778
vt -0.005186726804822683 1.0141421556472778
vt 0.014447670429944992 1
vt -0.005186726804822683 1.0141421556472778
vt -0.005297622177749872 1
vt 0.014447670429944992 1
vt 0.014447670429944992 1
vt -0.005297622177749872 1
vt 0.014447670429944992 0.9549999833106995
vt -0.005297622177749872 1
vt -0.005297622177749872 0.9549999833106995
vt 0.014447670429944992 0.9549999833106995
vt 0.014447670429944992 0.9549999833106995
vt -0.005297622177749872 0.9549999833106995
vt 0.01414523646235466 0.9408578872680664
vt -0.005297622177749872 0.9549999833106995
vt -0.005186726804822683 0.9408578872680664
vt 0.01414523646235466 0.9408578872680664
vt 0.01414523646235466 0.9408578872680664
vt -0.005186726804822683 0.9408578872680664
vt 0.013415097258985043 0.9350000023841858
vt -0.005186726804822683 0.9408578872680664
vt -0.004919001832604408 0.9350000023841858
vt 0.013415097258985043 0.9350000023841858
vt -0.004919001832604408 1.0199999809265137
vt -0.023228636011481285 1.0199999809265137
vt -0.005186726804822683 1.0141421556472778
vt -0.023228636011481285 1.0199999809265137
vt -0.024492893368005753 1.0141421556472778
vt -0.005186726804822683 1.0141421556472778
vt -0.005186726804822683 1.0141421556472778
vt -0.024492893368005753 1.0141421556472778
vt -0.005297622177749872 1
vt -0.024492893368005753 1.0141421556472778
vt -0.02501656487584114 1
vt -0.005297622177749872 1
vt -0.005297622177749872 1
vt -0.02501656487584114 1
vt -0.005297622177749872 0.9549999833106995
vt -0.02501656487584114 1
vt -0.02501656487584114 0.9549999833106995
vt -0.005297622177749872 0.9549999833106995
vt -0.005297622177749872 0.9549999833106995
vt -0.02501656487584114 0.9549999833106995
vt -0.005186726804822683 0.9408578872680664
vt -0.02501656487584114 0.9549999833106995
vt -0.024492893368005753 0.9408578872680664
vt -0.005186726804822683 0.9408578872680664
vt -0.005186726804822683 0.9408578872680664
vt -0.024492893368005753 0.9408578872680664
vt -0.004919001832604408 0.9350000023841858
vt -0.024492893368005753 0.9408578872680664
vt -0.023228636011481285 0.9350000023841858
vt -0.004919001832604408 0.9350000023841858
vt -0.023228636011481285 1.0199999809265137
vt -0.041422732174396515 1.0199999809265137
vt -0.024492893368005753 1.0141421556472778
vt -0.041422732174396515 1.0199999809265137
vt -0.04367723688483238 1.0141421556472778
vt -0.024492893368005753 1.0141421556472778
vt -0.024492893368005753 1.0141421556472778
vt -0.04367723688483238 1.0141421556472778
vt -0.02501656487584114 1
vt -0.04367723688483238 1.0141421556472778
vt -0.04461108148097992 1
vt -0.02501656487584114 1
vt -0.02501656487584114 1
vt -0.04461108148097992 1
vt -0.02501656487584114 0.9549999833106995
vt -0.04461108148097992 1
vt -0.04461108148097992 0.9549999833106995
vt -0.02501656487584114 0.9549999833106995
vt -0.02501656487584114 0.9549999833106995
vt -0.04461108148097992 0.9549999833106995
vt -0.024492893368005753 0.9408578872680664
vt -0.04461108148097992 0.9549999833106995
vt -0.04367723688483238 0.9408578872680664
vt -0.024492893368005753 0.9408578872680664
vt -0.024492893368005753 0.9408578872680664
vt -0.04367723688483238 0.9408578872680664
vt -0.023228636011481285 0.9350000023841858
vt -0.04367723688483238 0.9408578872680664
vt -0.041422732174396515 0.9350000023841858
vt -0.023228636011481285 0.9350000023841858
vt -0.041422732174396515 1.0199999809265137
vt -0.05941080302000046 1.0199999809265137
vt -0.04367723688483238 1.0141421556472778
vt -0.05941080302000046 1.0199999809265137
vt -0.0626443400979042 1.0141421556472778
vt -0.04367723688483238 1.0141421556472778
vt -0.04367723688483238 1.0141421556472778
vt -0.0626443400979042 1.0141421556472778
vt -0.04461108148097992 1
vt -0.0626443400979042 1.0141421556472778
vt -0.06398370862007141 1
vt -0.04461108148097992 1
vt -0.04461108148097992 1
vt -0.06398370862007141 1
vt -0.04461108148097992 0.9549999833106995
vt -0.06398370862007141 1
vt -0.06398370862007141 0.9549999833106995
vt -0.04461108148097992 0.9549999833106995
vt -0.04461108148097992 0.9549999833106995
vt -0.06398370862007141 0.9549999833106995
vt -0.04367723688483238 0.9408578872680664
vt -0.06398370862007141 0.9549999833106995
vt -0.0626443400979042 0.9408578872680664
vt -0.04367723688483238 0.9408578872680664
vt -0.04367723688483238 0.9408578872680664
vt -0.0626443400979042 0.9408578872680664
vt -0.041422732174396515 0.9350000023841858
vt -0.0626443400979042 0.9408578872680664
vt -0.05941080302000046 0.9350000023841858
vt -0.041422732174396515 0.9350000023841858
vt -0.05941080302000046 1.0199999809265137
vt -0.0771033763885498 1.0199999809265137
vt -0.0626443400979042 1.0141421556472778
vt -0.0771033763885498 1.0199999809265137
vt -0.08129985630512238 1.0141421556472778
vt -0.0626443400979042 1.0141421556472778
vt -0.0626443400979042 1.0141421556472778
vt -0.08129985630512238 1.0141421556472778
vt -0.06398370862007141 1
vt -0.08129985630512238 1.0141421556472778
vt -0.0830380991101265 1
vt -0.06398370862007141 1
vt -0.06398370862007141 1
vt -0.0830380991101265 1
vt -0.06398370862007141 0.9549999833106995
vt -0.0830380991101265 1
vt -0.0830380991101265 0.9549999833106995
vt -0.06398370862007141 0.9549999833106995
vt -0.06398370862007141 0.9549999833106995
vt -0.0830380991101265 0.9549999833106995
vt -0.0626443400979042 0.9408578872680664
vt -0.0830380991101265 0.9549999833106995
vt -0.08129985630512238 0.9408578872680664
vt -0.0626443400979042 0.9408578872680664
vt -0.0626443400979042 0.9408578872680664
vt -0.08129985630512238 0.9408578872680664
vt -0.05941080302000046 0.9350000023841858
vt -0.08129985630512238 0.9408578872680664
vt -0.0771033763885498 0.9350000023841858
vt -0.05941080302000046 0.9350000023841858
vt -0.0771033763885498 1.0199999809265137
vt -0.09441245347261429 1.0199999809265137
vt -0.08129985630512238 1.0141421556472778
vt -0.09441245347261429 1.0199999809265137
vt -0.0995510071516037 1.0141421556472778
vt -0.08129985630512238 1.0141421556472778
vt -0.08129985630512238 1.0141421556472778
vt -0.0995510071516037 1.0141421556472778
vt -0.0830380991101265 1
vt -0.0995510071516037 1.0141421556472778
vt -0.10167946666479111 1
vt -0.0830380991101265 1
vt -0.0830380991101265 1
vt -0.10167946666479111 1
vt -0.0830380991101265 0.9549999833106995
vt -0.10167946666479111 1
vt -0.10167946666479111 0.9549999833106995
vt -0.0830380991101265 0.9549999833106995
vt -0.0830380991101265 0.9549999833106995
vt -0.10167946666479111 0.9549999833106995
vt -0.08129985630512238 0.9408578872680664
vt -0.10167946666479111 0.9549999833106995
vt -0.0995510071516037 0.9408578872680664
vt -0.08129985630512238 0.9408578872680664
vt -0.08129985630512238 0.9408578872680664
vt -0.0995510071516037 0.9408578872680664
vt -0.0771033763885498 0.9350000023841858
vt -0.0995510071516037 0.9408578872680664
vt -0.09441245347261429 0.9350000023841858
vt -0.0771033763885498 0.9350000023841858
vt -0.09441245347261429 1.0199999809265137
vt -0.11125193536281586 1.0199999809265137
vt -0.0995510071516037 1.0141421556472778
vt -0.11125193536281586 1.0199999809265137
vt -0.11730701476335526 1.0141421556472778
vt -0.0995510071516037 1.0141421556472778
vt -0.0995510071516037 1.0141421556472778
vt -0.11730701476335526 1.0141421556472778
vt -0.10167946666479111 1
vt -0.11730701476335526 1.0141421556472778
vt -0.11981510370969772 1
vt -0.10167946666479111 1
vt -0.10167946666479111 1
vt -0.11981510370969772 1
vt -0.10167946666479111 0.9549999833106995
vt -0.11981510370969772 1
vt -0.11981510370969772 0.9549999833106995
vt -0.10167946666479111 0.9549999833106995
vt -0.10167946666479111 0.9549999833106995
vt -0.11981510370969772 0.9549999833106995
vt -0.0995510071516037 0.9408578872680664
vt -0.11981510370969772 0.9549999833106995
vt -0.11730701476335526 0.9408578872680664
vt -0.0995510071516037 0.9408578872680664
vt -0.0995510071516037 0.9408578872680664
vt -0.11730701476335526 0.9408578872680664
vt -0.09441245347261429 0.9350000023841858
vt -0.11730701476335526 0.9408578872680664
vt -0.11125193536281586 0.9350000023841858
vt -0.09441245347261429 0.9350000023841858
vt -0.11125193536281586 1.0199999809265137
vt -0.12753808498382568 1.0199999809265137
vt -0.11730701476335526 1.0141421556472778
vt -0.12753808498382568 1.0199999809265137
vt -0.1344795525074005 1.0141421556472778
vt -0.11730701476335526 1.0141421556472778
vt -0.11730701476335526 1.0141421556472778
vt -0.1344795525074005 1.0141421556472778
vt -0.11981510370969772 1
vt -0.1344795525074005 1.0141421556472778
vt -0.1373548060655594 1
vt -0.11981510370969772 1
vt -0.11981510370969772 1
vt -0.1373548060655594 1
vt -0.11981510370969772 0.9549999833106995
vt -0.1373548060655594 1
vt -0.1373548060655594 0.9549999833106995
vt -0.11981510370969772 0.9549999833106995
vt -0.11981510370969772 0.9549999833106995
vt -0.1373548060655594 0.9549999833106995
vt -0.11730701476335526 0.9408578872680664
vt -0.1373548060655594 0.9549999833106995
vt -0.1344795525074005 0.9408578872680664
vt -0.11730701476335526 0.9408578872680664
vt -0.11730701476335526 0.9408578872680664
vt -0.1344795525074005 0.9408578872680664
vt -0.11125193536281586 0.9350000023841858
vt -0.1344795525074005 0.9408578872680664
vt -0.12753808498382568 0.9350000023841858
vt -0.11125193536281586 0.9350000023841858
vt -0.12753808498382568 1.0199999809265137
vt -0.14318987727165222 1.0199999809265137
vt -0.1344795525074005 1.0141421556472778
vt -0.14318987727165222 1.0199999809265137
vt -0.15098321437835693 1.0141421556472778
vt -0.1344795525074005 1.0141421556472778
vt -0.1344795525074005 1.0141421556472778
vt -0.15098321437835693 1.0141421556472778
vt -0.1373548060655594 1
vt -0.15098321437835693 1.0141421556472778
vt -0.15421132743358612 1
vt -0.1373548060655594 1
vt -0.1373548060655594 1
vt -0.15421132743358612 1
vt -0.1373548060655594 0.9549999833106995
vt -0.15421132743358612 1
vt -0.15421132743358612 0.9549999833106995
vt -0.1373548060655594 0.9549999833106995
vt -0.1373548060655594 0.9549999833106995
vt -0.15421132743358612 0.9549999833106995
vt -0.1344795525074005 0.9408578872680664
vt -0.15421132743358612 0.9549999833106995
vt -0.15098321437835693 0.9408578872680664
vt -0.1344795525074005 0.9408578872680664
vt -0.1344795525074005 0.9408578872680664
vt -0.15098321437835693 0.9408578872680664
vt -0.12753808498382568 0.9350000023841858
vt -0.15098321437835693 0.9408578872680664
vt -0.14318987727165222 0.9350000023841858
vt -0.12753808498382568 0.9350000023841858
vt -0.14318987727165222 1.0199999809265137
vt -0.1581294685602188 1.0199999809265137
vt -0.15098321437835693 1.0141421556472778
vt -0.1581294685602188 1.0199999809265137
vt -0.1667359322309494 1.0141421556472778
vt -0.15098321437835693 1.0141421556472778
vt -0.15098321437835693 1.0141421556472778
vt -0.1667359322309494 1.0141421556472778
vt -0.15421132743358612 1
vt -0.1667359322309494 1.0141421556472778
vt -0.17030084133148193 1
vt -0.15421132743358612 1
vt -0.15421132743358612 1
vt -0.17030084133148193 1
vt -0.15421132743358612 0.9549999833106995
vt -0.17030084133148193 1
vt -0.17030084133148193 0.9549999833106995
vt -0.15421132743358612 0.9549999833106995
vt -0.15421132743358612 0.9549999833106995
vt -0.17030084133148193 0.9549999833106995
vt -0.15098321437835693 0.9408578872680664
vt -0.17030084133148193 0.9549999833106995
vt -0.1667359322309494 0.9408578872680664
vt -0.15098321437835693 0.9408578872680664
vt -0.15098321437835693 0.9408578872680664
vt -0.1667359322309494 0.9408578872680664
vt -0.14318987727165222 0.9350000023841858
vt -0.1667359322309494 0.9408578872680664
vt -0.1581294685602188 0.9350000023841858
vt -0.14318987727165222 0.9350000023841858
vt -0.1581294685602188 1.0199999809265137
vt -0.17228256165981293 1.0199999809265137
vt -0.1667359322309494 1.0141421556472778
vt -0.17228256165981293 1.0199999809265137
vt -0.18165932595729828 1.0141421556472778
vt -0.1667359322309494 1.0141421556472778
vt -0.1667359322309494 1.0141421556472778
vt -0.18165932595729828 1.0141421556472778
vt -0.17030084133148193 1
vt -0.18165932595729828 1.0141421556472778
vt -0.18554329872131348 1
vt -0.17030084133148193 1
vt -0.17030084133148193 1
vt -0.18554329872131348 1
vt -0.17030084133148193 0.9549999833106995
vt -0.18554329872131348 1
vt -0.18554329872131348 0.9549999833106995
vt -0.17030084133148193 0.9549999833106995
vt -0.17030084133148193 0.9549999833106995
vt -0.18554329872131348 0.9549999833106995
vt -0.1667359322309494 0.9408578872680664
vt -0.18554329872131348 0.9549999833106995
vt -0.18165932595729828 0.9408578872680664
vt -0.1667359322309494 0.9408578872680664
vt -0.1667359322309494 0.9408578872680664
vt -0.18165932595729828 0.9408578872680664
vt -0.1581294685602188 0.9350000023841858
vt -0.18165932595729828 0.9408578872680664
vt -0.17228256165981293 0.9350000023841858
vt -0.1581294685602188 0.9350000023841858
vt -0.17228256165981293 1.0199999809265137
vt -0.18557874858379364 1.0199999809265137
vt -0.18165932595729828 1.0141421556472778
vt -0.18557874858379364 1.0199999809265137
vt -0.195679172873497 1.0141421556472778
vt -0.18165932595729828 1.0141421556472778
vt -0.18165932595729828 1.0141421556472778
vt -0.195679172873497 1.0141421556472778
vt -0.18554329872131348 1
vt -0.195679172873497 1.0141421556472778
vt -0.19986291229724884 1
vt -0.18554329872131348 1
vt -0.18554329872131348 1
vt -0.19986291229724884 1
vt -0.18554329872131348 0.9549999833106995
vt -0.19986291229724884 1
vt -0.19986291229724884 0.9549999833106995
vt -0.18554329872131348 0.9549999833106995
vt -0.18554329872131348 0.9549999833106995
vt -0.19986291229724884 0.9549999833106995
vt -0.18165932595729828 0.9408578872680664
vt -0.19986291229724884 0.9549999833106995
vt -0.195679172873497 0.9408578872680664
vt -0.18165932595729828 0.9408578872680664
vt -0.18165932595729828 0.9408578872680664
vt -0.195679172873497 0.9408578872680664
vt -0.17228256165981293 0.9350000023841858
vt -0.195679172873497 0.9408578872680664
vt -0.18557874858379364 0.9350000023841858
vt -0.17228256165981293 0.9350000023841858
vt 0.1821003258228302 1.0199999809265137
vt 0.16856762766838074 1.0199999809265137
vt 0.19201144576072693 1.0141421556472778
vt 0.16856762766838074 1.0199999809265137
vt 0.17774219810962677 1.0141421556472778
vt 0.19201144576072693 1.0141421556472778
vt 0.19201144576072693 1.0141421556472778
vt 0.17774219810962677 1.0141421556472778
vt 0.19611676037311554 1
vt 0.17774219810962677 1.0141421556472778
vt 0.18154244124889374 1
vt 0.19611676037311554 1
vt 0.19611676037311554 1
vt 0.18154244124889374 1
vt 0.19611676037311554 0.9549999833106995
vt 0.18154244124889374 1
vt 0.18154244124889374 0.9549999833106995
vt 0.19611676037311554 0.9549999833106995
vt 0.19611676037311554 0.9549999833106995
vt 0.18154244124889374 0.9549999833106995
vt 0.19201144576072693 0.9408578872680664
vt 0.18154244124889374 0.9549999833106995
vt 0.17774219810962677 0.9408578872680664
vt 0.19201144576072693 0.9408578872680664
vt 0.19201144576072693 0.9408578872680664
vt 0.17774219810962677 0.9408578872680664
vt 0.1821003258228302 0.9350000023841858
vt 0.17774219810962677 0.9408578872680664
vt 0.16856762766838074 0.9350000023841858
vt 0.1821003258228302 0.9350000023841858
vt 0.16856762766838074 1.0199999809265137
vt 0.15419650077819824 1.0199999809265137
vt 0.17774219810962677 1.0141421556472778
vt 0.15419650077819824 1.0199999809265137
vt 0.1625889092683792 1.0141421556472778
vt 0.17774219810962677 1.0141421556472778
vt 0.17774219810962677 1.0141421556472778
vt 0.1625889092683792 1.0141421556472778
vt 0.18154244124889374 1
vt 0.1625889092683792 1.0141421556472778
vt 0.16606515645980835 1
vt 0.18154244124889374 1
vt 0.18154244124889374 1
vt 0.16606515645980835 1
vt 0.18154244124889374 0.9549999833106995
vt 0.16606515645980835 1
vt 0.16606515645980835 0.9549999833106995
vt 0.18154244124889374 0.9549999833106995
vt 0.18154244124889374 0.9549999833106995
vt 0.16606515645980835 0.9549999833106995
vt 0.17774219810962677 0.9408578872680664
vt 0.16606515645980835 0.9549999833106995
vt 0.1625889092683792 0.9408578872680664
vt 0.17774219810962677 0.9408578872680664
vt 0.17774219810962677 0.9408578872680664
vt 0.1625889092683792 0.9408578872680664
vt 0.16856762766838074 0.9350000023841858
vt 0.1625889092683792 0.9408578872680664
vt 0.15419650077819824 0.9350000023841858
vt 0.16856762766838074 0.9350000023841858
vt 0.15419650077819824 1.0199999809265137
vt 0.1390584409236908 1.0199999809265137
vt 0.1625889092683792 1.0141421556472778
vt 0.1390584409236908 1.0199999809265137
vt 0.14662691950798035 1.0141421556472778
vt 0.1625889092683792 1.0141421556472778
vt 0.1625889092683792 1.0141421556472778
vt 0.14662691950798035 1.0141421556472778
vt 0.16606515645980835 1
vt 0.14662691950798035 1.0141421556472778
vt 0.14976190030574799 1
vt 0.16606515645980835 1
vt 0.16606515645980835 1
vt 0.14976190030574799 1
vt 0.16606515645980835 0.9549999833106995
vt 0.14976190030574799 1
vt 0.14976190030574799 0.9549999833106995
vt 0.16606515645980835 0.9549999833106995
vt 0.16606515645980835 0.9549999833106995
vt 0.14976190030574799 0.9549999833106995
vt 0.1625889092683792 0.9408578872680664
vt 0.14976190030574799 0.9549999833106995
vt 0.14662691950798035 0.9408578872680664
vt 0.1625889092683792 0.9408578872680664
vt 0.1625889092683792 0.9408578872680664
vt 0.14662691950798035 0.9408578872680664
vt 0.15419650077819824 0.9350000023841858
vt 0.14662691950798035 0.9408578872680664
vt 0.1390584409236908 0.9350000023841858
vt 0.15419650077819824 0.9350000023841858
vt 0.1390584409236908 1.0199999809265137
vt 0.12322871387004852 1.0199999809265137
vt 0.14662691950798035 1.0141421556472778
vt 0.12322871387004852 1.0199999809265137
vt 0.12993565201759338 1.0141421556472778
vt 0.14662691950798035 1.0141421556472778
vt 0.14662691950798035 1.0141421556472778
vt 0.12993565201759338 1.0141421556472778
vt 0.14976190030574799 1
vt 0.12993565201759338 1.0141421556472778
vt 0.13271375000476837 1
vt 0.14976190030574799 1
vt 0.14976190030574799 1
vt 0.13271375000476837 1
vt 0.14976190030574799 0.9549999833106995
vt 0.13271375000476837 1
vt 0.13271375000476837 0.9549999833106995
vt 0.14976190030574799 0.9549999833106995
vt 0.14976190030574799 0.9549999833106995
vt 0.13271375000476837 0.9549999833106995
vt 0.14662691950798035 0.9408578872680664
vt 0.13271375000476837 0.9549999833106995
vt 0.12993565201759338 0.9408578872680664
vt 0.14662691950798035 0.9408578872680664
vt 0.14662691950798035 0.9408578872680664
vt 0.12993565201759338 0.9408578872680664
vt 0.1390584409236908 0.9350000023841858
vt 0.12993565201759338 0.9408578872680664
vt 0.12322871387004852 0.9350000023841858
vt 0.1390584409236908 0.9350000023841858
vt 0.12322871387004852 1.0199999809265137
vt 0.1067860871553421 1.0199999809265137
vt 0.12993565201759338 1.0141421556472778
vt 0.1067860871553421 1.0199999809265137
vt 0.11259809881448746 1.0141421556472778
vt 0.12993565201759338 1.0141421556472778
vt 0.12993565201759338 1.0141421556472778
vt 0.11259809881448746 1.0141421556472778
vt 0.13271375000476837 1
vt 0.11259809881448746 1.0141421556472778
vt 0.1150055080652237 1
vt 0.13271375000476837 1
vt 0.13271375000476837 1
vt 0.1150055080652237 1
vt 0.13271375000476837 0.9549999833106995
vt 0.1150055080652237 1
vt 0.1150055080652237 0.9549999833106995
vt 0.13271375000476837 0.9549999833106995
vt 0.13271375000476837 0.9549999833106995
vt 0.1150055080652237 0.9549999833106995
vt 0.12993565201759338 0.9408578872680664
vt 0.1150055080652237 0.9549999833106995
vt 0.11259809881448746 0.9408578872680664
vt 0.12993565201759338 0.9408578872680664
vt 0.12993565201759338 0.9408578872680664
vt 0.11259809881448746 0.9408578872680664
vt 0.12322871387004852 0.9350000023841858
vt 0.11259809881448746 0.9408578872680664
vt 0.1067860871553421 0.9350000023841858
vt 0.12322871387004852 0.9350000023841858
vt 0.1067860871553421 1.0199999809265137
vt 0.08981232345104218 1.0199999809265137
vt 0.11259809881448746 1.0141421556472778
vt 0.08981232345104218 1.0199999809265137
vt 0.09470050781965256 1.0141421556472778
vt 0.11259809881448746 1.0141421556472778
vt 0.11259809881448746 1.0141421556472778
vt 0.09470050781965256 1.0141421556472778
vt 0.1150055080652237 1
vt 0.09470050781965256 1.0141421556472778
vt 0.09672526270151138 1
vt 0.1150055080652237 1
vt 0.1150055080652237 1
vt 0.09672526270151138 1
vt 0.1150055080652237 0.9549999833106995
vt 0.09672526270151138 1
vt 0.09672526270151138 0.9549999833106995
vt 0.1150055080652237 0.9549999833106995
vt 0.1150055080652237 0.9549999833106995
vt 0.09672526270151138 0.9549999833106995
vt 0.11259809881448746 0.9408578872680664
vt 0.09672526270151138 0.9549999833106995
vt 0.09470050781965256 0.9408578872680664
vt 0.11259809881448746 0.9408578872680664
vt 0.11259809881448746 0.9408578872680664
vt 0.09470050781965256 0.9408578872680664
vt 0.1067860871553421 0.9350000023841858
vt 0.09470050781965256 0.9408578872680664
vt 0.08981232345104218 0.9350000023841858
vt 0.1067860871553421 0.9350000023841858
vt 0.08981232345104218 1.0199999809265137
vt 0.07239184528589249 1.0199999809265137
vt 0.09470050781965256 1.0141421556472778
vt 0.07239184528589249 1.0199999809265137
vt 0.07633189111948013 1.0141421556472778
vt 0.09470050781965256 1.0141421556472778
vt 0.09470050781965256 1.0141421556472778
vt 0.07633189111948013 1.0141421556472778
vt 0.09672526270151138 1
vt 0.07633189111948013 1.0141421556472778
vt 0.0779639184474945 1
vt 0.09672526270151138 1
vt 0.09672526270151138 1
vt 0.0779639184474945 1
vt 0.09672526270151138 0.9549999833106995
vt 0.0779639184474945 1
vt 0.0779639184474945 0.9549999833106995
vt 0.09672526270151138 0.9549999833106995
vt 0.09672526270151138 0.9549999833106995
vt 0.0779639184474945 0.9549999833106995
vt 0.09470050781965256 0.9408578872680664
vt 0.0779639184474945 0.9549999833106995
vt 0.07633189111948013 0.9408578872680664
vt 0.09470050781965256 0.9408578872680664
vt 0.09470050781965256 0.9408578872680664
vt 0.07633189111948013 0.9408578872680664
vt 0.08981232345104218 0.9350000023841858
vt 0.07633189111948013 0.9408578872680664
vt 0.07239184528589249 0.9350000023841858
vt 0.08981232345104218 0.9350000023841858
vt 0.07239184528589249 1.0199999809265137
vt 0.05461131036281586 1.0199999809265137
vt 0.07633189111948013 1.0141421556472778
vt 0.05461131036281586 1.0199999809265137
vt 0.05758362263441086 1.0141421556472778
vt 0.07633189111948013 1.0141421556472778
vt 0.07633189111948013 1.0141421556472778
vt 0.05758362263441086 1.0141421556472778
vt 0.0779639184474945 1
vt 0.05758362263441086 1.0141421556472778
vt 0.058814793825149536 1
vt 0.0779639184474945 1
vt 0.0779639184474945 1
vt 0.058814793825149536 1
vt 0.0779639184474945 0.9549999833106995
vt 0.058814793825149536 1
vt 0.058814793825149536 0.9549999833106995
vt 0.0779639184474945 0.9549999833106995
vt 0.0779639184474945 0.9549999833106995
vt 0.058814793825149536 0.9549999833106995
vt 0.07633189111948013 0.9408578872680664
vt 0.058814793825149536 0.9549999833106995
vt 0.05758362263441086 0.9408578872680664
vt 0.07633189111948013 0.9408578872680664
vt 0.07633189111948013 0.9408578872680664
vt 0.05758362263441086 0.9408578872680664
vt 0.07239184528589249 0.9350000023841858
vt 0.05758362263441086 0.9408578872680664
vt 0.05461131036281586 0.9350000023841858
vt 0.07239184528589249 0.9350000023841858
vt 0.05461131036281586 1.0199999809265137
vt 0.03655914589762688 1.0199999809265137
vt 0.05758362263441086 1.0141421556472778
vt 0.03655914589762688 1.0199999809265137
vt 0.03854893893003464 1.0141421556472778
vt 0.05758362263441086 1.0141421556472778
vt 0.05758362263441086 1.0141421556472778
vt 0.03854893893003464 1.0141421556472778
vt 0.058814793825149536 1
vt 0.03854893893003464 1.0141421556472778
vt 0.039373137056827545 1
vt 0.058814793825149536 1
vt 0.058814793825149536 1
vt 0.039373137056827545 1
vt 0.058814793825149536 0.9549999833106995
vt 0.039373137056827545 1
vt 0.039373137056827545 0.9549999833106995
vt 0.058814793825149536 0.9549999833106995
vt 0.058814793825149536 0.9549999833106995
vt 0.039373137056827545 0.9549999833106995
vt 0.05758362263441086 0.9408578872680664
vt 0.039373137056827545 0.9549999833106995
vt 0.03854893893003464 0.9408578872680664
vt 0.05758362263441086 0.9408578872680664
vt 0.05758362263441086 0.9408578872680664
vt 0.03854893893003464 0.9408578872680664
vt 0.05461131036281586 0.9350000023841858
vt 0.03854893893003464 0.9408578872680664
vt 0.03655914589762688 0.9350000023841858
vt 0.05461131036281586 0.9350000023841858
vt 0.03655914589762688 1.0199999809265137
vt 0.018325146287679672 1.0199999809265137
vt 0.03854893893003464 1.0141421556472778
vt 0.018325146287679672 1.0199999809265137
vt 0.019322523847222328 1.0141421556472778
vt 0.03854893893003464 1.0141421556472778
vt 0.03854893893003464 1.0141421556472778
vt 0.019322523847222328 1.0141421556472778
vt 0.039373137056827545 1
vt 0.019322523847222328 1.0141421556472778
vt 0.01973564922809601 1
vt 0.039373137056827545 1
vt 0.039373137056827545 1
vt 0.01973564922809601 1
vt 0.039373137056827545 0.9549999833106995
vt 0.01973564922809601 1
vt 0.01973564922809601 0.9549999833106995
vt 0.039373137056827545 0.9549999833106995
vt 0.039373137056827545 0.9549999833106995
vt 0.01973564922809601 0.9549999833106995
vt 0.03854893893003464 0.9408578872680664
vt 0.01973564922809601 0.9549999833106995
vt 0.019322523847222328 0.9408578872680664
vt 0.03854893893003464 0.9408578872680664
vt 0.03854893893003464 0.9408578872680664
vt 0.019322523847222328 0.9408578872680664
vt 0.03655914589762688 0.9350000023841858
vt 0.019322523847222328 0.9408578872680664
vt 0.018325146287679672 0.9350000023841858
vt 0.03655914589762688 0.9350000023841858
vt 0.018325146287679672 1.0199999809265137
vt 1.4730400584608795e-16 1.0199999809265137
vt 0.019322523847222328 1.0141421556472778
vt 1.4730400584608795e-16 1.0199999809265137
vt 1.5336567801910514e-16 1.0141421556472778
vt 0.019322523847222328 1.0141421556472778
vt 0.019322523847222328 1.0141421556472778
vt 1.5336567801910514e-16 1.0141421556472778
vt 0.01973564922809601 1
vt 1.5336567801910514e-16 1.0141421556472778
vt 1.558764954330037e-16 1
vt 0.01973564922809601 1
vt 0.01973564922809601 1
vt 1.558764954330037e-16 1
vt 0.01973564922809601 0.9549999833106995
vt 1.558764954330037e-16 1
vt 1.558764954330037e-16 0.9549999833106995
vt 0.01973564922809601 0.9549999833106995
vt 0.01973564922809601 0.9549999833106995
vt 1.558764954330037e-16 0.9549999833106995
vt 0.019322523847222328 0.9408578872680664
vt 1.558764954330037e-16 0.9549999833106995
vt 1.5336567801910514e-16 0.9408578872680664
vt 0.019322523847222328 0.9408578872680664
vt 0.019322523847222328 0.9408578872680664
vt 1.5336567801910514e-16 0.9408578872680664
vt 0.018325146287679672 0.9350000023841858
vt 1.5336567801910514e-16 0.9408578872680664
vt 1.4730400584608795e-16 0.9350000023841858
vt 0.018325146287679672 0.9350000023841858
vt 1.4730400584608795e-16 1.0199999809265137
vt -0.018325146287679672 1.0199999809265137
vt 1.5336567801910514e-16 1.0141421556472778
vt -0.018325146287679672 1.0199999809265137
vt -0.019322523847222328 1.0141421556472778
vt 1.5336567801910514e-16 1.0141421556472778
vt 1.5336567801910514e-16 1.0141421556472778
vt -0.019322523847222328 1.0141421556472778
vt 1.558764954330037e-16 1
vt -0.019322523847222328 1.0141421556472778
vt -0.01973564922809601 1
vt 1.558764954330037e-16 1
vt 1.558764954330037e-16 1
vt -0.01973564922809601 1
vt 1.558764954330037e-16 0.9549999833106995
vt -0.01973564922809601 1
vt -0.01973564922809601 0.9549999833106995
vt 1.558764954330037e-16 0.9549999833106995
vt 1.558764954330037e-16 0.9549999833106995
vt -0.01973564922809601 0.9549999833106995
vt 1.5336567801910514e-16 0.9408578872680664
vt -0.01973564922809601 0.9549999833106995
vt -0.019322523847222328 0.9408578872680664
vt 1.5336567801910514e-16 0.9408578872680664
vt 1.5336567801910514e-16 0.9408578872680664
vt -0.019322523847222328 0.9408578872680664
vt 1.4730400584608795e-16 0.9350000023841858
vt -0.019322523847222328 0.9408578872680664
vt -0.018325146287679672 0.9350000023841858
vt 1.4730400584608795e-16 0.9350000023841858
vt -0.018325146287679672 1.0199999809265137
vt -0.03655914589762688 1.0199999809265137
vt -0.019322523847222328 1.0141421556472778
vt -0.03655914589762688 1.0199999809265137
vt -0.03854893893003464 1.0141421556472778
vt -0.019322523847222328 1.0141421556472778
vt -0.019322523847222328 1.0141421556472778
vt -0.03854893893003464 1.0141421556472778
vt -0.01973564922809601 1
vt -0.03854893893003464 1.0141421556472778
vt -0.039373137056827545 1
vt -0.01973564922809601 1
vt -0.01973564922809601 1
vt -0.039373137056827545 1
vt -0.01973564922809601 0.9549999833106995
vt -0.039373137056827545 1
vt -0.039373137056827545 0.9549999833106995
vt -0.01973564922809601 0.9549999833106995
vt -0.01973564922809601 0.9549999833106995
vt -0.039373137056827545 0.9549999833106995
vt -0.019322523847222328 0.9408578872680664
vt -0.039373137056827545 0.9549999833106995
vt -0.03854893893003464 0.9408578872680664
vt -0.019322523847222328 0.9408578872680664
vt -0.019322523847222328 0.9408578872680664
vt -0.03854893893003464 0.9408578872680664
vt -0.018325146287679672 0.9350000023841858
vt -0.03854893893003464 0.9408578872680664
vt -0.03655914589762688 0.9350000023841858
vt -0.018325146287679672 0.9350000023841858
vt -0.03655914589762688 1.0199999809265137
vt -0.05461131036281586 1.0199999809265137
vt -0.03854893893003464 1.0141421556472778
vt -0.05461131036281586 1.0199999809265137
vt -0.05758362263441086 1.0141421556472778
vt -0.03854893893003464 1.0141421556472778
vt -0.03854893893003464 1.0141421556472778
vt -0.05758362263441086 1.0141421556472778
vt -0.039373137056827545 1
vt -0.05758362263441086 1.0141421556472778
vt -0.058814793825149536 1
vt -0.039373137056827545 1
vt -0.039373137056827545 1
vt -0.058814793825149536 1
vt -0.039373137056827545 0.9549999833106995
vt -0.058814793825149536 1
vt -0.058814793825149536 0.9549999833106995
vt -0.039373137056827545 0.9549999833106995
vt -0.039373137056827545 0.9549999833106995
vt -0.058814793825149536 0.9549999833106995
vt -0.03854893893003464 0.9408578872680664
vt -0.058814793825149536 0.9549999833106995
vt -0.05758362263441086 0.9408578872680664
vt -0.03854893893003464 0.9408578872680664
vt -0.03854893893003464 0.9408578872680664
vt -0.05758362263441086 0.9408578872680664
vt -0.03655914589762688 0.9350000023841858
vt -0.05758362263441086 0.9408578872680664
vt -0.05461131036281586 0.9350000023841858
vt -0.03655914589762688 0.9350000023841858
vt -0.05461131036281586 1.0199999809265137
vt -0.07239184528589249 1.0199999809265137
vt -0.05758362263441086 1.0141421556472778
vt -0.07239184528589249 1.0199999809265137
vt -0.07633189111948013 1.0141421556472778
vt -0.05758362263441086 1.0141421556472778
vt -0.05758362263441086 1.0141421556472778
vt -0.07633189111948013 1.0141421556472778
vt -0.058814793825149536 1
vt -0.07633189111948013 1.0141421556472778
vt -0.0779639184474945 1
vt -0.058814793825149536 1
vt -0.058814793825149536 1
vt -0.0779639184474945 1
vt -0.058814793825149536 0.9549999833106995
vt -0.0779639184474945 1
vt -0.0779639184474945 0.9549999833106995
vt -0.058814793825149536 0.9549999833106995
vt -0.058814793825149536 0.9549999833106995
vt -0.0779639184474945 0.9549999833106995
vt -0.05758362263441086 0.9408578872680664
vt -0.0779639184474945 0.9549999833106995
vt -0.07633189111948013 0.9408578872680664
vt -0.05758362263441086 0.9408578872680664
vt -0.05758362263441086 0.9408578872680664
vt -0.07633189111948013 0.9408578872680664
vt -0.05461131036281586 0.9350000023841858
vt -0.07633189111948013 0.9408578872680664
vt -0.07239184528589249 0.9350000023841858
vt -0.05461131036281586 0.9350000023841858
vt -0.07239184528589249 1.0199999809265137
vt -0.08981232345104218 1.0199999809265137
vt -0.07633189111948013 1.0141421556472778
vt -0.08981232345104218 1.0199999809265137
vt -0.09470050781965256 1.0141421556472778
vt -0.07633189111948013 1.0141421556472778
vt -0.07633189111948013 1.0141421556472778
vt -0.09470050781965256 1.0141421556472778
vt -0.0779639184474945 1
vt -0.09470050781965256 1.0141421556472778
vt -0.09672526270151138 1
vt -0.0779639184474945 1
vt -0.0779639184474945 1
vt -0.09672526270151138 1
vt -0.0779639184474945 0.9549999833106995
vt -0.09672526270151138 1
vt -0.09672526270151138 0.9549999833106995
vt -0.0779639184474945 0.9549999833106995
vt -0.0779639184474945 0.9549999833106995
vt -0.09672526270151138 0.9549999833106995
vt -0.07633189111948013 0.9408578872680664
vt -0.09672526270151138 0.9549999833106995
vt -0.09470050781965256 0.9408578872680664
vt -0.07633189111948013 0.9408578872680664
vt -0.07633189111948013 0.9408578872680664
vt -0.09470050781965256 0.9408578872680664
vt -0.07239184528589249 0.9350000023841858
vt -0.09470050781965256 0.9408578872680664
vt -0.08981232345104218 0.9350000023841858
vt -0.07239184528589249 0.9350000023841858
vt -0.08981232345104218 1.0199999809265137
vt -0.1067860871553421 1.0199999809265137
vt -0.09470050781965256 1.0141421556472778
vt -0.1067860871553421 1.0199999809265137
vt -0.11259809881448746 1.0141421556472778
vt -0.09470050781965256 1.0141421556472778
vt -0.09470050781965256 1.0141421556472778
vt -0.11259809881448746 1.0141421556472778
vt -0.09672526270151138 1
vt -0.11259809881448746 1.0141421556472778
vt -0.1150055080652237 1
vt -0.09672526270151138 1
vt -0.09672526270151138 1
vt -0.1150055080652237 1
vt -0.09672526270151138 0.9549999833106995
vt -0.1150055080652237 1
vt -0.1150055080652237 0.9549999833106995
vt -0.09672526270151138 0.9549999833106995
vt -0.09672526270151138 0.9549999833106995
vt -0.1150055080652237 0.9549999833106995
vt -0.09470050781965256 0.9408578872680664
vt -0.1150055080652237 0.9549999833106995
vt -0.11259809881448746 0.9408578872680664
vt -0.09470050781965256 0.9408578872680664
vt -0.09470050781965256 0.9408578872680664
vt -0.11259809881448746 0.9408578872680664
vt -0.08981232345104218 0.9350000023841858
vt -0.11259809881448746 0.9408578872680664
vt -0.1067860871553421 0.9350000023841858
vt -0.08981232345104218 0.9350000023841858
vt -0.1067860871553421 1.0199999809265137
vt -0.12322871387004852 1.0199999809265137
vt -0.11259809881448746 1.0141421556472778
vt -0.12322871387004852 1.0199999809265137
vt -0.12993565201759338 1.0141421556472778
vt -0.11259809881448746 1.0141421556472778
vt -0.11259809881448746 1.0141421556472778
vt -0.12993565201759338 1.0141421556472778
vt -0.1150055080652237 1
vt -0.12993565201759338 1.0141421556472778
vt -0.13271375000476837 1
vt -0.1150055080652237 1
vt -0.1150055080652237 1
vt -0.13271375000476837 1
vt -0.1150055080652237 0.9549999833106995
vt -0.13271375000476837 1
vt -0.13271375000476837 0.9549999833106995
vt -0.1150055080652237 0.9549999833106995
vt -0.1150055080652237 0.9549999833106995
vt -0.13271375000476837 0.9549999833106995
vt -0.11259809881448746 0.9408578872680664
vt -0.13271375000476837 0.9549999833106995
vt -0.12993565201759338 0.9408578872680664
vt -0.11259809881448746 0.9408578872680664
vt -0.11259809881448746 0.9408578872680664
vt -0.12993565201759338 0.9408578872680664
vt -0.1067860871553421 0.9350000023841858
vt -0.12993565201759338 0.9408578872680664
vt -0.12322871387004852 0.9350000023841858
vt -0.1067860871553421 0.9350000023841858
vt -0.12322871387004852 1.0199999809265137
vt -0.1390584409236908 1.0199999809265137
vt -0.12993565201759338 1.0141421556472778
vt -0.1390584409236908 1.0199999809265137
vt -0.14662691950798035 1.0141421556472778
vt -0.12993565201759338 1.0141421556472778
vt -0.12993565201759338 1.0141421556472778
vt -0.14662691950798035 1.0141421556472778
vt -0.13271375000476837 1
vt -0.14662691950798035 1.0141421556472778
vt -0.14976190030574799 1
vt -0.13271375000476837 1
vt -0.13271375000476837 1
vt -0.14976190030574799 1
vt -0.13271375000476837 0.9549999833106995
vt -0.14976190030574799 1
vt -0.14976190030574799 0.9549999833106995
vt -0.13271375000476837 0.9549999833106995
vt -0.13271375000476837 0.9549999833106995
vt -0.14976190030574799 0.9549999833106995
vt -0.12993565201759338 0.9408578872680664
vt -0.14976190030574799 0.9549999833106995
vt -0.14662691950798035 0.9408578872680664
vt -0.12993565201759338 0.9408578872680664
vt -0.12993565201759338 0.9408578872680664
vt -0.14662691950798035 0.9408578872680664
vt -0.12322871387004852 0.9350000023841858
vt -0.14662691950798035 0.9408578872680664
vt -0.1390584409236908 0.9350000023841858
vt -0.12322871387004852 0.9350000023841858
vt -0.1390584409236908 1.0199999809265137
vt -0.15419650077819824 1.0199999809265137
vt -0.14662691950798035 1.0141421556472778
vt -0.15419650077819824 1.0199999809265137
vt -0.1625889092683792 1.0141421556472778
vt -0.14662691950798035 1.0141421556472778
vt -0.14662691950798035 1.0141421556472778
vt -0.1625889092683792 1.0141421556472778
vt -0.14976190030574799 1
vt -0.1625889092683792 1.0141421556472778
vt -0.16606515645980835 1
vt -0.14976190030574799 1
vt -0.14976190030574799 1
vt -0.16606515645980835 1
vt -0.14976190030574799 0.9549999833106995
vt -0.16606515645980835 1
vt -0.16606515645980835 0.9549999833106995
vt -0.14976190030574799 0.9549999833106995
vt -0.14976190030574799 0.9549999833106995
vt -0.16606515645980835 0.9549999833106995
vt -0.14662691950798035 0.9408578872680664
vt -0.16606515645980835 0.9549999833106995
vt -0.1625889092683792 0.9408578872680664
vt -0.14662691950798035 0.9408578872680664
vt -0.14662691950798035 0.9408578872680664
vt -0.1625889092683792 0.9408578872680664
vt -0.1390584409236908 0.9350000023841858
vt -0.1625889092683792 0.9408578872680664
vt -0.15419650077819824 0.9350000023841858
vt -0.1390584409236908 0.9350000023841858
vt -0.15419650077819824 1.0199999809265137
vt -0.16856762766838074 1.0199999809265137
vt -0.1625889092683792 1.0141421556472778
vt -0.16856762766838074 1.0199999809265137
vt -0.17774219810962677 1.0141421556472778
vt -0.1625889092683792 1.0141421556472778
vt -0.1625889092683792 1.0141421556472778
vt -0.17774219810962677 1.0141421556472778
vt -0.16606515645980835 1
vt -0.17774219810962677 1.0141421556472778
vt -0.18154244124889374 1
vt -0.16606515645980835 1
vt -0.16606515645980835 1
vt -0.18154244124889374 1
vt -0.16606515645980835 0.9549999833106995
vt -0.18154244124889374 1
vt -0.18154244124889374 0.9549999833106995
vt -0.16606515645980835 0.9549999833106995
vt -0.16606515645980835 0.9549999833106995
vt -0.18154244124889374 0.9549999833106995
vt -0.1625889092683792 0.9408578872680664
vt -0.18154244124889374 0.9549999833106995
vt -0.17774219810962677 0.9408578872680664
vt -0.1625889092683792 0.9408578872680664
vt -0.1625889092683792 0.9408578872680664
vt -0.17774219810962677 0.9408578872680664
vt -0.15419650077819824 0.9350000023841858
vt -0.17774219810962677 0.9408578872680664
vt -0.16856762766838074 0.9350000023841858
vt -0.15419650077819824 0.9350000023841858
vt -0.16856762766838074 1.0199999809265137
vt -0.1821003258228302 1.0199999809265137
vt -0.17774219810962677 1.0141421556472778
vt -0.1821003258228302 1.0199999809265137
vt -0.19201144576072693 1.0141421556472778
vt -0.17774219810962677 1.0141421556472778
vt -0.17774219810962677 1.0141421556472778
vt -0.19201144576072693 1.0141421556472778
vt -0.18154244124889374 1
vt -0.19201144576072693 1.0141421556472778
vt -0.19611676037311554 1
vt -0.18154244124889374 1
vt -0.18154244124889374 1
vt -0.19611676037311554 1
vt -0.18154244124889374 0.9549999833106995
vt -0.19611676037311554 1
vt -0.19611676037311554 0.9549999833106995
vt -0.18154244124889374 0.9549999833106995
vt -0.18154244124889374 0.9549999833106995
vt -0.19611676037311554 0.9549999833106995
vt -0.17774219810962677 0.9408578872680664
vt -0.19611676037311554 0.9549999833106995
vt -0.19201144576072693 0.9408578872680664
vt -0.17774219810962677 0.9408578872680664
vt -0.17774219810962677 0.9408578872680664
vt -0.19201144576072693 0.9408578872680664
vt -0.16856762766838074 0.9350000023841858
vt -0.19201144576072693 0.9408578872680664
vt -0.1821003258228302 0.9350000023841858
vt -0.16856762766838074 0.9350000023841858
vt -0.18557874858379364 1.0199999809265137
vt -0.17228256165981293 1.0199999809265137
vt -0.195679172873497 1.0141421556472778
vt -0.17228256165981293 1.0199999809265137
vt -0.18165932595729828 1.0141421556472778
vt -0.195679172873497 1.0141421556472778
vt -0.195679172873497 1.0141421556472778
vt -0.18165932595729828 1.0141421556472778
vt -0.19986291229724884 1
vt -0.18165932595729828 1.0141421556472778
vt -0.18554329872131348 1
vt -0.19986291229724884 1
vt -0.19986291229724884 1
vt -0.18554329872131348 1
vt -0.19986291229724884 0.9549999833106995
vt -0.18554329872131348 1
vt -0.18554329872131348 0.9549999833106995
vt -0.19986291229724884 0.9549999833106995
vt -0.19986291229724884 0.9549999833106995
vt -0.18554329872131348 0.9549999833106995
vt -0.195679172873497 0.9408578872680664
vt -0.18554329872131348 0.9549999833106995
vt -0.18165932595729828 0.9408578872680664
vt -0.195679172873497 0.9408578872680664
vt -0.195679172873497 0.9408578872680664
vt -0.18165932595729828 0.9408578872680664
vt -0.18557874858379364 0.9350000023841858
vt -0.18165932595729828 0.9408578872680664
vt -0.17228256165981293 0.9350000023841858
vt -0.18557874858379364 0.9350000023841858
vt -0.17228256165981293 1.0199999809265137
vt -0.1581294685602188 1.0199999809265137
vt -0.18165932595729828 1.0141421556472778
vt -0.1581294685602188 1.0199999809265137
vt -0.1667359322309494 1.0141421556472778
vt -0.18165932595729828 1.0141421556472778
vt -0.18165932595729828 1.0141421556472778
vt -0.1667359322309494 1.0141421556472778
vt -0.18554329872131348 1
vt -0.1667359322309494 1.0141421556472778
vt -0.17030084133148193 1
vt -0.18554329872131348 1
vt -0.18554329872131348 1
vt -0.17030084133148193 1
vt -0.18554329872131348 0.9549999833106995
vt -0.17030084133148193 1
vt -0.17030084133148193 0.9549999833106995
vt -0.18554329872131348 0.9549999833106995
vt -0.18554329872131348 0.9549999833106995
vt -0.17030084133148193 0.9549999833106995
vt -0.18165932595729828 0.9408578872680664
vt -0.17030084133148193 0.9549999833106995
vt -0.1667359322309494 0.9408578872680664
vt -0.18165932595729828 0.9408578872680664
vt -0.18165932595729828 0.9408578872680664
vt -0.1667359322309494 0.9408578872680664
vt -0.17228256165981293 0.9350000023841858
vt -0.1667359322309494 0.9408578872680664
vt -0.1581294685602188 0.9350000023841858
vt -0.17228256165981293 0.9350000023841858
vt -0.1581294685602188 1.0199999809265137
vt -0.14318987727165222 1.0199999809265137
vt -0.1667359322309494 1.0141421556472778
vt -0.14318987727165222 1.0199999809265137
vt -0.15098321437835693 1.0141421556472778
vt -0.1667359322309494 1.0141421556472778
vt -0.1667359322309494 1.0141421556472778
vt -0.15098321437835693 1.0141421556472778
vt -0.17030084133148193 1
vt -0.15098321437835693 1.0141421556472778
vt -0.15421132743358612 1
vt -0.17030084133148193 1
vt -0.17030084133148193 1
vt -0.15421132743358612 1
vt -0.17030084133148193 0.9549999833106995
vt -0.15421132743358612 1
vt -0.15421132743358612 0.9549999833106995
vt -0.17030084133148193 0.9549999833106995
vt -0.17030084133148193 0.9549999833106995
vt -0.15421132743358612 0.9549999833106995
vt -0.1667359322309494 0.9408578872680664
vt -0.15421132743358612 0.9549999833106995
vt -0.15098321437835693 0.9408578872680664
vt -0.1667359322309494 0.9408578872680664
vt -0.1667359322309494 0.9408578872680664
vt -0.15098321437835693 0.9408578872680664
vt -0.1581294685602188 0.9350000023841858
vt -0.15098321437835693 0.9408578872680664
vt -0.14318987727165222 0.9350000023841858
vt -0.1581294685602188 0.9350000023841858
vt -0.14318987727165222 1.0199999809265137
vt -0.12753808498382568 1.0199999809265137
vt -0.15098321437835693 1.0141421556472778
vt -0.12753808498382568 1.0199999809265137
vt -0.1344795525074005 1.0141421556472778
vt -0.15098321437835693 1.0141421556472778
vt -0.15098321437835693 1.0141421556472778
vt -0.1344795525074005 1.0141421556472778
vt -0.15421132743358612 1
vt -0.1344795525074005 1.0141421556472778
vt -0.1373548060655594 1
vt -0.15421132743358612 1
vt -0.15421132743358612 1
vt -0.1373548060655594 1
vt -0.15421132743358612 0.9549999833106995
vt -0.1373548060655594 1
vt -0.1373548060655594 0.9549999833106995
vt -0.15421132743358612 0.9549999833106995
vt -0.15421132743358612 0.9549999833106995
vt -0.1373548060655594 0.9549999833106995
vt -0.15098321437835693 0.9408578872680664
vt -0.1373548060655594 0.9549999833106995
vt -0.1344795525074005 0.9408578872680664
vt -0.15098321437835693 0.9408578872680664
vt -0.15098321437835693 0.9408578872680664
vt -0.1344795525074005 0.9408578872680664
vt -0.14318987727165222 0.9350000023841858
vt -0.1344795525074005 0.9408578872680664
vt -0.12753808498382568 0.9350000023841858
vt -0.14318987727165222 0.9350000023841858
vt -0.12753808498382568 1.0199999809265137
vt -0.11125193536281586 1.0199999809265137
vt -0.1344795525074005 1.0141421556472778
vt -0.11125193536281586 1.0199999809265137
vt -0.11730701476335526 1.0141421556472778
vt -0.1344795525074005 1.0141421556472778
vt -0.1344795525074005 1.0141421556472778
vt -0.11730701476335526 1.0141421556472778
vt -0.1373548060655594 1
vt -0.11730701476335526 1.0141421556472778
vt -0.11981510370969772 1
vt -0.1373548060655594 1
vt -0.1373548060655594 1
vt -0.11981510370969772 1
vt -0.1373548060655594 0.9549999833106995
vt -0.11981510370969772 1
vt -0.11981510370969772 0.9549999833106995
vt -0.1373548060655594 0.9549999833106995
vt -0.1373548060655594 0.9549999833106995
vt -0.11981510370969772 0.9549999833106995
vt -0.1344795525074005 0.9408578872680664
vt -0.11981510370969772 0.9549999833106995
vt -0.11730701476335526 0.9408578872680664
vt -0.1344795525074005 0.9408578872680664
vt -0.1344795525074005 0.9408578872680664
vt -0.11730701476335526 0.9408578872680664
vt -0.12753808498382568 0.9350000023841858
vt -0.11730701476335526 0.9408578872680664
vt -0.11125193536281586 0.9350000023841858
vt -0.12753808498382568 0.9350000023841858
vt -0.11125193536281586 1.0199999809265137
vt -0.09441245347261429 1.0199999809265137
vt -0.11730701476335526 1.0141421556472778
vt -0.09441245347261429 1.0199999809265137
vt -0.0995510071516037 1.0141421556472778
vt -0.11730701476335526 1.0141421556472778
vt -0.11730701476335526 1.0141421556472778
vt -0.0995510071516037 1.0141421556472778
vt -0.11981510370969772 1
vt -0.0995510071516037 1.0141421556472778
vt -0.10167946666479111 1
vt -0.11981510370969772 1
vt -0.11981510370969772 1
vt -0.10167946666479111 1
vt -0.11981510370969772 0.9549999833106995
vt -0.10167946666479111 1
vt -0.10167946666479111 0.9549999833106995
vt -0.11981510370969772 0.9549999833106995
vt -0.11981510370969772 0.9549999833106995
vt -0.10167946666479111 0.9549999833106995
vt -0.11730701476335526 0.9408578872680664
vt -0.10167946666479111 0.9549999833106995
vt -0.0995510071516037 0.9408578872680664
vt -0.11730701476335526 0.9408578872680664
vt -0.11730701476335526 0.9408578872680664
vt -0.0995510071516037 0.9408578872680664
vt -0.11125193536281586 0.9350000023841858
vt -0.0995510071516037 0.9408578872680664
vt -0.09441245347261429 0.9350000023841858
vt -0.11125193536281586 0.9350000023841858
vt -0.09441245347261429 1.0199999809265137
vt -0.0771033763885498 1.0199999809265137
vt -0.0995510071516037 1.0141421556472778
vt -0.0771033763885498 1.0199999809265137
vt -0.08129985630512238 1.0141421556472778
vt -0.0995510071516037 1.0141421556472778
vt -0.0995510071516037 1.0141421556472778
vt -0.08129985630512238 1.0141421556472778
vt -0.10167946666479111 1
vt -0.08129985630512238 1.0141421556472778
vt -0.0830380991101265 1
vt -0.10167946666479111 1
vt -0.10167946666479111 1
vt -0.0830380991101265 1
vt -0.10167946666479111 0.9549999833106995
vt -0.0830380991101265 1
vt -0.0830380991101265 0.9549999833106995
vt -0.10167946666479111 0.9549999833106995
vt -0.10167946666479111 0.9549999833106995
vt -0.0830380991101265 0.9549999833106995
vt -0.0995510071516037 0.9408578872680664
vt -0.0830380991101265 0.9549999833106995
vt -0.08129985630512238 0.9408578872680664
vt -0.0995510071516037 0.9408578872680664
vt -0.0995510071516037 0.9408578872680664
vt -0.08129985630512238 0.9408578872680664
vt -0.09441245347261429 0.9350000023841858
vt -0.08129985630512238 0.9408578872680664
vt -0.0771033763885498 0.9350000023841858
vt -0.09441245347261429 0.9350000023841858
vt -0.0771033763885498 1.0199999809265137
vt -0.05941080302000046 1.0199999809265137
vt -0.08129985630512238 1.0141421556472778
vt -0.05941080302000046 1.0199999809265137
vt -0.0626443400979042 1.0141421556472778
vt -0.08129985630512238 1.0141421556472778
vt -0.08129985630512238 1.0141421556472778
vt -0.0626443400979042 1.0141421556472778
vt -0.0830380991101265 1
vt -0.0626443400979042 1.0141421556472778
vt -0.06398370862007141 1
vt -0.0830380991101265 1
vt -0.0830380991101265 1
vt -0.06398370862007141 1
vt -0.0830380991101265 0.9549999833106995
vt -0.06398370862007141 1
vt -0.06398370862007141 0.9549999833106995
vt -0.0830380991101265 0.9549999833106995
vt -0.0830380991101265 0.9549999833106995
vt -0.06398370862007141 0.9549999833106995
vt -0.08129985630512238 0.9408578872680664
vt -0.06398370862007141 0.9549999833106995
vt -0.0626443400979042 0.9408578872680664
vt -0.08129985630512238 0.9408578872680664
vt -0.08129985630512238 0.9408578872680664
vt -0.0626443400979042 0.9408578872680664
vt -0.0771033763885498 0.9350000023841858
vt -0.0626443400979042 0.9408578872680664
vt -0.05941080302000046 0.9350000023841858
vt -0.0771033763885498 0.9350000023841858
vt -0.05941080302000046 1.0199999809265137
vt -0.041422732174396515 1.0199999809265137
vt -0.0626443400979042 1.0141421556472778
vt -0.041422732174396515 1.0199999809265137
vt -0.04367723688483238 1.0141421556472778
vt -0.0626443400979042 1.0141421556472778
vt -0.0626443400979042 1.0141421556472778
vt -0.04367723688483238 1.0141421556472778
vt -0.06398370862007141 1
vt -0.04367723688483238 1.0141421556472778
vt -0.04461108148097992 1
vt -0.06398370862007141 1
vt -0.06398370862007141 1
vt -0.04461108148097992 1
vt -0.06398370862007141 0.9549999833106995
vt -0.04461108148097992 1
vt -0.04461108148097992 0.9549999833106995
vt -0.06398370862007141 0.9549999833106995
vt -0.06398370862007141 0.9549999833106995
vt -0.04461108148097992 0.9549999833106995
vt -0.0626443400979042 0.9408578872680664
vt -0.04461108148097992 0.9549999833106995
vt -0.04367723688483238 0.9408578872680664
vt -0.0626443400979042 0.9408578872680664
vt -0.0626443400979042 0.9408578872680664
vt -0.04367723688483238 0.9408578872680664
vt -0.05941080302000046 0.9350000023841858
vt -0.04367723688483238 0.9408578872680664
vt -0.041422732174396515 0.9350000023841858
vt -0.05941080302000046 0.9350000023841858
vt -0.041422732174396515 1.0199999809265137
vt -0.023228636011481285 1.0199999809265137
vt -0.04367723688483238 1.0141421556472778
vt -0.023228636011481285 1.0199999809265137
vt -0.024492893368005753 1.0141421556472778
vt -0.04367723688483238 1.0141421556472778
vt -0.04367723688483238 1.0141421556472778
vt -0.024492893368005753 1.0141421556472778
vt -0.04461108148097992 1
vt -0.024492893368005753 1.0141421556472778
vt -0.02501656487584114 1
vt -0.04461108148097992 1
vt -0.04461108148097992 1
vt -0.02501656487584114 1
vt -0.04461108148097992 0.9549999833106995
vt -0.02501656487584114 1
vt -0.02501656487584114 0.9549999833106995
vt -0.04461108148097992 0.9549999833106995
vt -0.04461108148097992 0.9549999833106995
vt -0.02501656487584114 0.9549999833106995
vt -0.04367723688483238 0.9408578872680664
vt -0.02501656487584114 0.9549999833106995
vt -0.024492893368005753 0.9408578872680664
vt -0.04367723688483238 0.9408578872680664
vt -0.04367723688483238 0.9408578872680664
vt -0.024492893368005753 0.9408578872680664
vt -0.041422732174396515 0.9350000023841858
vt -0.024492893368005753 0.9408578872680664
vt -0.023228636011481285 0.9350000023841858
vt -0.041422732174396515 0.9350000023841858
vt -0.023228636011481285 1.0199999809265137
vt -0.004919001832604408 1.0199999809265137
vt -0.024492893368005753 1.0141421556472778
vt -0.004919001832604408 1.0199999809265137
vt -0.005186726804822683 1.0141421556472778
vt -0.024492893368005753 1.0141421556472778
vt -0.024492893368005753 1.0141421556472778
vt -0.005186726804822683 1.0141421556472778
vt -0.02501656487584114 1
vt -0.005186726804822683 1.0141421556472778
vt -0.005297622177749872 1
vt -0.02501656487584114 1
vt -0.02501656487584114 1
vt -0.005297622177749872 1
vt -0.02501656487584114 0.9549999833106995
vt -0.005297622177749872 1
vt -0.005297622177749872 0.9549999833106995
vt -0.02501656487584114 0.9549999833106995
vt -0.02501656487584114 0.9549999833106995
vt -0.005297622177749872 0.9549999833106995
vt -0.024492893368005753 0.9408578872680664
vt -0.005297622177749872 0.9549999833106995
vt -0.005186726804822683 0.9408578872680664
vt -0.024492893368005753 0.9408578872680664
vt -0.024492893368005753 0.9408578872680664
vt -0.005186726804822683 0.9408578872680664
vt -0.023228636011481285 0.9350000023841858
vt -0.005186726804822683 0.9408578872680664
vt -0.004919001832604408 0.9350000023841858
vt -0.023228636011481285 0.9350000023841858
vt -0.004919001832604408 1.0199999809265137
vt 0.013415097258985043 1.0199999809265137
vt -0.005186726804822683 1.0141421556472778
vt 0.013415097258985043 1.0199999809265137
vt 0.01414523646235466 1.0141421556472778
vt -0.005186726804822683 1.0141421556472778
vt -0.005186726804822683 1.0141421556472778
vt 0.01414523646235466 1.0141421556472778
vt -0.005297622177749872 1
vt 0.01414523646235466 1.0141421556472778
vt 0.014447670429944992 1
vt -0.005297622177749872 1
vt -0.005297622177749872 1
vt 0.014447670429944992 1
vt -0.005297622177749872 0.9549999833106995
vt 0.014447670429944992 1
vt 0.014447670429944992 0.9549999833106995
vt -0.005297622177749872 0.9549999833106995
vt -0.005297622177749872 0.9549999833106995
vt 0.014447670429944992 0.9549999833106995
vt -0.005186726804822683 0.9408578872680664
vt 0.014447670429944992 0.9549999833106995
vt 0.01414523646235466 0.9408578872680664
vt -0.005186726804822683 0.9408578872680664
vt -0.005186726804822683 0.9408578872680664
vt 0.01414523646235466 0.9408578872680664
vt -0.004919001832604408 0.9350000023841858
vt 0.01414523646235466 0.9408578872680664
vt 0.013415097258985043 0.9350000023841858
vt -0.004919001832604408 0.9350000023841858
vt 0.013415097258985043 1.0199999809265137
vt 0.03168247267603874 1.0199999809265137
vt 0.01414523646235466 1.0141421556472778
vt 0.03168247267603874 1.0199999809265137
vt 0.03340684249997139 1.0141421556472778
vt 0.01414523646235466 1.0141421556472778
vt 0.01414523646235466 1.0141421556472778
vt 0.03340684249997139 1.0141421556472778
vt 0.014447670429944992 1
vt 0.03340684249997139 1.0141421556472778
vt 0.03412110358476639 1
vt 0.014447670429944992 1
vt 0.014447670429944992 1
vt 0.03412110358476639 1
vt 0.014447670429944992 0.9549999833106995
vt 0.03412110358476639 1
vt 0.03412110358476639 0.9549999833106995
vt 0.014447670429944992 0.9549999833106995
vt 0.014447670429944992 0.9549999833106995
vt 0.03412110358476639 0.9549999833106995
vt 0.01414523646235466 0.9408578872680664
vt 0.03412110358476639 0.9549999833106995
vt 0.03340684249997139 0.9408578872680664
vt 0.01414523646235466 0.9408578872680664
vt 0.01414523646235466 0.9408578872680664
vt 0.03340684249997139 0.9408578872680664
vt 0.013415097258985043 0.9350000023841858
vt 0.03340684249997139 0.9408578872680664
vt 0.03168247267603874 0.9350000023841858
vt 0.013415097258985043 0.9350000023841858
vt 0.03168247267603874 1.0199999809265137
vt 0.04979226365685463 1.0199999809265137
vt 0.03340684249997139 1.0141421556472778
vt 0.04979226365685463 1.0199999809265137
vt 0.05250229313969612 1.0141421556472778
vt 0.03340684249997139 1.0141421556472778
vt 0.03340684249997139 1.0141421556472778
vt 0.05250229313969612 1.0141421556472778
vt 0.03412110358476639 1
vt 0.05250229313969612 1.0141421556472778
vt 0.053624823689460754 1
vt 0.03412110358476639 1
vt 0.03412110358476639 1
vt 0.053624823689460754 1
vt 0.03412110358476639 0.9549999833106995
vt 0.053624823689460754 1
vt 0.053624823689460754 0.9549999833106995
vt 0.03412110358476639 0.9549999833106995
vt 0.03412110358476639 0.9549999833106995
vt 0.053624823689460754 0.9549999833106995
vt 0.03340684249997139 0.9408578872680664
vt 0.053624823689460754 0.9549999833106995
vt 0.05250229313969612 0.9408578872680664
vt 0.03340684249997139 0.9408578872680664
vt 0.03340684249997139 0.9408578872680664
vt 0.05250229313969612 0.9408578872680664
vt 0.03168247267603874 0.9350000023841858
vt 0.05250229313969612 0.9408578872680664
vt 0.04979226365685463 0.9350000023841858
vt 0.03168247267603874 0.9350000023841858
vt 0.04979226365685463 1.0199999809265137
vt 0.06765440106391907 1.0199999809265137
vt 0.05250229313969612 1.0141421556472778
vt 0.06765440106391907 1.0199999809265137
vt 0.07133660465478897 1.0141421556472778
vt 0.05250229313969612 1.0141421556472778
vt 0.05250229313969612 1.0141421556472778
vt 0.07133660465478897 1.0141421556472778
vt 0.053624823689460754 1
vt 0.07133660465478897 1.0141421556472778
vt 0.07286182790994644 1
vt 0.053624823689460754 1
vt 0.053624823689460754 1
vt 0.07286182790994644 1
vt 0.053624823689460754 0.9549999833106995
vt 0.07286182790994644 1
vt 0.07286182790994644 0.9549999833106995
vt 0.053624823689460754 0.9549999833106995
vt 0.053624823689460754 0.9549999833106995
vt 0.07286182790994644 0.9549999833106995
vt 0.05250229313969612 0.9408578872680664
vt 0.07286182790994644 0.9549999833106995
vt 0.07133660465478897 0.9408578872680664
vt 0.05250229313969612 0.9408578872680664
vt 0.05250229313969612 0.9408578872680664
vt 0.07133660465478897 0.9408578872680664
vt 0.04979226365685463 0.9350000023841858
vt 0.07133660465478897 0.9408578872680664
vt 0.06765440106391907 0.9350000023841858
vt 0.04979226365685463 0.9350000023841858
vt 0.06765440106391907 1.0199999809265137
vt 0.08518003672361374 1.0199999809265137
vt 0.07133660465478897 1.0141421556472778
vt 0.08518003672361374 1.0199999809265137
vt 0.08981610089540482 1.0141421556472778
vt 0.07133660465478897 1.0141421556472778
vt 0.07133660465478897 1.0141421556472778
vt 0.08981610089540482 1.0141421556472778
vt 0.07286182790994644 1
vt 0.08981610089540482 1.0141421556472778
vt 0.09173642843961716 1
vt 0.07286182790994644 1
vt 0.07286182790994644 1
vt 0.09173642843961716 1
vt 0.07286182790994644 0.9549999833106995
vt 0.09173642843961716 1
vt 0.09173642843961716 0.9549999833106995
vt 0.07286182790994644 0.9549999833106995
vt 0.07286182790994644 0.9549999833106995
vt 0.09173642843961716 0.9549999833106995
vt 0.07133660465478897 0.9408578872680664
vt 0.09173642843961716 0.9549999833106995
vt 0.08981610089540482 0.9408578872680664
vt 0.07133660465478897 0.9408578872680664
vt 0.07133660465478897 0.9408578872680664
vt 0.08981610089540482 0.9408578872680664
vt 0.06765440106391907 0.9350000023841858
vt 0.08981610089540482 0.9408578872680664
vt 0.08518003672361374 0.9350000023841858
vt 0.06765440106391907 0.9350000023841858
vt 0.08518003672361374 1.0199999809265137
vt 0.10228200256824493 1.0199999809265137
vt 0.08981610089540482 1.0141421556472778
vt 0.10228200256824493 1.0199999809265137
vt 0.1078488752245903 1.0141421556472778
vt 0.08981610089540482 1.0141421556472778
vt 0.08981610089540482 1.0141421556472778
vt 0.1078488752245903 1.0141421556472778
vt 0.09173642843961716 1
vt 0.1078488752245903 1.0141421556472778
vt 0.11015474796295166 1
vt 0.09173642843961716 1
vt 0.09173642843961716 1
vt 0.11015474796295166 1
vt 0.09173642843961716 0.9549999833106995
vt 0.11015474796295166 1
vt 0.11015474796295166 0.9549999833106995
vt 0.09173642843961716 0.9549999833106995
vt 0.09173642843961716 0.9549999833106995
vt 0.11015474796295166 0.9549999833106995
vt 0.08981610089540482 0.9408578872680664
vt 0.11015474796295166 0.9549999833106995
vt 0.1078488752245903 0.9408578872680664
vt 0.08981610089540482 0.9408578872680664
vt 0.08981610089540482 0.9408578872680664
vt 0.1078488752245903 0.9408578872680664
vt 0.08518003672361374 0.9350000023841858
vt 0.1078488752245903 0.9408578872680664
vt 0.10228200256824493 0.9350000023841858
vt 0.08518003672361374 0.9350000023841858
vt 0.10228200256824493 1.0199999809265137
vt 0.11887524276971817 1.0199999809265137
vt 0.1078488752245903 1.0141421556472778
vt 0.11887524276971817 1.0199999809265137
vt 0.12534523010253906 1.0141421556472778
vt 0.1078488752245903 1.0141421556472778
vt 0.1078488752245903 1.0141421556472778
vt 0.12534523010253906 1.0141421556472778
vt 0.11015474796295166 1
vt 0.12534523010253906 1.0141421556472778
vt 0.12802518904209137 1
vt 0.11015474796295166 1
vt 0.11015474796295166 1
vt 0.12802518904209137 1
vt 0.11015474796295166 0.9549999833106995
vt 0.12802518904209137 1
vt 0.12802518904209137 0.9549999833106995
vt 0.11015474796295166 0.9549999833106995
vt 0.11015474796295166 0.9549999833106995
vt 0.12802518904209137 0.9549999833106995
vt 0.1078488752245903 0.9408578872680664
vt 0.12802518904209137 0.9549999833106995
vt 0.12534523010253906 0.9408578872680664
vt 0.1078488752245903 0.9408578872680664
vt 0.1078488752245903 0.9408578872680664
vt 0.12534523010253906 0.9408578872680664
vt 0.10228200256824493 0.9350000023841858
vt 0.12534523010253906 0.9408578872680664
vt 0.11887524276971817 0.9350000023841858
vt 0.10228200256824493 0.9350000023841858
vt 0.11887524276971817 1.0199999809265137
vt 0.13487721979618073 1.0199999809265137
vt 0.12534523010253906 1.0141421556472778
vt 0.13487721979618073 1.0199999809265137
vt 0.14221814274787903 1.0141421556472778
vt 0.12534523010253906 1.0141421556472778
vt 0.12534523010253906 1.0141421556472778
vt 0.14221814274787903 1.0141421556472778
vt 0.12802518904209137 1
vt 0.14221814274787903 1.0141421556472778
vt 0.1452588438987732 1
vt 0.12802518904209137 1
vt 0.12802518904209137 1
vt 0.1452588438987732 1
vt 0.12802518904209137 0.9549999833106995
vt 0.1452588438987732 1
vt 0.1452588438987732 0.9549999833106995
vt 0.12802518904209137 0.9549999833106995
vt 0.12802518904209137 0.9549999833106995
vt 0.1452588438987732 0.9549999833106995
vt 0.12534523010253906 0.9408578872680664
vt 0.1452588438987732 0.9549999833106995
vt 0.14221814274787903 0.9408578872680664
vt 0.12534523010253906 0.9408578872680664
vt 0.12534523010253906 0.9408578872680664
vt 0.14221814274787903 0.9408578872680664
vt 0.11887524276971817 0.9350000023841858
vt 0.14221814274787903 0.9408578872680664
vt 0.13487721979618073 0.9350000023841858
vt 0.11887524276971817 0.9350000023841858
vt 0.13487721979618073 1.0199999809265137
vt 0.15020833909511566 1.0199999809265137
vt 0.14221814274787903 1.0141421556472778
vt 0.15020833909511566 1.0199999809265137
vt 0.15838368237018585 1.0141421556472778
vt 0.14221814274787903 1.0141421556472778
vt 0.14221814274787903 1.0141421556472778
vt 0.15838368237018585 1.0141421556472778
vt 0.1452588438987732 1
vt 0.15838368237018585 1.0141421556472778
vt 0.1617700159549713 1
vt 0.1452588438987732 1
vt 0.1452588438987732 1
vt 0.1617700159549713 1
vt 0.1452588438987732 0.9549999833106995
vt 0.1617700159549713 1
vt 0.1617700159549713 0.9549999833106995
vt 0.1452588438987732 0.9549999833106995
vt 0.1452588438987732 0.9549999833106995
vt 0.1617700159549713 0.9549999833106995
vt 0.14221814274787903 0.9408578872680664
vt 0.1617700159549713 0.9549999833106995
vt 0.15838368237018585 0.9408578872680664
vt 0.14221814274787903 0.9408578872680664
vt 0.14221814274787903 0.9408578872680664
vt 0.15838368237018585 0.9408578872680664
vt 0.13487721979618073 0.9350000023841858
vt 0.15838368237018585 0.9408578872680664
vt 0.15020833909511566 0.9350000023841858
vt 0.13487721979618073 0.9350000023841858
vt 0.15020833909511566 1.0199999809265137
vt 0.16479235887527466 1.0199999809265137
vt 0.15838368237018585 1.0141421556472778
vt 0.16479235887527466 1.0199999809265137
vt 0.17376145720481873 1.0141421556472778
vt 0.15838368237018585 1.0141421556472778
vt 0.15838368237018585 1.0141421556472778
vt 0.17376145720481873 1.0141421556472778
vt 0.1617700159549713 1
vt 0.17376145720481873 1.0141421556472778
vt 0.17747658491134644 1
vt 0.1617700159549713 1
vt 0.1617700159549713 1
vt 0.17747658491134644 1
vt 0.1617700159549713 0.9549999833106995
vt 0.17747658491134644 1
vt 0.17747658491134644 0.9549999833106995
vt 0.1617700159549713 0.9549999833106995
vt 0.1617700159549713 0.9549999833106995
vt 0.17747658491134644 0.9549999833106995
vt 0.15838368237018585 0.9408578872680664
vt 0.17747658491134644 0.9549999833106995
vt 0.17376145720481873 0.9408578872680664
vt 0.15838368237018585 0.9408578872680664
vt 0.15838368237018585 0.9408578872680664
vt 0.17376145720481873 0.9408578872680664
vt 0.15020833909511566 0.9350000023841858
vt 0.17376145720481873 0.9408578872680664
vt 0.16479235887527466 0.9350000023841858
vt 0.15020833909511566 0.9350000023841858
vt 0.16479235887527466 1.0199999809265137
vt 0.17855672538280487 1.0199999809265137
vt 0.17376145720481873 1.0141421556472778
vt 0.17855672538280487 1.0199999809265137
vt 0.18827497959136963 1.0141421556472778
vt 0.17376145720481873 1.0141421556472778
vt 0.17376145720481873 1.0141421556472778
vt 0.18827497959136963 1.0141421556472778
vt 0.17747658491134644 1
vt 0.18827497959136963 1.0141421556472778
vt 0.19230040907859802 1
vt 0.17747658491134644 1
vt 0.17747658491134644 1
vt 0.19230040907859802 1
vt 0.17747658491134644 0.9549999833106995
vt 0.19230040907859802 1
vt 0.19230040907859802 0.9549999833106995
vt 0.17747658491134644 0.9549999833106995
vt 0.17747658491134644 0.9549999833106995
vt 0.19230040907859802 0.9549999833106995
vt 0.17376145720481873 0.9408578872680664
vt 0.19230040907859802 0.9549999833106995
vt 0.18827497959136963 0.9408578872680664
vt 0.17376145720481873 0.9408578872680664
vt 0.17376145720481873 0.9408578872680664
vt 0.18827497959136963 0.9408578872680664
vt 0.16479235887527466 0.9350000023841858
vt 0.18827497959136963 0.9408578872680664
vt 0.17855672538280487 0.9350000023841858
vt 0.16479235887527466 0.9350000023841858
vt -0.1889907270669937 1.0199999809265137
vt -0.1759358048439026 1.0199999809265137
vt -0.199276864528656 1.0141421556472778
vt -0.1759358048439026 1.0199999809265137
vt -0.18551141023635864 1.0141421556472778
vt -0.199276864528656 1.0141421556472778
vt -0.199276864528656 1.0141421556472778
vt -0.18551141023635864 1.0141421556472778
vt -0.20353752374649048 1
vt -0.18551141023635864 1.0141421556472778
vt -0.18947775661945343 1
vt -0.20353752374649048 1
vt -0.20353752374649048 1
vt -0.18947775661945343 1
vt -0.20353752374649048 0.9549999833106995
vt -0.18947775661945343 1
vt -0.18947775661945343 0.9549999833106995
vt -0.20353752374649048 0.9549999833106995
vt -0.20353752374649048 0.9549999833106995
vt -0.18947775661945343 0.9549999833106995
vt -0.199276864528656 0.9408578872680664
vt -0.18947775661945343 0.9549999833106995
vt -0.18551141023635864 0.9408578872680664
vt -0.199276864528656 0.9408578872680664
vt -0.199276864528656 0.9408578872680664
vt -0.18551141023635864 0.9408578872680664
vt -0.1889907270669937 0.9350000023841858
vt -0.18551141023635864 0.9408578872680664
vt -0.1759358048439026 0.9350000023841858
vt -0.1889907270669937 0.9350000023841858
vt -0.1759358048439026 1.0199999809265137
vt -0.16200582683086395 1.0199999809265137
vt -0.18551141023635864 1.0141421556472778
vt -0.16200582683086395 1.0199999809265137
vt -0.17082326114177704 1.0141421556472778
vt -0.18551141023635864 1.0141421556472778
vt -0.18551141023635864 1.0141421556472778
vt -0.17082326114177704 1.0141421556472778
vt -0.18947775661945343 1
vt -0.17082326114177704 1.0141421556472778
vt -0.1744755655527115 1
vt -0.18947775661945343 1
vt -0.18947775661945343 1
vt -0.1744755655527115 1
vt -0.18947775661945343 0.9549999833106995
vt -0.1744755655527115 1
vt -0.1744755655527115 0.9549999833106995
vt -0.18947775661945343 0.9549999833106995
vt -0.18947775661945343 0.9549999833106995
vt -0.1744755655527115 0.9549999833106995
vt -0.18551141023635864 0.9408578872680664
vt -0.1744755655527115 0.9549999833106995
vt -0.17082326114177704 0.9408578872680664
vt -0.18551141023635864 0.9408578872680664
vt -0.18551141023635864 0.9408578872680664
vt -0.17082326114177704 0.9408578872680664
vt -0.1759358048439026 0.9350000023841858
vt -0.17082326114177704 0.9408578872680664
vt -0.16200582683086395 0.9350000023841858
vt -0.1759358048439026 0.9350000023841858
vt -0.16200582683086395 1.0199999809265137
vt -0.1472700536251068 1.0199999809265137
vt -0.17082326114177704 1.0141421556472778
vt -0.1472700536251068 1.0199999809265137
vt -0.15528547763824463 1.0141421556472778
vt -0.17082326114177704 1.0141421556472778
vt -0.17082326114177704 1.0141421556472778
vt -0.15528547763824463 1.0141421556472778
vt -0.1744755655527115 1
vt -0.15528547763824463 1.0141421556472778
vt -0.15860556066036224 1
vt -0.1744755655527115 1
vt -0.1744755655527115 1
vt -0.15860556066036224 1
vt -0.1744755655527115 0.9549999833106995
vt -0.15860556066036224 1
vt -0.15860556066036224 0.9549999833106995
vt -0.1744755655527115 0.9549999833106995
vt -0.1744755655527115 0.9549999833106995
vt -0.15860556066036224 0.9549999833106995
vt -0.17082326114177704 0.9408578872680664
vt -0.15860556066036224 0.9549999833106995
vt -0.15528547763824463 0.9408578872680664
vt -0.17082326114177704 0.9408578872680664
vt -0.17082326114177704 0.9408578872680664
vt -0.15528547763824463 0.9408578872680664
vt -0.16200582683086395 0.9350000023841858
vt -0.15528547763824463 0.9408578872680664
vt -0.1472700536251068 0.9350000023841858
vt -0.16200582683086395 0.9350000023841858
vt -0.1472700536251068 1.0199999809265137
vt -0.1318017840385437 1.0199999809265137
vt -0.15528547763824463 1.0141421556472778
vt -0.1318017840385437 1.0199999809265137
vt -0.1389753222465515 1.0141421556472778
vt -0.15528547763824463 1.0141421556472778
vt -0.15528547763824463 1.0141421556472778
vt -0.1389753222465515 1.0141421556472778
vt -0.15860556066036224 1
vt -0.1389753222465515 1.0141421556472778
vt -0.1419466882944107 1
vt -0.15860556066036224 1
vt -0.15860556066036224 1
vt -0.1419466882944107 1
vt -0.15860556066036224 0.9549999833106995
vt -0.1419466882944107 1
vt -0.1419466882944107 0.9549999833106995
vt -0.15860556066036224 0.9549999833106995
vt -0.15860556066036224 0.9549999833106995
vt -0.1419466882944107 0.9549999833106995
vt -0.15528547763824463 0.9408578872680664
vt -0.1419466882944107 0.9549999833106995
vt -0.1389753222465515 0.9408578872680664
vt -0.15528547763824463 0.9408578872680664
vt -0.15528547763824463 0.9408578872680664
vt -0.1389753222465515 0.9408578872680664
vt -0.1472700536251068 0.9350000023841858
vt -0.1389753222465515 0.9408578872680664
vt -0.1318017840385437 0.9350000023841858
vt -0.1472700536251068 0.9350000023841858
vt -0.1318017840385437 1.0199999809265137
vt -0.11567796766757965 1.0199999809265137
vt -0.1389753222465515 1.0141421556472778
vt -0.11567796766757965 1.0199999809265137
vt -0.1219739317893982 1.0141421556472778
vt -0.1389753222465515 1.0141421556472778
vt -0.1389753222465515 1.0141421556472778
vt -0.1219739317893982 1.0141421556472778
vt -0.1419466882944107 1
vt -0.1219739317893982 1.0141421556472778
vt -0.12458180636167526 1
vt -0.1419466882944107 1
vt -0.1419466882944107 1
vt -0.12458180636167526 1
vt -0.1419466882944107 0.9549999833106995
vt -0.12458180636167526 1
vt -0.12458180636167526 0.9549999833106995
vt -0.1419466882944107 0.9549999833106995
vt -0.1419466882944107 0.9549999833106995
vt -0.12458180636167526 0.9549999833106995
vt -0.1389753222465515 0.9408578872680664
vt -0.12458180636167526 0.9549999833106995
vt -0.1219739317893982 0.9408578872680664
vt -0.1389753222465515 0.9408578872680664
vt -0.1389753222465515 0.9408578872680664
vt -0.1219739317893982 0.9408578872680664
vt -0.1318017840385437 0.9350000023841858
vt -0.1219739317893982 0.9408578872680664
vt -0.11567796766757965 0.9350000023841858
vt -0.1318017840385437 0.9350000023841858
vt -0.11567796766757965 1.0199999809265137
vt -0.09897878766059875 1.0199999809265137
vt -0.1219739317893982 1.0141421556472778
vt -0.09897878766059875 1.0199999809265137
vt -0.10436587035655975 1.0141421556472778
vt -0.1219739317893982 1.0141421556472778
vt -0.1219739317893982 1.0141421556472778
vt -0.10436587035655975 1.0141421556472778
vt -0.12458180636167526 1
vt -0.10436587035655975 1.0141421556472778
vt -0.10659727454185486 1
vt -0.12458180636167526 1
vt -0.12458180636167526 1
vt -0.10659727454185486 1
vt -0.12458180636167526 0.9549999833106995
vt -0.10659727454185486 1
vt -0.10659727454185486 0.9549999833106995
vt -0.12458180636167526 0.9549999833106995
vt -0.12458180636167526 0.9549999833106995
vt -0.10659727454185486 0.9549999833106995
vt -0.1219739317893982 0.9408578872680664
vt -0.10659727454185486 0.9549999833106995
vt -0.10436587035655975 0.9408578872680664
vt -0.1219739317893982 0.9408578872680664
vt -0.1219739317893982 0.9408578872680664
vt -0.10436587035655975 0.9408578872680664
vt -0.11567796766757965 0.9350000023841858
vt -0.10436587035655975 0.9408578872680664
vt -0.09897878766059875 0.9350000023841858
vt -0.11567796766757965 0.9350000023841858
vt -0.09897878766059875 1.0199999809265137
vt -0.08178730309009552 1.0199999809265137
vt -0.10436587035655975 1.0141421556472778
vt -0.08178730309009552 1.0199999809265137
vt -0.07312829792499542 1.0141421556472778
vt -0.10436587035655975 1.0141421556472778
vt -0.10436587035655975 1.0141421556472778
vt -0.07312829792499542 1.0141421556472778
vt -0.10659727454185486 1
vt -0.07312829792499542 1.0141421556472778
vt -0.06954161822795868 1
vt -0.10659727454185486 1
vt -0.10659727454185486 1
vt -0.06954161822795868 1
vt -0.10659727454185486 0.9549999833106995
vt -0.06954161822795868 1
vt -0.06954161822795868 0.9549999833106995
vt -0.10659727454185486 0.9549999833106995
vt -0.10659727454185486 0.9549999833106995
vt -0.06954161822795868 0.9549999833106995
vt -0.10436587035655975 0.9408578872680664
vt -0.06954161822795868 0.9549999833106995
vt -0.07312829792499542 0.9408578872680664
vt -0.10436587035655975 0.9408578872680664
vt -0.10436587035655975 0.9408578872680664
vt -0.07312829792499542 0.9408578872680664
vt -0.09897878766059875 0.9350000023841858
vt -0.07312829792499542 0.9408578872680664
vt -0.08178730309009552 0.9350000023841858
vt -0.09897878766059875 0.9350000023841858
vt 0.2468012124300003 1.0199999809265137
vt 0 1.0199999809265137
vt 0.2648295760154724 1.0141421556472778
vt 0 1.0199999809265137
vt 0.019999999552965164 1.0141421556472778
vt 0.2648295760154724 1.0141421556472778
vt 0.2648295760154724 1.0141421556472778
vt 0.019999999552965164 1.0141421556472778
vt 0.2722971439361572 1
vt 0.019999999552965164 1.0141421556472778
vt 0.02828427031636238 1
vt 0.2722971439361572 1
vt 0.2722971439361572 1
vt 0.02828427031636238 1
vt 0.2722971439361572 0.9549999833106995
vt 0.02828427031636238 1
vt 0.02828427031636238 0.9549999833106995
vt 0.2722971439361572 0.9549999833106995
vt 0.2722971439361572 0.9549999833106995
vt 0.02828427031636238 0.9549999833106995
vt 0.2648295760154724 0.9408578872680664
vt 0.02828427031636238 0.9549999833106995
vt 0.019999999552965164 0.9408578872680664
vt 0.2648295760154724 0.9408578872680664
vt 0.2648295760154724 0.9408578872680664
vt 0.019999999552965164 0.9408578872680664
vt 0.2468012124300003 0.9350000023841858
vt 0.019999999552965164 0.9408578872680664
vt 0 0.9350000023841858
vt 0.2468012124300003 0.9350000023841858
vt 0 1.0199999809265137
vt 0.2468012124300003 1.0199999809265137
vt 0.019999999552965164 1.0141421556472778
vt 0.2468012124300003 1.0199999809265137
vt 0.2648295760154724 1.0141421556472778
vt 0.019999999552965164 1.0141421556472778
vt 0.019999999552965164 1.0141421556472778
vt 0.2648295760154724 1.0141421556472778
vt 0.02828427031636238 1
vt 0.2648295760154724 1.0141421556472778
vt 0.2722971439361572 1
vt 0.02828427031636238 1
vt 0.02828427031636238 1
vt 0.2722971439361572 1
vt 0.02828427031636238 0.9549999833106995
vt 0.2722971439361572 1
vt 0.2722971439361572 0.9549999833106995
vt 0.02828427031636238 0.9549999833106995
vt 0.02828427031636238 0.9549999833106995
vt 0.2722971439361572 0.9549999833106995
vt 0.019999999552965164 0.9408578872680664
vt 0.2722971439361572 0.9549999833106995
vt 0.2648295760154724 0.9408578872680664
vt 0.019999999552965164 0.9408578872680664
vt 0.019999999552965164 0.9408578872680664
vt 0.2648295760154724 0.9408578872680664
vt 0 0.9350000023841858
vt 0.2648295760154724 0.9408578872680664
vt 0.2468012124300003 0.9350000023841858
vt 0 0.9350000023841858
vn -3.4574381393956725e-17 -1 -5.0537233156279096e-17
vn -3.4574381393956725e-17 -1 -5.0537233156279096e-17
vn -3.4574381393956725e-17 -1 -5.0537233156279096e-17
vn -3.4574381393956725e-17 -1 -5.0537233156279096e-17
vn -3.4574381393956725e-17 -1 -5.0537233156279096e-17
vn -3.4574381393956725e-17 -1 -5.0537233156279096e-17
vn -3.4574381393956725e-17 -1 -5.0537233156279096e-17
vn -3.4574381393956725e-17 -1 -5.0537233156279096e-17
vn -3.4574381393956725e-17 -1 -5.0537233156279096e-17
vn -3.4574381393956725e-17 -1 -5.0537233156279096e-17
vn -3.4574381393956725e-17 -1 -5.0537233156279096e-17
vn -3.4574381393956725e-17 -1 -5.0537233156279096e-17
vn -3.4574381393956725e-17 -1 -5.0537233156279096e-17
vn -3.4574381393956725e-17 -1 -5.0537233156279096e-17
vn -3.4574381393956725e-17 -1 -5.0537233156279096e-17
vn -3.4574381393956725e-17 -1 -5.0537233156279096e-17
vn -3.4574381393956725e-17 -1 -5.0537233156279096e-17
vn -3.4574381393956725e-17 -1 -5.0537233156279096e-17
vn -3.4574381393956725e-17 -1 -5.0537233156279096e-17
vn -3.4574381393956725e-17 -1 -5.0537233156279096e-17
vn -3.4574381393956725e-17 -1 -5.0537233156279096e-17
vn -3.4574381393956725e-17 -1 -5.0537233156279096e-17
vn -3.4574381393956725e-17 -1 -5.0537233156279096e-17
vn -3.4574381393956725e-17 -1 -5.0537233156279096e-17
vn -3.4574381393956725e-17 -1 -5.0537233156279096e-17
vn -3.4574381393956725e-17 -1 -5.0537233156279096e-17
vn -3.4574381393956725e-17 -1 -5.0537233156279096e-17
vn -3.4574381393956725e-17 -1 -5.0537233156279096e-17
vn -3.4574381393956725e-17 -1 -5.0537233156279096e-17
vn -3.4574381393956725e-17 -1 -5.0537233156279096e-17
vn -3.4574381393956725e-17 -1 -5.0537233156279096e-17
vn -3.4574381393956725e-17 -1 -5.0537233156279096e-17
vn -3.4574381393956725e-17 -1 -5.0537233156279096e-17
vn -3.4574381393956725e-17 -1 -5.0537233156279096e-17
vn -3.4574381393956725e-17 -1 -5.0537233156279096e-17
vn -3.4574381393956725e-17 -1 -5.0537233156279096e-17
vn -3.4574381393956725e-17 -1 -5.0537233156279096e-17
vn -3.4574381393956725e-17 -1 -5.0537233156279096e-17
vn -3.4574381393956725e-17 -1 -5.0537233156279096e-17
vn -3.4574381393956725e-17 -1 -5.0537233156279096e-17
vn -3.4574381393956725e-17 -1 -5.0537233156279096e-17
vn -3.4574381393956725e-17 -1 -5.0537233156279096e-17
vn -3.4574381393956725e-17 -1 -5.0537233156279096e-17
vn -3.4574381393956725e-17 -1 -5.0537233156279096e-17
vn -3.4574381393956725e-17 -1 -5.0537233156279096e-17
vn -3.4574381393956725e-17 -1 -5.0537233156279096e-17
vn -3.4574381393956725e-17 -1 -5.0537233156279096e-17
vn -3.4574381393956725e-17 -1 -5.0537233156279096e-17
vn -3.4574381393956725e-17 -1 -5.0537233156279096e-17
vn -3.4574381393956725e-17 -1 -5.0537233156279096e-17
vn -3.4574381393956725e-17 -1 -5.0537233156279096e-17
vn -3.4574381393956725e-17 -1 -5.0537233156279096e-17
vn -3.4574381393956725e-17 -1 -5.0537233156279096e-17
vn -3.4574381393956725e-17 -1 -5.0537233156279096e-17
vn -3.4574381393956725e-17 -1 -5.0537233156279096e-17
vn -3.4574381393956725e-17 -1 -5.0537233156279096e-17
vn -3.4574381393956725e-17 -1 -5.0537233156279096e-17
vn -3.4574381393956725e-17 -1 -5.0537233156279096e-17
vn -3.4574381393956725e-17 -1 -5.0537233156279096e-17
vn -3.4574381393956725e-17 -1 -5.0537233156279096e-17
vn -3.4574381393956725e-17 -1 -5.0537233156279096e-17
vn -3.4574381393956725e-17 -1 -5.0537233156279096e-17
vn -3.4574381393956725e-17 -1 -5.0537233156279096e-17
vn -3.4574381393956725e-17 -1 -5.0537233156279096e-17
vn -3.4574381393956725e-17 -1 -5.0537233156279096e-17
vn -3.4574381393956725e-17 -1 -5.0537233156279096e-17
vn -3.4574381393956725e-17 -1 -5.0537233156279096e-17
vn -3.4574381393956725e-17 -1 -5.0537233156279096e-17
vn -3.4574381393956725e-17 -1 -5.0537233156279096e-17
vn -3.4574381393956725e-17 -1 -5.0537233156279096e-17
vn -3.4574381393956725e-17 -1 -5.0537233156279096e-17
vn -3.4574381393956725e-17 -1 -5.0537233156279096e-17
vn -3.4574381393956725e-17 -1 -5.0537233156279096e-17
vn -3.4574381393956725e-17 -1 -5.0537233156279096e-17
vn -3.4574381393956725e-17 -1 -5.0537233156279096e-17
vn -3.4574381393956725e-17 -1 -5.0537233156279096e-17
vn -3.4574381393956725e-17 -1 -5.0537233156279096e-17
vn -3.4574381393956725e-17 -1 -5.0537233156279096e-17
vn -3.4574381393956725e-17 -1 -5.0537233156279096e-17
vn -3.4574381393956725e-17 -1 -5.0537233156279096e-17
vn -3.4574381393956725e-17 -1 -5.0537233156279096e-17
vn -3.4574381393956725e-17 -1 -5.0537233156279096e-17
vn -3.4574381393956725e-17 -1 -5.0537233156279096e-17
vn -3.4574381393956725e-17 -1 -5.0537233156279096e-17
vn -3.4574381393956725e-17 -1 -5.0537233156279096e-17
vn -3.4574381393956725e-17 -1 -5.0537233156279096e-17
vn -3.4574381393956725e-17 -1 -5.0537233156279096e-17
vn -3.4574381393956725e-17 -1 -5.0537233156279096e-17
vn -3.4574381393956725e-17 -1 -5.0537233156279096e-17
vn -3.4574381393956725e-17 -1 -5.0537233156279096e-17
vn -3.4574381393956725e-17 -1 -5.0537233156279096e-17
vn -3.4574381393956725e-17 -1 -5.0537233156279096e-17
vn -3.4574381393956725e-17 -1 -5.0537233156279096e-17
vn -3.4574381393956725e-17 -1 -5.0537233156279096e-17
vn -3.4574381393956725e-17 -1 -5.0537233156279096e-17
vn -3.4574381393956725e-17 -1 -5.0537233156279096e-17
vn -3.4574381393956725e-17 -1 -5.0537233156279096e-17
vn -3.4574381393956725e-17 -1 -5.0537233156279096e-17
vn -3.4574381393956725e-17 -1 -5.0537233156279096e-17
vn -3.4574381393956725e-17 -1 -5.0537233156279096e-17
vn -3.4574381393956725e-17 -1 -5.0537233156279096e-17
vn -3.4574381393956725e-17 -1 -5.0537233156279096e-17
vn -3.4574381393956725e-17 -1 -5.0537233156279096e-17
vn -3.4574381393956725e-17 -1 -5.0537233156279096e-17
vn -3.4574381393956725e-17 -1 -5.0537233156279096e-17
vn -3.4574381393956725e-17 -1 -5.0537233156279096e-17
vn -3.4574381393956725e-17 -1 -5.0537233156279096e-17
vn -3.4574381393956725e-17 -1 -5.0537233156279096e-17
vn -3.4574381393956725e-17 -1 -5.0537233156279096e-17
vn -3.4574381393956725e-17 -1 -5.0537233156279096e-17
vn -3.4574381393956725e-17 -1 -5.0537233156279096e-17
vn -3.4574381393956725e-17 -1 -5.0537233156279096e-17
vn -3.4574381393956725e-17 -1 -5.0537233156279096e-17
vn -3.4574381393956725e-17 -1 -5.0537233156279096e-17
vn -3.4574381393956725e-17 -1 -5.0537233156279096e-17
vn -3.4574381393956725e-17 -1 -5.0537233156279096e-17
vn -3.4574381393956725e-17 -1 -5.0537233156279096e-17
vn -3.4574381393956725e-17 -1 -5.0537233156279096e-17
vn -3.4574381393956725e-17 -1 -5.0537233156279096e-17
vn -3.4574381393956725e-17 -1 -5.0537233156279096e-17
vn -3.4574381393956725e-17 -1 -5.0537233156279096e-17
vn -3.4574381393956725e-17 -1 -5.0537233156279096e-17
vn -3.4574381393956725e-17 -1 -5.0537233156279096e-17
vn -3.4574381393956725e-17 -1 -5.0537233156279096e-17
vn -3.4574381393956725e-17 -1 -5.0537233156279096e-17
vn -3.4574381393956725e-17 -1 -5.0537233156279096e-17
vn -3.4574381393956725e-17 -1 -5.0537233156279096e-17
vn -3.4574381393956725e-17 -1 -5.0537233156279096e-17
vn -3.4574381393956725e-17 -1 -5.0537233156279096e-17
vn -3.4574381393956725e-17 -1 -5.0537233156279096e-17
vn -3.4574381393956725e-17 -1 -5.0537233156279096e-17
vn -3.4574381393956725e-17 -1 -5.0537233156279096e-17
vn -3.4574381393956725e-17 -1 -5.0537233156279096e-17
vn -3.4574381393956725e-17 -1 -5.0537233156279096e-17
vn -3.4574381393956725e-17 -1 -5.0537233156279096e-17
vn -3.4574381393956725e-17 -1 -5.0537233156279096e-17
vn -3.4574381393956725e-17 -1 -5.0537233156279096e-17
vn -3.4574381393956725e-17 -1 -5.0537233156279096e-17
vn -3.4574381393956725e-17 -1 -5.0537233156279096e-17
vn -3.4574381393956725e-17 -1 -5.0537233156279096e-17
vn -3.4574381393956725e-17 -1 -5.0537233156279096e-17
vn -3.4574381393956725e-17 -1 -5.0537233156279096e-17
vn -3.4574381393956725e-17 -1 -5.0537233156279096e-17
vn -3.4574381393956725e-17 -1 -5.0537233156279096e-17
vn -3.4574381393956725e-17 -1 -5.0537233156279096e-17
vn -3.4574381393956725e-17 -1 -5.0537233156279096e-17
vn -3.4574381393956725e-17 -1 -5.0537233156279096e-17
vn -3.4574381393956725e-17 -1 -5.0537233156279096e-17
vn -3.4574381393956725e-17 -1 -5.0537233156279096e-17
vn -3.4574381393956725e-17 -1 -5.0537233156279096e-17
vn -3.4574381393956725e-17 -1 -5.0537233156279096e-17
vn -3.4574381393956725e-17 -1 -5.0537233156279096e-17
vn -3.4574381393956725e-17 -1 -5.0537233156279096e-17
vn -3.4574381393956725e-17 -1 -5.0537233156279096e-17
vn -3.4574381393956725e-17 -1 -5.0537233156279096e-17
vn -3.4574381393956725e-17 -1 -5.0537233156279096e-17
vn -3.4574381393956725e-17 -1 -5.0537233156279096e-17
vn -3.4574381393956725e-17 -1 -5.0537233156279096e-17
vn -3.4574381393956725e-17 -1 -5.0537233156279096e-17
vn -3.4574381393956725e-17 -1 -5.0537233156279096e-17
vn -3.4574381393956725e-17 -1 -5.0537233156279096e-17
vn -3.4574381393956725e-17 -1 -5.0537233156279096e-17
vn -3.4574381393956725e-17 -1 -5.0537233156279096e-17
vn -3.4574381393956725e-17 -1 -5.0537233156279096e-17
vn -3.4574381393956725e-17 -1 -5.0537233156279096e-17
vn -3.4574381393956725e-17 -1 -5.0537233156279096e-17
vn -3.4574381393956725e-17 -1 -5.0537233156279096e-17
vn -3.4574381393956725e-17 -1 -5.0537233156279096e-17
vn -3.4574381393956725e-17 -1 -5.0537233156279096e-17
vn -3.4574381393956725e-17 -1 -5.0537233156279096e-17
vn -3.4574381393956725e-17 -1 -5.0537233156279096e-17
vn -3.4574381393956725e-17 -1 -5.0537233156279096e-17
vn -3.4574381393956725e-17 -1 -5.0537233156279096e-17
vn -3.4574381393956725e-17 -1 -5.0537233156279096e-17
vn -3.4574381393956725e-17 -1 -5.0537233156279096e-17
vn -3.4574381393956725e-17 -1 -5.0537233156279096e-17
vn -3.4574381393956725e-17 -1 -5.0537233156279096e-17
vn -3.4574381393956725e-17 -1 -5.0537233156279096e-17
vn -3.4574381393956725e-17 -1 -5.0537233156279096e-17
vn -3.4574381393956725e-17 -1 -5.0537233156279096e-17
vn -3.4574381393956725e-17 -1 -5.0537233156279096e-17
vn -3.4574381393956725e-17 -1 -5.0537233156279096e-17
vn -3.4574381393956725e-17 -1 -5.0537233156279096e-17
vn -3.4574381393956725e-17 -1 -5.0537233156279096e-17
vn -3.4574381393956725e-17 -1 -5.0537233156279096e-17
vn -3.4574381393956725e-17 -1 -5.0537233156279096e-17
vn -3.4574381393956725e-17 -1 -5.0537233156279096e-17
vn -3.4574381393956725e-17 -1 -5.0537233156279096e-17
vn -3.4574381393956725e-17 -1 -5.0537233156279096e-17
vn -3.4574381393956725e-17 -1 -5.0537233156279096e-17
vn -3.4574381393956725e-17 -1 -5.0537233156279096e-17
vn -3.4574381393956725e-17 -1 -5.0537233156279096e-17
vn -3.4574381393956725e-17 -1 -5.0537233156279096e-17
vn -3.4574381393956725e-17 -1 -5.0537233156279096e-17
vn -3.4574381393956725e-17 -1 -5.0537233156279096e-17
vn -3.4574381393956725e-17 -1 -5.0537233156279096e-17
vn -3.4574381393956725e-17 -1 -5.0537233156279096e-17
vn -3.4574381393956725e-17 -1 -5.0537233156279096e-17
vn -3.4574381393956725e-17 -1 -5.0537233156279096e-17
vn -3.4574381393956725e-17 -1 -5.0537233156279096e-17
vn -3.4574381393956725e-17 -1 -5.0537233156279096e-17
vn -3.4574381393956725e-17 -1 -5.0537233156279096e-17
vn -3.4574381393956725e-17 -1 -5.0537233156279096e-17
vn -3.4574381393956725e-17 -1 -5.0537233156279096e-17
vn -3.4574381393956725e-17 -1 -5.0537233156279096e-17
vn -3.4574381393956725e-17 -1 -5.0537233156279096e-17
vn -3.4574381393956725e-17 -1 -5.0537233156279096e-17
vn -3.4574381393956725e-17 -1 -5.0537233156279096e-17
vn -3.4574381393956725e-17 -1 -5.0537233156279096e-17
vn -3.4574381393956725e-17 -1 -5.0537233156279096e-17
vn -3.4574381393956725e-17 -1 -5.0537233156279096e-17
vn -3.4574381393956725e-17 -1 -5.0537233156279096e-17
vn -3.4574381393956725e-17 -1 -5.0537233156279096e-17
vn -3.4574381393956725e-17 -1 -5.0537233156279096e-17
vn -3.4574381393956725e-17 -1 -5.0537233156279096e-17
vn -3.4574381393956725e-17 -1 -5.0537233156279096e-17
vn -3.4574381393956725e-17 -1 -5.0537233156279096e-17
vn -3.4574381393956725e-17 -1 -5.0537233156279096e-17
vn -3.4574381393956725e-17 -1 -5.0537233156279096e-17
vn -3.4574381393956725e-17 -1 -5.0537233156279096e-17
vn -3.4574381393956725e-17 -1 -5.0537233156279096e-17
vn -3.4574381393956725e-17 -1 -5.0537233156279096e-17
vn -3.4574381393956725e-17 -1 -5.0537233156279096e-17
vn -3.4574381393956725e-17 -1 -5.0537233156279096e-17
vn -3.4574381393956725e-17 -1 -5.0537233156279096e-17
vn -3.4574381393956725e-17 -1 -5.0537233156279096e-17
vn -3.4574381393956725e-17 -1 -5.0537233156279096e-17
vn -3.4574381393956725e-17 -1 -5.0537233156279096e-17
vn -3.4574381393956725e-17 -1 -5.0537233156279096e-17
vn -3.4574381393956725e-17 -1 -5.0537233156279096e-17
vn -3.4574381393956725e-17 -1 -5.0537233156279096e-17
vn -3.4574381393956725e-17 -1 -5.0537233156279096e-17
vn -3.4574381393956725e-17 -1 -5.0537233156279096e-17
vn -3.4574381393956725e-17 -1 -5.0537233156279096e-17
vn -3.4574381393956725e-17 -1 -5.0537233156279096e-17
vn -3.4574381393956725e-17 -1 -5.0537233156279096e-17
vn -3.4574381393956725e-17 -1 -5.0537233156279096e-17
vn -3.4574381393956725e-17 -1 -5.0537233156279096e-17
vn -3.4574381393956725e-17 -1 -5.0537233156279096e-17
vn -3.4574381393956725e-17 -1 -5.0537233156279096e-17
vn 3.4574381393956725e-17 1 5.0537233156279096e-17
vn 3.4574381393956725e-17 1 5.0537233156279096e-17
vn 3.4574381393956725e-17 1 5.0537233156279096e-17
vn 3.4574381393956725e-17 1 5.0537233156279096e-17
vn 3.4574381393956725e-17 1 5.0537233156279096e-17
vn 3.4574381393956725e-17 1 5.0537233156279096e-17
vn 3.4574381393956725e-17 1 5.0537233156279096e-17
vn 3.4574381393956725e-17 1 5.0537233156279096e-17
vn 3.4574381393956725e-17 1 5.0537233156279096e-17
vn 3.4574381393956725e-17 1 5.0537233156279096e-17
vn 3.4574381393956725e-17 1 5.0537233156279096e-17
vn 3.4574381393956725e-17 1 5.0537233156279096e-17
vn 3.4574381393956725e-17 1 5.0537233156279096e-17
vn 3.4574381393956725e-17 1 5.0537233156279096e-17
vn 3.4574381393956725e-17 1 5.0537233156279096e-17
vn 3.4574381393956725e-17 1 5.0537233156279096e-17
vn 3.4574381393956725e-17 1 5.0537233156279096e-17
vn 3.4574381393956725e-17 1 5.0537233156279096e-17
vn 3.4574381393956725e-17 1 5.0537233156279096e-17
vn 3.4574381393956725e-17 1 5.0537233156279096e-17
vn 3.4574381393956725e-17 1 5.0537233156279096e-17
vn 3.4574381393956725e-17 1 5.0537233156279096e-17
vn 3.4574381393956725e-17 1 5.0537233156279096e-17
vn 3.4574381393956725e-17 1 5.0537233156279096e-17
vn 3.4574381393956725e-17 1 5.0537233156279096e-17
vn 3.4574381393956725e-17 1 5.0537233156279096e-17
vn 3.4574381393956725e-17 1 5.0537233156279096e-17
vn 3.4574381393956725e-17 1 5.0537233156279096e-17
vn 3.4574381393956725e-17 1 5.0537233156279096e-17
vn 3.4574381393956725e-17 1 5.0537233156279096e-17
vn 3.4574381393956725e-17 1 5.0537233156279096e-17
vn 3.4574381393956725e-17 1 5.0537233156279096e-17
vn 3.4574381393956725e-17 1 5.0537233156279096e-17
vn 3.4574381393956725e-17 1 5.0537233156279096e-17
vn 3.4574381393956725e-17 1 5.0537233156279096e-17
vn 3.4574381393956725e-17 1 5.0537233156279096e-17
vn 3.4574381393956725e-17 1 5.0537233156279096e-17
vn 3.4574381393956725e-17 1 5.0537233156279096e-17
vn 3.4574381393956725e-17 1 5.0537233156279096e-17
vn 3.4574381393956725e-17 1 5.0537233156279096e-17
vn 3.4574381393956725e-17 1 5.0537233156279096e-17
vn 3.4574381393956725e-17 1 5.0537233156279096e-17
vn 3.4574381393956725e-17 1 5.0537233156279096e-17
vn 3.4574381393956725e-17 1 5.0537233156279096e-17
vn 3.4574381393956725e-17 1 5.0537233156279096e-17
vn 3.4574381393956725e-17 1 5.0537233156279096e-17
vn 3.4574381393956725e-17 1 5.0537233156279096e-17
vn 3.4574381393956725e-17 1 5.0537233156279096e-17
vn 3.4574381393956725e-17 1 5.0537233156279096e-17
vn 3.4574381393956725e-17 1 5.0537233156279096e-17
vn 3.4574381393956725e-17 1 5.0537233156279096e-17
vn 3.4574381393956725e-17 1 5.0537233156279096e-17
vn 3.4574381393956725e-17 1 5.0537233156279096e-17
vn 3.4574381393956725e-17 1 5.0537233156279096e-17
vn 3.4574381393956725e-17 1 5.0537233156279096e-17
vn 3.4574381393956725e-17 1 5.0537233156279096e-17
vn 3.4574381393956725e-17 1 5.0537233156279096e-17
vn 3.4574381393956725e-17 1 5.0537233156279096e-17
vn 3.4574381393956725e-17 1 5.0537233156279096e-17
vn 3.4574381393956725e-17 1 5.0537233156279096e-17
vn 3.4574381393956725e-17 1 5.0537233156279096e-17
vn 3.4574381393956725e-17 1 5.0537233156279096e-17
vn 3.4574381393956725e-17 1 5.0537233156279096e-17
vn 3.4574381393956725e-17 1 5.0537233156279096e-17
vn 3.4574381393956725e-17 1 5.0537233156279096e-17
vn 3.4574381393956725e-17 1 5.0537233156279096e-17
vn 3.4574381393956725e-17 1 5.0537233156279096e-17
vn 3.4574381393956725e-17 1 5.0537233156279096e-17
vn 3.4574381393956725e-17 1 5.0537233156279096e-17
vn 3.4574381393956725e-17 1 5.0537233156279096e-17
vn 3.4574381393956725e-17 1 5.0537233156279096e-17
vn 3.4574381393956725e-17 1 5.0537233156279096e-17
vn 3.4574381393956725e-17 1 5.0537233156279096e-17
vn 3.4574381393956725e-17 1 5.0537233156279096e-17
vn 3.4574381393956725e-17 1 5.0537233156279096e-17
vn 3.4574381393956725e-17 1 5.0537233156279096e-17
vn 3.4574381393956725e-17 1 5.0537233156279096e-17
vn 3.4574381393956725e-17 1 5.0537233156279096e-17
vn 3.4574381393956725e-17 1 5.0537233156279096e-17
vn 3.4574381393956725e-17 1 5.0537233156279096e-17
vn 3.4574381393956725e-17 1 5.0537233156279096e-17
vn 3.4574381393956725e-17 1 5.0537233156279096e-17
vn 3.4574381393956725e-17 1 5.0537233156279096e-17
vn 3.4574381393956725e-17 1 5.0537233156279096e-17
vn 3.4574381393956725e-17 1 5.0537233156279096e-17
vn 3.4574381393956725e-17 1 5.0537233156279096e-17
vn 3.4574381393956725e-17 1 5.0537233156279096e-17
vn 3.4574381393956725e-17 1 5.0537233156279096e-17
vn 3.4574381393956725e-17 1 5.0537233156279096e-17
vn 3.4574381393956725e-17 1 5.0537233156279096e-17
vn 3.4574381393956725e-17 1 5.0537233156279096e-17
vn 3.4574381393956725e-17 1 5.0537233156279096e-17
vn 3.4574381393956725e-17 1 5.0537233156279096e-17
vn 3.4574381393956725e-17 1 5.0537233156279096e-17
vn 3.4574381393956725e-17 1 5.0537233156279096e-17
vn 3.4574381393956725e-17 1 5.0537233156279096e-17
vn 3.4574381393956725e-17 1 5.0537233156279096e-17
vn 3.4574381393956725e-17 1 5.0537233156279096e-17
vn 3.4574381393956725e-17 1 5.0537233156279096e-17
vn 3.4574381393956725e-17 1 5.0537233156279096e-17
vn 3.4574381393956725e-17 1 5.0537233156279096e-17
vn 3.4574381393956725e-17 1 5.0537233156279096e-17
vn 3.4574381393956725e-17 1 5.0537233156279096e-17
vn 3.4574381393956725e-17 1 5.0537233156279096e-17
vn 3.4574381393956725e-17 1 5.0537233156279096e-17
vn 3.4574381393956725e-17 1 5.0537233156279096e-17
vn 3.4574381393956725e-17 1 5.0537233156279096e-17
vn 3.4574381393956725e-17 1 5.0537233156279096e-17
vn 3.4574381393956725e-17 1 5.0537233156279096e-17
vn 3.4574381393956725e-17 1 5.0537233156279096e-17
vn 3.4574381393956725e-17 1 5.0537233156279096e-17
vn 3.4574381393956725e-17 1 5.0537233156279096e-17
vn 3.4574381393956725e-17 1 5.0537233156279096e-17
vn 3.4574381393956725e-17 1 5.0537233156279096e-17
vn 3.4574381393956725e-17 1 5.0537233156279096e-17
vn 3.4574381393956725e-17 1 5.0537233156279096e-17
vn 3.4574381393956725e-17 1 5.0537233156279096e-17
vn 3.4574381393956725e-17 1 5.0537233156279096e-17
vn 3.4574381393956725e-17 1 5.0537233156279096e-17
vn 3.4574381393956725e-17 1 5.0537233156279096e-17
vn 3.4574381393956725e-17 1 5.0537233156279096e-17
vn 3.4574381393956725e-17 1 5.0537233156279096e-17
vn 3.4574381393956725e-17 1 5.0537233156279096e-17
vn 3.4574381393956725e-17 1 5.0537233156279096e-17
vn 3.4574381393956725e-17 1 5.0537233156279096e-17
vn 3.4574381393956725e-17 1 5.0537233156279096e-17
vn 3.4574381393956725e-17 1 5.0537233156279096e-17
vn 3.4574381393956725e-17 1 5.0537233156279096e-17
vn 3.4574381393956725e-17 1 5.0537233156279096e-17
vn 3.4574381393956725e-17 1 5.0537233156279096e-17
vn 3.4574381393956725e-17 1 5.0537233156279096e-17
vn 3.4574381393956725e-17 1 5.0537233156279096e-17
vn 3.4574381393956725e-17 1 5.0537233156279096e-17
vn 3.4574381393956725e-17 1 5.0537233156279096e-17
vn 3.4574381393956725e-17 1 5.0537233156279096e-17
vn 3.4574381393956725e-17 1 5.0537233156279096e-17
vn 3.4574381393956725e-17 1 5.0537233156279096e-17
vn 3.4574381393956725e-17 1 5.0537233156279096e-17
vn 3.4574381393956725e-17 1 5.0537233156279096e-17
vn 3.4574381393956725e-17 1 5.0537233156279096e-17
vn 3.4574381393956725e-17 1 5.0537233156279096e-17
vn 3.4574381393956725e-17 1 5.0537233156279096e-17
vn 3.4574381393956725e-17 1 5.0537233156279096e-17
vn 3.4574381393956725e-17 1 5.0537233156279096e-17
vn 3.4574381393956725e-17 1 5.0537233156279096e-17
vn 3.4574381393956725e-17 1 5.0537233156279096e-17
vn 3.4574381393956725e-17 1 5.0537233156279096e-17
vn 3.4574381393956725e-17 1 5.0537233156279096e-17
vn 3.4574381393956725e-17 1 5.0537233156279096e-17
vn 3.4574381393956725e-17 1 5.0537233156279096e-17
vn 3.4574381393956725e-17 1 5.0537233156279096e-17
vn 3.4574381393956725e-17 1 5.0537233156279096e-17
vn 3.4574381393956725e-17 1 5.0537233156279096e-17
vn 3.4574381393956725e-17 1 5.0537233156279096e-17
vn 3.4574381393956725e-17 1 5.0537233156279096e-17
vn 3.4574381393956725e-17 1 5.0537233156279096e-17
vn 3.4574381393956725e-17 1 5.0537233156279096e-17
vn 3.4574381393956725e-17 1 5.0537233156279096e-17
vn 3.4574381393956725e-17 1 5.0537233156279096e-17
vn 3.4574381393956725e-17 1 5.0537233156279096e-17
vn 3.4574381393956725e-17 1 5.0537233156279096e-17
vn 3.4574381393956725e-17 1 5.0537233156279096e-17
vn 3.4574381393956725e-17 1 5.0537233156279096e-17
vn 3.4574381393956725e-17 1 5.0537233156279096e-17
vn 3.4574381393956725e-17 1 5.0537233156279096e-17
vn 3.4574381393956725e-17 1 5.0537233156279096e-17
vn 3.4574381393956725e-17 1 5.0537233156279096e-17
vn 3.4574381393956725e-17 1 5.0537233156279096e-17
vn 3.4574381393956725e-17 1 5.0537233156279096e-17
vn 3.4574381393956725e-17 1 5.0537233156279096e-17
vn 3.4574381393956725e-17 1 5.0537233156279096e-17
vn 3.4574381393956725e-17 1 5.0537233156279096e-17
vn 3.4574381393956725e-17 1 5.0537233156279096e-17
vn 3.4574381393956725e-17 1 5.0537233156279096e-17
vn 3.4574381393956725e-17 1 5.0537233156279096e-17
vn 3.4574381393956725e-17 1 5.0537233156279096e-17
vn 3.4574381393956725e-17 1 5.0537233156279096e-17
vn 3.4574381393956725e-17 1 5.0537233156279096e-17
vn 3.4574381393956725e-17 1 5.0537233156279096e-17
vn 3.4574381393956725e-17 1 5.0537233156279096e-17
vn 3.4574381393956725e-17 1 5.0537233156279096e-17
vn 3.4574381393956725e-17 1 5.0537233156279096e-17
vn 3.4574381393956725e-17 1 5.0537233156279096e-17
vn 3.4574381393956725e-17 1 5.0537233156279096e-17
vn 3.4574381393956725e-17 1 5.0537233156279096e-17
vn 3.4574381393956725e-17 1 5.0537233156279096e-17
vn 3.4574381393956725e-17 1 5.0537233156279096e-17
vn 3.4574381393956725e-17 1 5.0537233156279096e-17
vn 3.4574381393956725e-17 1 5.0537233156279096e-17
vn 3.4574381393956725e-17 1 5.0537233156279096e-17
vn 3.4574381393956725e-17 1 5.0537233156279096e-17
vn 3.4574381393956725e-17 1 5.0537233156279096e-17
vn 3.4574381393956725e-17 1 5.0537233156279096e-17
vn 3.4574381393956725e-17 1 5.0537233156279096e-17
vn 3.4574381393956725e-17 1 5.0537233156279096e-17
vn 3.4574381393956725e-17 1 5.0537233156279096e-17
vn 3.4574381393956725e-17 1 5.0537233156279096e-17
vn 3.4574381393956725e-17 1 5.0537233156279096e-17
vn 3.4574381393956725e-17 1 5.0537233156279096e-17
vn 3.4574381393956725e-17 1 5.0537233156279096e-17
vn 3.4574381393956725e-17 1 5.0537233156279096e-17
vn 3.4574381393956725e-17 1 5.0537233156279096e-17
vn 3.4574381393956725e-17 1 5.0537233156279096e-17
vn 3.4574381393956725e-17 1 5.0537233156279096e-17
vn 3.4574381393956725e-17 1 5.0537233156279096e-17
vn 3.4574381393956725e-17 1 5.0537233156279096e-17
vn 3.4574381393956725e-17 1 5.0537233156279096e-17
vn 3.4574381393956725e-17 1 5.0537233156279096e-17
vn 3.4574381393956725e-17 1 5.0537233156279096e-17
vn 3.4574381393956725e-17 1 5.0537233156279096e-17
vn 3.4574381393956725e-17 1 5.0537233156279096e-17
vn 3.4574381393956725e-17 1 5.0537233156279096e-17
vn 3.4574381393956725e-17 1 5.0537233156279096e-17
vn 3.4574381393956725e-17 1 5.0537233156279096e-17
vn 3.4574381393956725e-17 1 5.0537233156279096e-17
vn 3.4574381393956725e-17 1 5.0537233156279096e-17
vn 3.4574381393956725e-17 1 5.0537233156279096e-17
vn 3.4574381393956725e-17 1 5.0537233156279096e-17
vn 3.4574381393956725e-17 1 5.0537233156279096e-17
vn 3.4574381393956725e-17 1 5.0537233156279096e-17
vn 3.4574381393956725e-17 1 5.0537233156279096e-17
vn 3.4574381393956725e-17 1 5.0537233156279096e-17
vn 3.4574381393956725e-17 1 5.0537233156279096e-17
vn 3.4574381393956725e-17 1 5.0537233156279096e-17
vn 3.4574381393956725e-17 1 5.0537233156279096e-17
vn 3.4574381393956725e-17 1 5.0537233156279096e-17
vn 3.4574381393956725e-17 1 5.0537233156279096e-17
vn 3.4574381393956725e-17 1 5.0537233156279096e-17
vn 3.4574381393956725e-17 1 5.0537233156279096e-17
vn 3.4574381393956725e-17 1 5.0537233156279096e-17
vn 3.4574381393956725e-17 1 5.0537233156279096e-17
vn 3.4574381393956725e-17 1 5.0537233156279096e-17
vn 3.4574381393956725e-17 1 5.0537233156279096e-17
vn 3.4574381393956725e-17 1 5.0537233156279096e-17
vn 3.4574381393956725e-17 1 5.0537233156279096e-17
vn 3.4574381393956725e-17 1 5.0537233156279096e-17
vn 3.4574381393956725e-17 1 5.0537233156279096e-17
vn 3.4574381393956725e-17 1 5.0537233156279096e-17
vn 3.4574381393956725e-17 1 5.0537233156279096e-17
vn 3.4574381393956725e-17 1 5.0537233156279096e-17
vn 0.22435910116597987 -0.9214168188845008 -0.3172602080323988
vn 0.22435910116597987 -0.9214168188845008 -0.3172602080323988
vn 0.22435910116597987 -0.9214168188845008 -0.3172602080323988
vn 0.22337280725489872 -0.9238394956894752 -0.31084590263228845
vn 0.22337280725489872 -0.9238394956894752 -0.31084590263228845
vn 0.22337280725489872 -0.9238394956894752 -0.31084590263228845
vn 0.5399300105724117 -0.3793714304219494 -0.751367354536301
vn 0.5399300105724117 -0.3793714304219494 -0.751367354536301
vn 0.5399300105724117 -0.3793714304219494 -0.751367354536301
vn 0.5402570217989117 -0.3825654383499468 -0.749510530797989
vn 0.5402570217989117 -0.3825654383499468 -0.749510530797989
vn 0.5402570217989117 -0.3825654383499468 -0.749510530797989
vn 0.5847390717333865 2.0779893535389885e-17 -0.8112214358536005
vn 0.5847390717333865 2.0779893535389885e-17 -0.8112214358536005
vn 0.5847390717333865 2.0779893535389885e-17 -0.8112214358536005
vn 0.5847390717333865 2.0779893535389885e-17 -0.8112214358536005
vn 0.5847390717333865 2.0779893535389885e-17 -0.8112214358536005
vn 0.5847390717333865 2.0779893535389885e-17 -0.8112214358536005
vn 0.5409105753861777 0.37985483188952274 -0.7504172546827373
vn 0.5409105753861777 0.37985483188952274 -0.7504172546827373
vn 0.5409105753861777 0.37985483188952274 -0.7504172546827373
vn 0.539156995340527 0.38258624967255367 -0.7502916072680442
vn 0.539156995340527 0.38258624967255367 -0.7502916072680442
vn 0.539156995340527 0.38258624967255367 -0.7502916072680442
vn 0.225259346447262 0.9224933761230525 -0.31347120736559636
vn 0.225259346447262 0.9224933761230525 -0.31347120736559636
vn 0.225259346447262 0.9224933761230525 -0.31347120736559636
vn 0.2209569296563914 0.9238795833105834 -0.31244927712939835
vn 0.2209569296563914 0.9238795833105834 -0.31244927712939835
vn 0.2209569296563914 0.9238795833105834 -0.31244927712939835
vn 0.1983856167640424 -0.9238795254543981 -0.3272457326036608
vn 0.1983856167640424 -0.9238795254543981 -0.3272457326036608
vn 0.1983856167640424 -0.9238795254543981 -0.3272457326036608
vn 0.19838556208112684 -0.9238794552958923 -0.327245963825256
vn 0.19838556208112684 -0.9238794552958923 -0.327245963825256
vn 0.19838556208112684 -0.9238794552958923 -0.327245963825256
vn 0.4789449810777539 -0.38268286481519287 -0.7900414736437996
vn 0.4789449810777539 -0.38268286481519287 -0.7900414736437996
vn 0.4789449810777539 -0.38268286481519287 -0.7900414736437996
vn 0.47894536230132057 -0.38268357542663634 -0.7900408983266265
vn 0.47894536230132057 -0.38268357542663634 -0.7900408983266265
vn 0.47894536230132057 -0.38268357542663634 -0.7900408983266265
vn 0.5184067394595973 2.5292521443378178e-17 -0.855134172210928
vn 0.5184067394595973 2.5292521443378178e-17 -0.855134172210928
vn 0.5184067394595973 2.5292521443378178e-17 -0.855134172210928
vn 0.5184067394595973 2.5292521443378178e-17 -0.855134172210928
vn 0.5184067394595973 2.5292521443378178e-17 -0.855134172210928
vn 0.5184067394595973 2.5292521443378178e-17 -0.855134172210928
vn 0.47894549953375937 0.38268289617971923 -0.7900411441487462
vn 0.47894549953375937 0.38268289617971923 -0.7900411441487462
vn 0.47894549953375937 0.38268289617971923 -0.7900411441487462
vn 0.4789448245585199 0.38268364391967874 -0.790041191144465
vn 0.4789448245585199 0.38268364391967874 -0.790041191144465
vn 0.4789448245585199 0.38268364391967874 -0.790041191144465
vn 0.19838542210855636 0.9238795647533282 -0.32724573966059667
vn 0.19838542210855636 0.9238795647533282 -0.32724573966059667
vn 0.19838542210855636 0.9238795647533282 -0.32724573966059667
vn 0.198385666611 0.9238794923146216 -0.3272457959451674
vn 0.198385666611 0.9238794923146216 -0.3272457959451674
vn 0.198385666611 0.9238794923146216 -0.3272457959451674
vn 0.17482750222653665 -0.923879458443113 -0.3404145865442467
vn 0.17482750222653665 -0.923879458443113 -0.3404145865442467
vn 0.17482750222653665 -0.923879458443113 -0.3404145865442467
vn 0.1748275922127898 -0.923879553874376 -0.3404142813307964
vn 0.1748275922127898 -0.923879553874376 -0.3404142813307964
vn 0.1748275922127898 -0.923879553874376 -0.3404142813307964
vn 0.4220711904381243 -0.38268357040645823 -0.8218328267616898
vn 0.4220711904381243 -0.38268357040645823 -0.8218328267616898
vn 0.4220711904381243 -0.38268357040645823 -0.8218328267616898
vn 0.4220711250588673 -0.38268342314598286 -0.8218329289100155
vn 0.4220711250588673 -0.38268342314598286 -0.8218329289100155
vn 0.4220711250588673 -0.38268342314598286 -0.8218329289100155
vn 0.4568465067802021 2.915998294397497e-17 -0.8895455408480931
vn 0.4568465067802021 2.915998294397497e-17 -0.8895455408480931
vn 0.4568465067802021 2.915998294397497e-17 -0.8895455408480931
vn 0.4568465067802021 2.915998294397497e-17 -0.8895455408480931
vn 0.4568465067802021 2.915998294397497e-17 -0.8895455408480931
vn 0.4568465067802021 2.915998294397497e-17 -0.8895455408480931
vn 0.42207108496896717 0.38268362475929035 -0.8218328556185922
vn 0.42207108496896717 0.38268362475929035 -0.8218328556185922
vn 0.42207108496896717 0.38268362475929035 -0.8218328556185922
vn 0.4220711825172193 0.3826834890750657 -0.8218328687013254
vn 0.4220711825172193 0.3826834890750657 -0.8218328687013254
vn 0.4220711825172193 0.3826834890750657 -0.8218328687013254
vn 0.17482765766031766 0.9238794980490607 -0.3404143992277981
vn 0.17482765766031766 0.9238794980490607 -0.3404143992277981
vn 0.17482765766031766 0.9238794980490607 -0.3404143992277981
vn 0.17482734268265185 0.9238796048797361 -0.34041427105482164
vn 0.17482734268265185 0.9238796048797361 -0.34041427105482164
vn 0.17482734268265185 0.9238796048797361 -0.34041427105482164
vn 0.15039987578196057 -0.9238795618913959 -0.35188980161995825
vn 0.15039987578196057 -0.9238795618913959 -0.35188980161995825
vn 0.15039987578196057 -0.9238795618913959 -0.35188980161995825
vn 0.15039988118311803 -0.9238795473445591 -0.35188983750389324
vn 0.15039988118311803 -0.9238795473445591 -0.35188983750389324
vn 0.15039988118311803 -0.9238795473445591 -0.35188983750389324
vn 0.3630974969030893 -0.3826834213968341 -0.8495372897823402
vn 0.3630974969030893 -0.3826834213968341 -0.8495372897823402
vn 0.3630974969030893 -0.3826834213968341 -0.8495372897823402
vn 0.36309770978283024 -0.38268371458176476 -0.849537066727736
vn 0.36309770978283024 -0.38268371458176476 -0.849537066727736
vn 0.36309770978283024 -0.38268371458176476 -0.849537066727736
vn 0.39301416321963467 3.2882400897211447e-17 -0.9195324178672388
vn 0.39301416321963467 3.2882400897211447e-17 -0.9195324178672388
vn 0.39301416321963467 3.2882400897211447e-17 -0.9195324178672388
vn 0.39301416321963467 3.2882400897211447e-17 -0.9195324178672388
vn 0.39301416321963467 3.2882400897211447e-17 -0.9195324178672388
vn 0.39301416321963467 3.2882400897211447e-17 -0.9195324178672388
vn 0.36309773498639836 0.3826834565472551 -0.8495371721901241
vn 0.36309773498639836 0.3826834565472551 -0.8495371721901241
vn 0.36309773498639836 0.3826834565472551 -0.8495371721901241
vn 0.363097372426609 0.3826837856406854 -0.8495371789066128
vn 0.363097372426609 0.3826837856406854 -0.8495371789066128
vn 0.363097372426609 0.3826837856406854 -0.8495371789066128
vn 0.15039983354755493 0.9238796086024658 -0.3518896970322126
vn 0.15039983354755493 0.9238796086024658 -0.3518896970322126
vn 0.15039983354755493 0.9238796086024658 -0.3518896970322126
vn 0.15039983354755493 0.9238796086024658 -0.3518896970322126
vn 0.15039983354755493 0.9238796086024658 -0.3518896970322126
vn 0.15039983354755493 0.9238796086024658 -0.3518896970322126
vn 0.12522422043920103 -0.9238795612869608 -0.36161505893920864
vn 0.12522422043920103 -0.9238795612869608 -0.36161505893920864
vn 0.12522422043920103 -0.9238795612869608 -0.36161505893920864
vn 0.1252242469556043 -0.9238795706930505 -0.3616150257254623
vn 0.1252242469556043 -0.9238795706930505 -0.3616150257254623
vn 0.1252242469556043 -0.9238795706930505 -0.3616150257254623
vn 0.3023181363165209 -0.3826836669344515 -0.8730160110305579
vn 0.3023181363165209 -0.3826836669344515 -0.8730160110305579
vn 0.3023181363165209 -0.3826836669344515 -0.8730160110305579
vn 0.3023179538325561 -0.382683430200855 -0.8730161779945457
vn 0.3023179538325561 -0.382683430200855 -0.8730161779945457
vn 0.3023179538325561 -0.382683430200855 -0.8730161779945457
vn 0.3272266242844133 3.6441289097719794e-17 -0.9449458907045564
vn 0.3272266242844133 3.6441289097719794e-17 -0.9449458907045564
vn 0.3272266242844133 3.6441289097719794e-17 -0.9449458907045564
vn 0.3272266242844133 3.6441289097719794e-17 -0.9449458907045564
vn 0.3272266242844133 3.6441289097719794e-17 -0.9449458907045564
vn 0.3272266242844133 3.6441289097719794e-17 -0.9449458907045564
vn 0.30231793054940076 0.3826836886183555 -0.8730160727808952
vn 0.30231793054940076 0.3826836886183555 -0.8730160727808952
vn 0.30231793054940076 0.3826836886183555 -0.8730160727808952
vn 0.30231815270389106 0.382683459392691 -0.8730160963309607
vn 0.30231815270389106 0.382683459392691 -0.8730160963309607
vn 0.30231815270389106 0.382683459392691 -0.8730160963309607
vn 0.12522421967781006 0.9238796057632293 -0.36161494557175555
vn 0.12522421967781006 0.9238796057632293 -0.36161494557175555
vn 0.12522421967781006 0.9238796057632293 -0.36161494557175555
vn 0.12522415510179796 0.9238796164277001 -0.36161494068753125
vn 0.12522415510179796 0.9238796164277001 -0.36161494068753125
vn 0.12522415510179796 0.9238796164277001 -0.36161494068753125
vn 0.09942572402819316 -0.9238795706269268 -0.36954169504898216
vn 0.09942572402819316 -0.9238795706269268 -0.36954169504898216
vn 0.09942572402819316 -0.9238795706269268 -0.36954169504898216
vn 0.09942563906600134 -0.9238795093558376 -0.36954187109004827
vn 0.09942563906600134 -0.9238795093558376 -0.36954187109004827
vn 0.09942563906600134 -0.9238795093558376 -0.36954187109004827
vn 0.24003471359296366 -0.3826834185346219 -0.8921528666372144
vn 0.24003471359296366 -0.3826834185346219 -0.8921528666372144
vn 0.24003471359296366 -0.3826834185346219 -0.8921528666372144
vn 0.24003482118288422 -0.3826836377113795 -0.8921527436754799
vn 0.24003482118288422 -0.3826836377113795 -0.8921527436754799
vn 0.24003482118288422 -0.3826836377113795 -0.8921527436754799
vn 0.2598118602175271 3.981891001435084e-17 -0.9656592552708786
vn 0.2598118602175271 3.981891001435084e-17 -0.9656592552708786
vn 0.2598118602175271 3.981891001435084e-17 -0.9656592552708786
vn 0.2598118602175271 3.981891001435084e-17 -0.9656592552708786
vn 0.2598118602175271 3.981891001435084e-17 -0.9656592552708786
vn 0.2598118602175271 3.981891001435084e-17 -0.9656592552708786
vn 0.24003482903442325 0.38268350624686054 -0.892152797953929
vn 0.24003482903442325 0.38268350624686054 -0.892152797953929
vn 0.24003482903442325 0.38268350624686054 -0.892152797953929
vn 0.24003469479117565 0.38268365175062086 -0.8921527716592695
vn 0.24003469479117565 0.38268365175062086 -0.8921527716592695
vn 0.24003469479117565 0.38268365175062086 -0.8921527716592695
vn 0.09942559109311776 0.9238796159527054 -0.3695416174977669
vn 0.09942559109311776 0.9238796159527054 -0.3695416174977669
vn 0.09942559109311776 0.9238796159527054 -0.3695416174977669
vn 0.09942573019863156 0.9238795557704144 -0.36954173053111483
vn 0.09942573019863156 0.9238795557704144 -0.36954173053111483
vn 0.09942573019863156 0.9238795557704144 -0.36954173053111483
vn 0.07313260160865828 -0.923879511959292 -0.37563049658382314
vn 0.07313260160865828 -0.923879511959292 -0.37563049658382314
vn 0.07313260160865828 -0.923879511959292 -0.37563049658382314
vn 0.0731326846481978 -0.9238795576835598 -0.3756303679557566
vn 0.0731326846481978 -0.9238795576835598 -0.3756303679557566
vn 0.0731326846481978 -0.9238795576835598 -0.3756303679557566
vn 0.17655792755346464 -0.38268360716177224 -0.9068520028249814
vn 0.17655792755346464 -0.38268360716177224 -0.9068520028249814
vn 0.17655792755346464 -0.38268360716177224 -0.9068520028249814
vn 0.17655781438442394 -0.3826834653795857 -0.9068520846890449
vn 0.17655781438442394 -0.3826834653795857 -0.9068520846890449
vn 0.17655781438442394 -0.3826834653795857 -0.9068520846890449
vn 0.1911048160376181 4.2998480035174746e-17 -0.9815696354753586
vn 0.1911048160376181 4.2998480035174746e-17 -0.9815696354753586
vn 0.1911048160376181 4.2998480035174746e-17 -0.9815696354753586
vn 0.1911048160376181 4.2998480035174746e-17 -0.9815696354753586
vn 0.1911048160376181 4.2998480035174746e-17 -0.9815696354753586
vn 0.1911048160376181 4.2998480035174746e-17 -0.9815696354753586
vn 0.1765577985000874 0.382683673246306 -0.9068520000636913
vn 0.1765577985000874 0.382683673246306 -0.9068520000636913
vn 0.1765577985000874 0.382683673246306 -0.9068520000636913
vn 0.17655793739694517 0.38268347560866817 -0.9068520564227697
vn 0.17655793739694517 0.38268347560866817 -0.9068520564227697
vn 0.17655793739694517 0.38268347560866817 -0.9068520564227697
vn 0.0731326846481978 0.9238795576835598 -0.3756303679557566
vn 0.0731326846481978 0.9238795576835598 -0.3756303679557566
vn 0.0731326846481978 0.9238795576835598 -0.3756303679557566
vn 0.0731325780188477 0.9238796113201819 -0.3756302567940803
vn 0.0731325780188477 0.9238796113201819 -0.3756302567940803
vn 0.0731325780188477 0.9238796113201819 -0.3756302567940803
vn 0.04647584615886277 -0.9238795571815828 -0.37985070691757344
vn 0.04647584615886277 -0.9238795571815828 -0.37985070691757344
vn 0.04647584615886277 -0.9238795571815828 -0.37985070691757344
vn 0.04647577981600941 -0.9238795168150622 -0.37985081321495273
vn 0.04647577981600941 -0.9238795168150622 -0.37985081321495273
vn 0.04647577981600941 -0.9238795168150622 -0.37985081321495273
vn 0.11220246857171415 -0.38268346487385 -0.9170408779103352
vn 0.11220246857171415 -0.38268346487385 -0.9170408779103352
vn 0.11220246857171415 -0.38268346487385 -0.9170408779103352
vn 0.11220269917183787 -0.3826837546814807 -0.9170407287582371
vn 0.11220269917183787 -0.3826837546814807 -0.9170407287582371
vn 0.11220269917183787 -0.3826837546814807 -0.9170407287582371
vn 0.121447297984738 4.596418363948827e-17 -0.992597881224923
vn 0.121447297984738 4.596418363948827e-17 -0.992597881224923
vn 0.121447297984738 4.596418363948827e-17 -0.992597881224923
vn 0.121447297984738 4.596418363948827e-17 -0.992597881224923
vn 0.121447297984738 4.596418363948827e-17 -0.992597881224923
vn 0.121447297984738 4.596418363948827e-17 -0.992597881224923
vn 0.11220271750692677 0.3826834959986714 -0.917040834463927
vn 0.11220271750692677 0.3826834959986714 -0.917040834463927
vn 0.11220271750692677 0.3826834959986714 -0.917040834463927
vn 0.11220244895697878 0.3826837489945285 -0.9170407617459266
vn 0.11220244895697878 0.3826837489945285 -0.9170407617459266
vn 0.11220244895697878 0.3826837489945285 -0.9170407617459266
vn 0.04647578106377414 0.9238796095755971 -0.3798505874484791
vn 0.04647578106377414 0.9238796095755971 -0.3798505874484791
vn 0.04647578106377414 0.9238796095755971 -0.3798505874484791
vn 0.04647582191214763 0.9238795641431627 -0.3798506929521521
vn 0.04647582191214763 0.9238795641431627 -0.3798506929521521
vn 0.04647582191214763 0.9238795641431627 -0.3798506929521521
vn 0.01958782126099142 -0.9238795348126232 -0.382181792361513
vn 0.01958782126099142 -0.9238795348126232 -0.382181792361513
vn 0.01958782126099142 -0.9238795348126232 -0.382181792361513
vn 0.019587788328972282 -0.9238795093229271 -0.3821818556677006
vn 0.019587788328972282 -0.9238795093229271 -0.3821818556677006
vn 0.019587788328972282 -0.9238795093229271 -0.3821818556677006
vn 0.047289069313337505 -0.382683752989779 -0.9226683527254721
vn 0.047289069313337505 -0.382683752989779 -0.9226683527254721
vn 0.047289069313337505 -0.382683752989779 -0.9226683527254721
vn 0.04728906985266292 -0.3826837275519126 -0.9226683632483793
vn 0.04728906985266292 -0.3826837275519126 -0.9226683632483793
vn 0.04728906985266292 -0.3826837275519126 -0.9226683632483793
vn 0.051185331130640284 4.870128365558239e-17 -0.9986891718032426
vn 0.051185331130640284 4.870128365558239e-17 -0.9986891718032426
vn 0.051185331130640284 4.870128365558239e-17 -0.9986891718032426
vn 0.051185331130640284 4.870128365558239e-17 -0.9986891718032426
vn 0.051185331130640284 4.870128365558239e-17 -0.9986891718032426
vn 0.051185331130640284 4.870128365558239e-17 -0.9986891718032426
vn 0.04728915211586861 0.382683782414842 -0.9226683362773603
vn 0.04728915211586861 0.382683782414842 -0.9226683362773603
vn 0.04728915211586861 0.382683782414842 -0.9226683362773603
vn 0.04728906877401206 0.3826837784276445 -0.9226683422025642
vn 0.04728906877401206 0.3826837784276445 -0.9226683422025642
vn 0.04728906877401206 0.3826837784276445 -0.9226683422025642
vn 0.01958779411789527 0.9238795675404189 -0.3821817146370606
vn 0.01958779411789527 0.9238795675404189 -0.3821817146370606
vn 0.01958779411789527 0.9238795675404189 -0.3821817146370606
vn 0.01958783081015585 0.9238795579602183 -0.3821817359154996
vn 0.01958783081015585 0.9238795579602183 -0.3821817359154996
vn 0.01958783081015585 0.9238795579602183 -0.3821817359154996
vn -0.007397421712374953 -0.9238795165792973 -0.3826119666152813
vn -0.007397421712374953 -0.9238795165792973 -0.3826119666152813
vn -0.007397421712374953 -0.9238795165792973 -0.3826119666152813
vn -0.007397409390774779 -0.9238795136891669 -0.3826119738322022
vn -0.007397409390774779 -0.9238795136891669 -0.3826119738322022
vn -0.007397409390774779 -0.9238795136891669 -0.3826119738322022
vn -0.01785895077933168 -0.38268376360782175 -0.9237067689196686
vn -0.01785895077933168 -0.38268376360782175 -0.9237067689196686
vn -0.01785895077933168 -0.38268376360782175 -0.9237067689196686
vn -0.017859416043351378 -0.3826832110128789 -0.9237069888592719
vn -0.017859416043351378 -0.3826832110128789 -0.9237069888592719
vn -0.017859416043351378 -0.3826832110128789 -0.9237069888592719
vn -0.019330872896347325 5.119614160524097e-17 -0.9998131412184303
vn -0.019330872896347325 5.119614160524097e-17 -0.9998131412184303
vn -0.019330872896347325 5.119614160524097e-17 -0.9998131412184303
vn -0.019330872896347325 5.119614160524097e-17 -0.9998131412184303
vn -0.019330872896347325 5.119614160524097e-17 -0.9998131412184303
vn -0.019330872896347325 5.119614160524097e-17 -0.9998131412184303
vn -0.017859380104233314 0.38268381336900237 -0.9237067400033688
vn -0.017859380104233314 0.38268381336900237 -0.9237067400033688
vn -0.017859380104233314 0.38268381336900237 -0.9237067400033688
vn -0.017858953274364354 0.38268325518471275 -0.9237069795065836
vn -0.017858953274364354 0.38268325518471275 -0.9237069795065836
vn -0.017858953274364354 0.38268325518471275 -0.9237069795065836
vn -0.007397424755580483 0.9238795515979944 -0.3826118819980296
vn -0.007397424755580483 0.9238795515979944 -0.3826118819980296
vn -0.007397424755580483 0.9238795515979944 -0.3826118819980296
vn -0.007397407998462043 0.9238795604076978 -0.38261186104952793
vn -0.007397407998462043 0.9238795604076978 -0.38261186104952793
vn -0.007397407998462043 0.9238795604076978 -0.38261186104952793
vn -0.0343461271633629 -0.9238795152584423 -0.38113906233119654
vn -0.0343461271633629 -0.9238795152584423 -0.38113906233119654
vn -0.0343461271633629 -0.9238795152584423 -0.38113906233119654
vn -0.034346114769269215 -0.9238795126859604 -0.3811390696837684
vn -0.034346114769269215 -0.9238795126859604 -0.3811390696837684
vn -0.034346114769269215 -0.9238795126859604 -0.3811390696837684
vn -0.08291885266080877 -0.3826832220428093 -0.9201510829425508
vn -0.08291885266080877 -0.3826832220428093 -0.9201510829425508
vn -0.08291885266080877 -0.3826832220428093 -0.9201510829425508
vn -0.08291859501765102 -0.3826835496961763 -0.9201509698914809
vn -0.08291859501765102 -0.3826835496961763 -0.9201509698914809
vn -0.08291859501765102 -0.3826835496961763 -0.9201509698914809
vn -0.08975047880998568 5.343634333694296e-17 -0.9959642822678826
vn -0.08975047880998568 5.343634333694296e-17 -0.9959642822678826
vn -0.08975047880998568 5.343634333694296e-17 -0.9959642822678826
vn -0.08975047880998568 5.343634333694296e-17 -0.9959642822678826
vn -0.08975047880998568 5.343634333694296e-17 -0.9959642822678826
vn -0.08975047880998568 5.343634333694296e-17 -0.9959642822678826
vn -0.0829186105007102 0.3826832991224747 -0.9201510727078299
vn -0.0829186105007102 0.3826832991224747 -0.9201510727078299
vn -0.0829186105007102 0.3826832991224747 -0.9201510727078299
vn -0.08291883339504864 0.382683574368013 -0.920150938149457
vn -0.08291883339504864 0.382683574368013 -0.920150938149457
vn -0.08291883339504864 0.382683574368013 -0.920150938149457
vn -0.034346112996838214 0.9238795592903764 -0.3811389568745608
vn -0.034346112996838214 0.9238795592903764 -0.3811389568745608
vn -0.034346112996838214 0.9238795592903764 -0.3811389568745608
vn -0.0343461294826547 0.92387955009518 -0.3811389776780754
vn -0.0343461294826547 0.92387955009518 -0.3811389776780754
vn -0.0343461294826547 0.92387955009518 -0.3811389776780754
vn -0.06112408780925391 -0.9238795022925416 -0.3777704476705032
vn -0.06112408780925391 -0.9238795022925416 -0.3777704476705032
vn -0.06112408780925391 -0.9238795022925416 -0.3777704476705032
vn -0.06112379583790176 -0.9238796302524896 -0.3777701819716445
vn -0.06112379583790176 -0.9238796302524896 -0.3777701819716445
vn -0.06112379583790176 -0.9238796302524896 -0.3777701819716445
vn -0.14756596755903095 -0.38268351727036176 -0.9120184268028536
vn -0.14756596755903095 -0.38268351727036176 -0.9120184268028536
vn -0.14756596755903095 -0.38268351727036176 -0.9120184268028536
vn -0.1475667252423457 -0.38268269053997084 -0.9120186511044271
vn -0.1475667252423457 -0.38268269053997084 -0.9120186511044271
vn -0.1475667252423457 -0.38268269053997084 -0.9120186511044271
vn -0.15972498274446506 5.541080558293259e-17 -0.9871615520710275
vn -0.15972498274446506 5.541080558293259e-17 -0.9871615520710275
vn -0.15972498274446506 5.541080558293259e-17 -0.9871615520710275
vn -0.15972498274446506 5.541080558293259e-17 -0.9871615520710275
vn -0.15972498274446506 5.541080558293259e-17 -0.9871615520710275
vn -0.15972498274446506 5.541080558293259e-17 -0.9871615520710275
vn -0.14756667655738945 0.38268354600836424 -0.9120183000270725
vn -0.14756667655738945 0.38268354600836424 -0.9120183000270725
vn -0.14756667655738945 0.38268354600836424 -0.9120183000270725
vn -0.1475660375210871 0.3826827425996962 -0.9120187405348092
vn -0.1475660375210871 0.3826827425996962 -0.9120187405348092
vn -0.1475660375210871 0.3826827425996962 -0.9120187405348092
vn -0.061123834150829226 0.9238795531037011 -0.3777703644485724
vn -0.061123834150829226 0.9238795531037011 -0.3777703644485724
vn -0.061123834150829226 0.9238795531037011 -0.3777703644485724
vn -0.061124020264252094 0.9238796675610561 -0.37777005441671513
vn -0.061124020264252094 0.9238796675610561 -0.37777005441671513
vn -0.061124020264252094 0.9238796675610561 -0.37777005441671513
vn -0.0875977294781918 -0.9238796227982699 -0.37252259041351105
vn -0.0875977294781918 -0.9238796227982699 -0.37252259041351105
vn -0.0875977294781918 -0.9238796227982699 -0.37252259041351105
vn -0.08759761115627562 -0.9238796632345042 -0.3725225179521544
vn -0.08759761115627562 -0.9238796632345042 -0.3725225179521544
vn -0.08759761115627562 -0.9238796632345042 -0.3725225179521544
vn -0.21147960317325815 -0.3826826798984143 -0.8993499563281522
vn -0.21147960317325815 -0.3826826798984143 -0.8993499563281522
vn -0.21147960317325815 -0.3826826798984143 -0.8993499563281522
vn -0.21147896247720033 -0.38268339063066 -0.8993498045616003
vn -0.21147896247720033 -0.38268339063066 -0.8993498045616003
vn -0.21147896247720033 -0.38268339063066 -0.8993498045616003
vn -0.22890312618222314 5.710960918797579e-17 -0.9734492071104713
vn -0.22890312618222314 5.710960918797579e-17 -0.9734492071104713
vn -0.22890312618222314 5.710960918797579e-17 -0.9734492071104713
vn -0.22890312618222314 5.710960918797579e-17 -0.9734492071104713
vn -0.22890312618222314 5.710960918797579e-17 -0.9734492071104713
vn -0.22890312618222314 5.710960918797579e-17 -0.9734492071104713
vn -0.21147902662167214 0.38268274097638666 -0.8993500659131294
vn -0.21147902662167214 0.38268274097638666 -0.8993500659131294
vn -0.21147902662167214 0.38268274097638666 -0.8993500659131294
vn -0.21147953569673172 0.38268342932178556 -0.899349653307329
vn -0.21147953569673172 0.38268342932178556 -0.899349653307329
vn -0.21147953569673172 0.38268342932178556 -0.899349653307329
vn -0.08759760773904113 0.9238796749622259 -0.37252248967020624
vn -0.08759760773904113 0.9238796749622259 -0.37252248967020624
vn -0.08759760773904113 0.9238796749622259 -0.37252248967020624
vn -0.08759766329782019 0.9238797079198806 -0.3725223948686007
vn -0.08759766329782019 0.9238797079198806 -0.3725223948686007
vn -0.08759766329782019 0.9238797079198806 -0.3725223948686007
vn -0.11363546191228831 -0.9238796833259504 -0.36542210186785756
vn -0.11363546191228831 -0.9238796833259504 -0.36542210186785756
vn -0.11363546191228831 -0.9238796833259504 -0.36542210186785756
vn -0.11363580197453488 -0.9238795504426306 -0.3654223320810146
vn -0.11363580197453488 -0.9238795504426306 -0.3654223320810146
vn -0.11363580197453488 -0.9238795504426306 -0.3654223320810146
vn -0.2743411453786357 -0.3826833940552785 -0.8822076602856442
vn -0.2743411453786357 -0.3826833940552785 -0.8822076602856442
vn -0.2743411453786357 -0.3826833940552785 -0.8822076602856442
vn -0.27434167189104613 -0.38268280473314464 -0.8822077521908315
vn -0.27434167189104613 -0.38268280473314464 -0.8822077521908315
vn -0.27434167189104613 -0.38268280473314464 -0.8822077521908315
vn -0.2969452219475494 5.852442478141196e-17 -0.9548945152018209
vn -0.2969452219475494 5.852442478141196e-17 -0.9548945152018209
vn -0.2969452219475494 5.852442478141196e-17 -0.9548945152018209
vn -0.2969452219475494 5.852442478141196e-17 -0.9548945152018209
vn -0.2969452219475494 5.852442478141196e-17 -0.9548945152018209
vn -0.2969452219475494 5.852442478141196e-17 -0.9548945152018209
vn -0.2743416129053834 0.3826834033529953 -0.8822075108650129
vn -0.2743416129053834 0.3826834033529953 -0.8822075108650129
vn -0.2743416129053834 0.3826834033529953 -0.8822075108650129
vn -0.27434122805388744 0.38268282397211495 -0.8822078818660669
vn -0.27434122805388744 0.38268282397211495 -0.8822078818660669
vn -0.27434122805388744 0.38268282397211495 -0.8822078818660669
vn -0.11363569605933006 0.9238797003696844 -0.36542198596408193
vn -0.11363569605933006 0.9238797003696844 -0.36542198596408193
vn -0.11363569605933006 0.9238797003696844 -0.36542198596408193
vn -0.11363553358112846 0.9238795986790509 -0.3654222935897156
vn -0.11363553358112846 0.9238795986790509 -0.3654222935897156
vn -0.11363553358112846 0.9238795986790509 -0.3654222935897156
vn -0.1391087332654967 -0.9238795563527563 -0.3565043136943833
vn -0.1391087332654967 -0.9238795563527563 -0.3565043136943833
vn -0.1391087332654967 -0.9238795563527563 -0.3565043136943833
vn -0.1391087964457176 -0.9238795294769436 -0.3565043586898832
vn -0.1391087964457176 -0.9238795294769436 -0.3565043586898832
vn -0.1391087964457176 -0.9238795294769436 -0.3565043586898832
vn -0.33583845851775096 -0.38268273804856695 -0.8606779024583312
vn -0.33583845851775096 -0.38268273804856695 -0.8606779024583312
vn -0.33583845851775096 -0.38268273804856695 -0.8606779024583312
vn -0.3358366752930943 -0.38268464537780217 -0.8606777502179005
vn -0.3358366752930943 -0.38268464537780217 -0.8606777502179005
vn -0.3358366752930943 -0.38268464537780217 -0.8606777502179005
vn -0.3635072086911577 5.964808568764669e-17 -0.9315913853345591
vn -0.3635072086911577 5.964808568764669e-17 -0.9315913853345591
vn -0.3635072086911577 5.964808568764669e-17 -0.9315913853345591
vn -0.3635072086911577 5.964808568764669e-17 -0.9315913853345591
vn -0.3635072086911577 5.964808568764669e-17 -0.9315913853345591
vn -0.3635072086911577 5.964808568764669e-17 -0.9315913853345591
vn -0.33583694032480144 0.3826828076037356 -0.8606784639328431
vn -0.33583694032480144 0.3826828076037356 -0.8606784639328431
vn -0.33583694032480144 0.3826828076037356 -0.8606784639328431
vn -0.335838166355432 0.38268467266442935 -0.8606771562710025
vn -0.335838166355432 0.38268467266442935 -0.8606771562710025
vn -0.335838166355432 0.38268467266442935 -0.8606771562710025
vn -0.13910875261205566 0.9238795816435273 -0.3565042406043704
vn -0.13910875261205566 0.9238795816435273 -0.3565042406043704
vn -0.13910875261205566 0.9238795816435273 -0.3565042406043704
vn -0.1391087214177191 0.9238795786669199 -0.35650426049033657
vn -0.1391087214177191 0.9238795786669199 -0.35650426049033657
vn -0.1391087214177191 0.9238795786669199 -0.35650426049033657
vn -0.16388967818900385 -0.9238795218312251 -0.34581324804583713
vn -0.16388967818900385 -0.9238795218312251 -0.34581324804583713
vn -0.16388967818900385 -0.9238795218312251 -0.34581324804583713
vn -0.16388896714481638 -0.9238797627669386 -0.34581294133954943
vn -0.16388896714481638 -0.9238797627669386 -0.34581294133954943
vn -0.16388896714481638 -0.9238797627669386 -0.34581294133954943
vn -0.3956633499536271 -0.3826846493868449 -0.8348670388913083
vn -0.3956633499536271 -0.3826846493868449 -0.8348670388913083
vn -0.3956633499536271 -0.3826846493868449 -0.8348670388913083
vn -0.3956643748185533 -0.38268354631217477 -0.8348670588071979
vn -0.3956643748185533 -0.38268354631217477 -0.8348670588071979
vn -0.3956643748185533 -0.38268354631217477 -0.8348670588071979
vn -0.4282640535610703 6.047511630487523e-17 -0.9036536396360283
vn -0.4282640535610703 6.047511630487523e-17 -0.9036536396360283
vn -0.4282640535610703 6.047511630487523e-17 -0.9036536396360283
vn -0.4282640535610703 6.047511630487523e-17 -0.9036536396360283
vn -0.4282640535610703 6.047511630487523e-17 -0.9036536396360283
vn -0.4282640535610703 6.047511630487523e-17 -0.9036536396360283
vn -0.3956641588611486 0.38268468275748924 -0.8348666402339355
vn -0.3956641588611486 0.38268468275748924 -0.8348666402339355
vn -0.3956641588611486 0.38268468275748924 -0.8348666402339355
vn -0.3956635139321096 0.3826836084160127 -0.8348674383353294
vn -0.3956635139321096 0.3826836084160127 -0.8348674383353294
vn -0.3956635139321096 0.3826836084160127 -0.8348674383353294
vn -0.16388917481232904 0.9238795661544663 -0.3458133681938411
vn -0.16388917481232904 0.9238795661544663 -0.3458133681938411
vn -0.16388917481232904 0.9238795661544663 -0.3458133681938411
vn -0.1638893787125119 0.9238798108112176 -0.34581261793152596
vn -0.1638893787125119 0.9238798108112176 -0.34581261793152596
vn -0.1638893787125119 0.9238798108112176 -0.34581261793152596
vn -0.1878547139282237 -0.9238797877140151 -0.3334017761027253
vn -0.1878547139282237 -0.9238797877140151 -0.3334017761027253
vn -0.1878547139282237 -0.9238797877140151 -0.3334017761027253
vn -0.187855609257495 -0.9238794881790112 -0.3334021016619174
vn -0.187855609257495 -0.9238794881790112 -0.3334021016619174
vn -0.187855609257495 -0.9238794881790112 -0.3334021016619174
vn -0.4535234116456179 -0.3826835501665771 -0.8049036063537199
vn -0.4535234116456179 -0.3826835501665771 -0.8049036063537199
vn -0.4535234116456179 -0.3826835501665771 -0.8049036063537199
vn -0.4535229599399322 -0.3826840292613457 -0.8049036330863618
vn -0.4535229599399322 -0.3826840292613457 -0.8049036330863618
vn -0.4535229599399322 -0.3826840292613457 -0.8049036330863618
vn -0.49088985439492794 6.10013414134885e-17 -0.8712216427822065
vn -0.49088985439492794 6.10013414134885e-17 -0.8712216427822065
vn -0.49088985439492794 6.10013414134885e-17 -0.8712216427822065
vn -0.49088985439492794 6.10013414134885e-17 -0.8712216427822065
vn -0.49088985439492794 6.10013414134885e-17 -0.8712216427822065
vn -0.49088985439492794 6.10013414134885e-17 -0.8712216427822065
vn -0.4535230574307851 0.3826835844829446 -0.8049037896207957
vn -0.4535230574307851 0.3826835844829446 -0.8049037896207957
vn -0.4535230574307851 0.3826835844829446 -0.8049037896207957
vn -0.45352331023016 0.3826840460492937 -0.8049034277335513
vn -0.45352331023016 0.3826840460492937 -0.8049034277335513
vn -0.45352331023016 0.3826840460492937 -0.8049034277335513
vn -0.18785523127002382 0.9238798068016391 -0.3334014317135604
vn -0.18785523127002382 0.9238798068016391 -0.3334014317135604
vn -0.18785523127002382 0.9238798068016391 -0.3334014317135604
vn -0.18785502774286045 0.923879521919068 -0.3334023358201371
vn -0.18785502774286045 0.923879521919068 -0.3334023358201371
vn -0.18785502774286045 0.923879521919068 -0.3334023358201371
vn -0.21088682863222305 -0.9238794970400129 -0.31933277385595155
vn -0.21088682863222305 -0.9238794970400129 -0.31933277385595155
vn -0.21088682863222305 -0.9238794970400129 -0.31933277385595155
vn -0.21088726520047155 -0.9238793460283424 -0.31933292244694783
vn -0.21088726520047155 -0.9238793460283424 -0.31933292244694783
vn -0.21088726520047155 -0.9238793460283424 -0.31933292244694783
vn -0.5091261617005765 -0.3826840211154333 -0.7709367622930957
vn -0.5091261617005765 -0.3826840211154333 -0.7709367622930957
vn -0.5091261617005765 -0.3826840211154333 -0.7709367622930957
vn -0.5091257962605068 -0.3826844131246529 -0.7709368090404977
vn -0.5091257962605068 -0.3826844131246529 -0.7709368090404977
vn -0.5091257962605068 -0.3826844131246529 -0.7709368090404977
vn -0.5510740341649721 6.12241561389818e-17 -0.8344563552811752
vn -0.5510740341649721 6.12241561389818e-17 -0.8344563552811752
vn -0.5510740341649721 6.12241561389818e-17 -0.8344563552811752
vn -0.5510740341649721 6.12241561389818e-17 -0.8344563552811752
vn -0.5510740341649721 6.12241561389818e-17 -0.8344563552811752
vn -0.5510740341649721 6.12241561389818e-17 -0.8344563552811752
vn -0.509125880479616 0.38268404464231087 -0.770936936332705
vn -0.509125880479616 0.38268404464231087 -0.770936936332705
vn -0.509125880479616 0.38268404464231087 -0.770936936332705
vn -0.509126071674955 0.3826844150356362 -0.7709366262084459
vn -0.509126071674955 0.3826844150356362 -0.7709366262084459
vn -0.509126071674955 0.3826844150356362 -0.7709366262084459
vn -0.21088703383080226 0.9238795197470869 -0.3193325726479185
vn -0.21088703383080226 0.9238795197470869 -0.3193325726479185
vn -0.21088703383080226 0.9238795197470869 -0.3193325726479185
vn -0.2108869641614658 0.9238793952781954 -0.3193329787653581
vn -0.2108869641614658 0.9238793952781954 -0.3193329787653581
vn -0.2108869641614658 0.9238793952781954 -0.3193329787653581
vn -0.23286988164911676 -0.9238793362992491 -0.30367513921950434
vn -0.23286988164911676 -0.9238793362992491 -0.30367513921950434
vn -0.23286988164911676 -0.9238793362992491 -0.30367513921950434
vn -0.23286915184841053 -0.9238795704777887 -0.30367498641010693
vn -0.23286915184841053 -0.9238795704777887 -0.30367498641010693
vn -0.23286915184841053 -0.9238795704777887 -0.30367498641010693
vn -0.5621957600573048 -0.3826843817171048 -0.7331361342638805
vn -0.5621957600573048 -0.3826843817171048 -0.7331361342638805
vn -0.5621957600573048 -0.3826843817171048 -0.7331361342638805
vn -0.5621968370994137 -0.38268322293868917 -0.7331359132089169
vn -0.5621968370994137 -0.38268322293868917 -0.7331359132089169
vn -0.5621968370994137 -0.38268322293868917 -0.7331359132089169
vn -0.6085174138627141 6.114244966346958e-17 -0.7935405200907101
vn -0.6085174138627141 6.114244966346958e-17 -0.7935405200907101
vn -0.6085174138627141 6.114244966346958e-17 -0.7935405200907101
vn -0.6085174138627141 6.114244966346958e-17 -0.7935405200907101
vn -0.6085174138627141 6.114244966346958e-17 -0.7935405200907101
vn -0.6085174138627141 6.114244966346958e-17 -0.7935405200907101
vn -0.562196537903663 0.3826844092927085 -0.7331355233880199
vn -0.562196537903663 0.3826844092927085 -0.7331355233880199
vn -0.562196537903663 0.3826844092927085 -0.7331355233880199
vn -0.5621960429875537 0.3826832716053595 -0.7331364967607022
vn -0.5621960429875537 0.3826832716053595 -0.7331364967607022
vn -0.5621960429875537 0.3826832716053595 -0.7331364967607022
vn -0.2328694228228371 0.9238793860086566 -0.30367533983256956
vn -0.2328694228228371 0.9238793860086566 -0.30367533983256956
vn -0.2328694228228371 0.9238793860086566 -0.30367533983256956
vn -0.2328694609236897 0.9238796226458563 -0.3036745906869071
vn -0.2328694609236897 0.9238796226458563 -0.3036745906869071
vn -0.2328694609236897 0.9238796226458563 -0.3036745906869071
vn -0.25369348793073704 -0.9238795755312145 -0.28650679590159844
vn -0.25369348793073704 -0.9238795755312145 -0.28650679590159844
vn -0.25369348793073704 -0.9238795755312145 -0.28650679590159844
vn -0.25369344670734933 -0.923879587460759 -0.2865067939352977
vn -0.25369344670734933 -0.923879587460759 -0.2865067939352977
vn -0.25369344670734933 -0.923879587460759 -0.2865067939352977
vn -0.6124704238811461 -0.3826832525234526 -0.691688881007148
vn -0.6124704238811461 -0.3826832525234526 -0.691688881007148
vn -0.6124704238811461 -0.3826832525234526 -0.691688881007148
vn -0.612470983295767 -0.38268258565614705 -0.6916887546116693
vn -0.612470983295767 -0.38268258565614705 -0.6916887546116693
vn -0.612470983295767 -0.38268258565614705 -0.6916887546116693
vn -0.6629335667696706 6.075664117087964e-17 -0.7486782259756475
vn -0.6629335667696706 6.075664117087964e-17 -0.7486782259756475
vn -0.6629335667696706 6.075664117087964e-17 -0.7486782259756475
vn -0.6629335667696706 6.075664117087964e-17 -0.7486782259756475
vn -0.6629335667696706 6.075664117087964e-17 -0.7486782259756475
vn -0.6629335667696706 6.075664117087964e-17 -0.7486782259756475
vn -0.6124708005487681 0.382683251476602 -0.6916885480579009
vn -0.6124708005487681 0.382683251476602 -0.6916885480579009
vn -0.6124708005487681 0.382683251476602 -0.6916885480579009
vn -0.6124705868430793 0.38268265881616353 -0.6916890651828218
vn -0.6124705868430793 0.38268265881616353 -0.6916890651828218
vn -0.6124705868430793 0.38268265881616353 -0.6916890651828218
vn -0.25369339573462135 0.9238796175909172 -0.2865067419114207
vn -0.25369339573462135 0.9238796175909172 -0.2865067419114207
vn -0.25369339573462135 0.9238796175909172 -0.2865067419114207
vn -0.25369338902836885 0.9238796373536368 -0.2865066841220527
vn -0.25369338902836885 0.9238796373536368 -0.2865066841220527
vn -0.25369338902836885 0.9238796373536368 -0.2865066841220527
vn -0.27325591850276404 -0.9238796004921549 -0.2679135808384244
vn -0.27325591850276404 -0.9238796004921549 -0.2679135808384244
vn -0.27325591850276404 -0.9238796004921549 -0.2679135808384244
vn -0.27325629868362217 -0.9238794798981143 -0.2679136089356365
vn -0.27325629868362217 -0.9238794798981143 -0.2679136089356365
vn -0.27325629868362217 -0.9238794798981143 -0.2679136089356365
vn -0.6596990758389444 -0.38268262294101973 -0.6468006952966456
vn -0.6596990758389444 -0.38268262294101973 -0.6468006952966456
vn -0.6596990758389444 -0.38268262294101973 -0.6468006952966456
vn -0.6596985605589739 -0.382683208822429 -0.6468008742122934
vn -0.6596985605589739 -0.382683208822429 -0.6468008742122934
vn -0.6596985605589739 -0.382683208822429 -0.6468008742122934
vn -0.714052501362868 6.006863863246619e-17 -0.7000921548606521
vn -0.714052501362868 6.006863863246619e-17 -0.7000921548606521
vn -0.714052501362868 6.006863863246619e-17 -0.7000921548606521
vn -0.714052501362868 6.006863863246619e-17 -0.7000921548606521
vn -0.714052501362868 6.006863863246619e-17 -0.7000921548606521
vn -0.714052501362868 6.006863863246619e-17 -0.7000921548606521
vn -0.6596987111123839 0.3826826868773344 -0.6468010294681075
vn -0.6596987111123839 0.3826826868773344 -0.6468010294681075
vn -0.6596987111123839 0.3826826868773344 -0.6468010294681075
vn -0.6596988941602488 0.382683242894905 -0.6468005137994124
vn -0.6596988941602488 0.382683242894905 -0.6468005137994124
vn -0.6596988941602488 0.382683242894905 -0.6468005137994124
vn -0.27325602959228523 0.9238796368410659 -0.26791334218713425
vn -0.27325602959228523 0.9238796368410659 -0.26791334218713425
vn -0.27325602959228523 0.9238796368410659 -0.26791334218713425
vn -0.27325607498118215 0.9238795081235494 -0.2679137397657446
vn -0.27325607498118215 0.9238795081235494 -0.2679137397657446
vn -0.27325607498118215 0.9238795081235494 -0.2679137397657446
vn -0.29145962322365176 -0.9238794703619875 -0.2479879276779023
vn -0.29145962322365176 -0.9238794703619875 -0.2479879276779023
vn -0.29145962322365176 -0.9238794703619875 -0.2479879276779023
vn -0.29145939430005813 -0.9238795450938302 -0.2479879183175268
vn -0.29145939430005813 -0.9238795450938302 -0.2479879183175268
vn -0.29145939430005813 -0.9238795450938302 -0.2479879183175268
vn -0.7036453381683503 -0.38268318681901276 -0.5986959300011921
vn -0.7036453381683503 -0.38268318681901276 -0.5986959300011921
vn -0.7036453381683503 -0.38268318681901276 -0.5986959300011921
vn -0.7036442099402225 -0.38268449951799643 -0.5986964169312031
vn -0.7036442099402225 -0.38268449951799643 -0.5986964169312031
vn -0.7036442099402225 -0.38268449951799643 -0.5986964169312031
vn -0.7616193671095236 5.90818911100632e-17 -0.6480246443181684
vn -0.7616193671095236 5.90818911100632e-17 -0.6480246443181684
vn -0.7616193671095236 5.90818911100632e-17 -0.6480246443181684
vn -0.7616193671095236 5.90818911100632e-17 -0.6480246443181684
vn -0.7616193671095236 5.90818911100632e-17 -0.6480246443181684
vn -0.7616193671095236 5.90818911100632e-17 -0.6480246443181684
vn -0.703644624426225 0.3826832532375267 -0.5986967264046296
vn -0.703644624426225 0.3826832532375267 -0.5986967264046296
vn -0.703644624426225 0.3826832532375267 -0.5986967264046296
vn -0.7036449245756328 0.3826845510324308 -0.5986955440957107
vn -0.7036449245756328 0.3826845510324308 -0.5986955440957107
vn -0.7036449245756328 0.3826845510324308 -0.5986955440957107
vn -0.29145942990127793 0.9238795255062946 -0.24798794944893132
vn -0.29145942990127793 0.9238795255062946 -0.24798794944893132
vn -0.29145942990127793 0.9238795255062946 -0.24798794944893132
vn -0.2914594092313509 0.9238795862395048 -0.247987747480462
vn -0.2914594092313509 0.9238795862395048 -0.247987747480462
vn -0.2914594092313509 0.9238795862395048 -0.247987747480462
vn -0.3082130538148448 -0.9238795470770382 -0.2268287811342605
vn -0.3082130538148448 -0.9238795470770382 -0.2268287811342605
vn -0.3082130538148448 -0.9238795470770382 -0.2268287811342605
vn -0.3082133058553144 -0.9238794654910407 -0.22682877096551798
vn -0.3082133058553144 -0.9238794654910407 -0.22682877096551798
vn -0.3082133058553144 -0.9238794654910407 -0.22682877096551798
vn -0.7440920838156972 -0.3826844911569036 -0.5476125921039391
vn -0.7440920838156972 -0.3826844911569036 -0.5476125921039391
vn -0.7440920838156972 -0.3826844911569036 -0.5476125921039391
vn -0.7440921271096557 -0.3826844113657719 -0.5476125890363192
vn -0.7440921271096557 -0.3826844113657719 -0.5476125890363192
vn -0.7440921271096557 -0.3826844113657719 -0.5476125890363192
vn -0.8053998865270648 5.780122393548096e-17 -0.5927318304108454
vn -0.8053998865270648 5.780122393548096e-17 -0.5927318304108454
vn -0.8053998865270648 5.780122393548096e-17 -0.5927318304108454
vn -0.8053998865270648 5.780122393548096e-17 -0.5927318304108454
vn -0.8053998865270648 5.780122393548096e-17 -0.5927318304108454
vn -0.8053998865270648 5.780122393548096e-17 -0.5927318304108454
vn -0.7440920897021711 0.38268455844765337 -0.5476125370810833
vn -0.7440920897021711 0.38268455844765337 -0.5476125370810833
vn -0.7440920897021711 0.38268455844765337 -0.5476125370810833
vn -0.7440920744668786 0.38268446919663646 -0.5476126201533945
vn -0.7440920744668786 0.38268446919663646 -0.5476126201533945
vn -0.7440920744668786 0.38268446919663646 -0.5476126201533945
vn -0.3082130800144441 0.9238795828982214 -0.2268285996337726
vn -0.3082130800144441 0.9238795828982214 -0.2268285996337726
vn -0.3082130800144441 0.9238795828982214 -0.2268285996337726
vn -0.3082131095247567 0.9238795167167625 -0.2268288290942791
vn -0.3082131095247567 0.9238795167167625 -0.2268288290942791
vn -0.3082131095247567 0.9238795167167625 -0.2268288290942791
vn -0.3234340183224257 -0.9238794616000118 -0.20454138022777013
vn -0.3234340183224257 -0.9238794616000118 -0.20454138022777013
vn -0.3234340183224257 -0.9238794616000118 -0.20454138022777013
vn -0.32343370726669957 -0.923879564969669 -0.2045414051852933
vn -0.32343370726669957 -0.923879564969669 -0.2045414051852933
vn -0.32343370726669957 -0.923879564969669 -0.2045414051852933
vn -0.7808378655820952 -0.3826844169938302 -0.4938065052865243
vn -0.7808378655820952 -0.3826844169938302 -0.4938065052865243
vn -0.7808378655820952 -0.3826844169938302 -0.4938065052865243
vn -0.7808379936235809 -0.3826842241639698 -0.4938064522562676
vn -0.7808379936235809 -0.3826842241639698 -0.4938064522562676
vn -0.7808379936235809 -0.3826842241639698 -0.4938064522562676
vn -0.8451732571208592 5.623310807793335e-17 -0.5344924372221914
vn -0.8451732571208592 5.623310807793335e-17 -0.5344924372221914
vn -0.8451732571208592 5.623310807793335e-17 -0.5344924372221914
vn -0.8451732571208592 5.623310807793335e-17 -0.5344924372221914
vn -0.8451732571208592 5.623310807793335e-17 -0.5344924372221914
vn -0.8451732571208592 5.623310807793335e-17 -0.5344924372221914
vn -0.7808379107749404 0.3826844492747597 -0.49380640880804677
vn -0.7808379107749404 0.3826844492747597 -0.49380640880804677
vn -0.7808379107749404 0.3826844492747597 -0.49380640880804677
vn -0.7808378953706605 0.382684295889466 -0.49380655203500584
vn -0.7808378953706605 0.382684295889466 -0.49380655203500584
vn -0.7808378953706605 0.382684295889466 -0.49380655203500584
vn -0.3234338251119862 0.9238795091950446 -0.20454147076559548
vn -0.3234338251119862 0.9238795091950446 -0.20454147076559548
vn -0.3234338251119862 0.9238795091950446 -0.20454147076559548
vn -0.32343372637240836 0.9238796033160515 -0.20454120176979884
vn -0.32343372637240836 0.9238796033160515 -0.20454120176979884
vn -0.32343372637240836 0.9238796033160515 -0.20454120176979884
vn -0.3370456964046189 -0.9238795648934545 -0.18123671843036326
vn -0.3370456964046189 -0.9238795648934545 -0.18123671843036326
vn -0.3370456964046189 -0.9238795648934545 -0.18123671843036326
vn -0.3370456621586711 -0.9238795721558345 -0.1812367450965043
vn -0.3370456621586711 -0.9238795721558345 -0.1812367450965043
vn -0.3370456621586711 -0.9238795721558345 -0.1812367450965043
vn -0.8137001631182423 -0.38268417843010066 -0.4375441281980881
vn -0.8137001631182423 -0.38268417843010066 -0.4375441281980881
vn -0.8137001631182423 -0.38268417843010066 -0.4375441281980881
vn -0.8137010213638026 -0.38268306293154775 -0.4375435077530385
vn -0.8137010213638026 -0.38268306293154775 -0.4375435077530385
vn -0.8137010213638026 -0.38268306293154775 -0.4375435077530385
vn -0.88074349392728 5.4385270581254596e-17 -0.47359359994067407
vn -0.88074349392728 5.4385270581254596e-17 -0.47359359994067407
vn -0.88074349392728 5.4385270581254596e-17 -0.47359359994067407
vn -0.88074349392728 5.4385270581254596e-17 -0.47359359994067407
vn -0.88074349392728 5.4385270581254596e-17 -0.47359359994067407
vn -0.88074349392728 5.4385270581254596e-17 -0.47359359994067407
vn -0.813700588018791 0.38268422476004493 -0.4375432974891481
vn -0.813700588018791 0.38268422476004493 -0.4375432974891481
vn -0.813700588018791 0.38268422476004493 -0.4375432974891481
vn -0.813700563600738 0.38268307231889487 -0.4375443508450463
vn -0.813700563600738 0.38268307231889487 -0.4375443508450463
vn -0.813700563600738 0.38268307231889487 -0.4375443508450463
vn -0.3370455691118507 0.9238796162225654 -0.1812366934991755
vn -0.3370455691118507 0.9238796162225654 -0.1812366934991755
vn -0.3370455691118507 0.9238796162225654 -0.1812366934991755
vn -0.33704557852894684 0.9238796207394656 -0.18123665296067706
vn -0.33704557852894684 0.9238796207394656 -0.18123665296067706
vn -0.33704557852894684 0.9238796207394656 -0.18123665296067706
vn -0.34898131733666293 -0.9238795729973682 -0.15703048986794835
vn -0.34898131733666293 -0.9238795729973682 -0.15703048986794835
vn -0.34898131733666293 -0.9238795729973682 -0.15703048986794835
vn -0.34898152107917324 -0.9238795078564793 -0.1570304203271976
vn -0.34898152107917324 -0.9238795078564793 -0.1570304203271976
vn -0.34898152107917324 -0.9238795078564793 -0.1570304203271976
vn -0.8425159273577945 -0.38268305702731664 -0.3791049854758749
vn -0.8425159273577945 -0.38268305702731664 -0.3791049854758749
vn -0.8425159273577945 -0.38268305702731664 -0.3791049854758749
vn -0.8425157946332004 -0.38268324258947567 -0.37910509312694707
vn -0.8425157946332004 -0.38268324258947567 -0.37910509312694707
vn -0.8425157946332004 -0.38268324258947567 -0.37910509312694707
vn -0.911932449915297 5.226696624543418e-17 -0.4103403548171744
vn -0.911932449915297 5.226696624543418e-17 -0.4103403548171744
vn -0.911932449915297 5.226696624543418e-17 -0.4103403548171744
vn -0.911932449915297 5.226696624543418e-17 -0.4103403548171744
vn -0.911932449915297 5.226696624543418e-17 -0.4103403548171744
vn -0.911932449915297 5.226696624543418e-17 -0.4103403548171744
vn -0.8425158492420772 0.3826830919230003 -0.3791051238537331
vn -0.8425158492420772 0.3826830919230003 -0.3791051238537331
vn -0.8425158492420772 0.3826830919230003 -0.3791051238537331
vn -0.8425158565751008 0.38268325660875346 -0.37910494131683803
vn -0.8425158565751008 0.38268325660875346 -0.37910494131683803
vn -0.8425158565751008 0.38268325660875346 -0.37910494131683803
vn -0.34898127601446655 0.9238796157178111 -0.1570303303582617
vn -0.34898127601446655 0.9238796157178111 -0.1570303303582617
vn -0.34898127601446655 0.9238796157178111 -0.1570303303582617
vn -0.3489813532904621 0.9238795585142492 -0.15703049517553433
vn -0.3489813532904621 0.9238795585142492 -0.15703049517553433
vn -0.3489813532904621 0.9238795585142492 -0.15703049517553433
vn -0.35918136522324307 -0.9238795058622034 -0.13204319567542416
vn -0.35918136522324307 -0.9238795058622034 -0.13204319567542416
vn -0.35918136522324307 -0.9238795058622034 -0.13204319567542416
vn -0.35918106535633654 -0.9238796046381904 -0.1320433202516053
vn -0.35918106535633654 -0.9238796046381904 -0.1320433202516053
vn -0.35918106535633654 -0.9238796046381904 -0.1320433202516053
vn -0.8671402608952178 -0.38268325373402656 -0.31878095182446536
vn -0.8671402608952178 -0.38268325373402656 -0.31878095182446536
vn -0.8671402608952178 -0.38268325373402656 -0.31878095182446536
vn -0.8671402922914899 -0.3826832160773468 -0.3187809116263526
vn -0.8671402922914899 -0.3826832160773468 -0.3187809116263526
vn -0.8671402922914899 -0.3826832160773468 -0.3187809116263526
vn -0.9385857961634829 4.988868859737182e-17 -0.34504594366571045
vn -0.9385857961634829 4.988868859737182e-17 -0.34504594366571045
vn -0.9385857961634829 4.988868859737182e-17 -0.34504594366571045
vn -0.9385857961634829 4.988868859737182e-17 -0.34504594366571045
vn -0.9385857961634829 4.988868859737182e-17 -0.34504594366571045
vn -0.9385857961634829 4.988868859737182e-17 -0.34504594366571045
vn -0.8671402725122815 0.3826832669531013 -0.3187809043550562
vn -0.8671402725122815 0.3826832669531013 -0.3187809043550562
vn -0.8671402725122815 0.3826832669531013 -0.3187809043550562
vn -0.8671402608952178 0.38268325373402656 -0.31878095182446536
vn -0.8671402608952178 0.38268325373402656 -0.31878095182446536
vn -0.8671402608952178 0.38268325373402656 -0.31878095182446536
vn -0.3591811811602868 0.9238795548816268 -0.13204335338073042
vn -0.3591811811602868 0.9238795548816268 -0.13204335338073042
vn -0.3591811811602868 0.9238795548816268 -0.13204335338073042
vn -0.35918103521133066 0.9238796519330275 -0.13204307133895662
vn -0.35918103521133066 0.9238796519330275 -0.13204307133895662
vn -0.35918103521133066 0.9238796519330275 -0.13204307133895662
vn -0.36759440463641446 -0.923879599650499 -0.10639943152871317
vn -0.36759440463641446 -0.923879599650499 -0.10639943152871317
vn -0.36759440463641446 -0.923879599650499 -0.10639943152871317
vn -0.36759463416443844 -0.9238795204657553 -0.10639932611383643
vn -0.36759463416443844 -0.9238795204657553 -0.10639932611383643
vn -0.36759463416443844 -0.9238795204657553 -0.10639932611383643
vn -0.8874519822100299 -0.3826831839737029 -0.25687070672857537
vn -0.8874519822100299 -0.3826831839737029 -0.25687070672857537
vn -0.8874519822100299 -0.3826831839737029 -0.25687070672857537
vn -0.8874520205748112 -0.382683119699402 -0.25687066993882013
vn -0.8874520205748112 -0.382683119699402 -0.25687066993882013
vn -0.8874520205748112 -0.382683119699402 -0.25687066993882013
vn -0.9605710113914683 4.726225505278342e-17 -0.27803476774384134
vn -0.9605710113914683 4.726225505278342e-17 -0.27803476774384134
vn -0.9605710113914683 4.726225505278342e-17 -0.27803476774384134
vn -0.9605710113914683 4.726225505278342e-17 -0.27803476774384134
vn -0.9605710113914683 4.726225505278342e-17 -0.27803476774384134
vn -0.9605710113914683 4.726225505278342e-17 -0.27803476774384134
vn -0.887451966032401 0.3826832511149998 -0.25687066259361
vn -0.887451966032401 0.3826832511149998 -0.25687066259361
vn -0.887451966032401 0.3826832511149998 -0.25687066259361
vn -0.8874519923312842 0.38268315853582374 -0.25687070965814657
vn -0.8874519923312842 0.38268315853582374 -0.25687070965814657
vn -0.8874519923312842 0.38268315853582374 -0.25687070965814657
vn -0.36759436694854586 0.92387963504859 -0.10639925436854164
vn -0.36759436694854586 0.92387963504859 -0.10639925436854164
vn -0.36759436694854586 0.92387963504859 -0.10639925436854164
vn -0.36759448495958663 0.9238795646071523 -0.10639945830968799
vn -0.36759448495958663 0.9238795646071523 -0.10639945830968799
vn -0.36759448495958663 0.9238795646071523 -0.10639945830968799
vn -0.3741796291966808 -0.9238795267176373 -0.08022608806509939
vn -0.3741796291966808 -0.9238795267176373 -0.08022608806509939
vn -0.3741796291966808 -0.9238795267176373 -0.08022608806509939
vn -0.37417971582964865 -0.9238794976943308 -0.08022601823420122
vn -0.37417971582964865 -0.9238794976943308 -0.08022601823420122
vn -0.37417971582964865 -0.9238794976943308 -0.08022601823420122
vn -0.9033496819672551 -0.38268307172317517 -0.1936827785482605
vn -0.9033496819672551 -0.38268307172317517 -0.1936827785482605
vn -0.9033496819672551 -0.38268307172317517 -0.1936827785482605
vn -0.9033495167732161 -0.38268336886779586 -0.19368296191867615
vn -0.9033495167732161 -0.38268336886779586 -0.19368296191867615
vn -0.9033495167732161 -0.38268336886779586 -0.19368296191867615
vn -0.977778441787756 4.440075632263803e-17 -0.20964092819654226
vn -0.977778441787756 4.440075632263803e-17 -0.20964092819654226
vn -0.977778441787756 4.440075632263803e-17 -0.20964092819654226
vn -0.977778441787756 4.440075632263803e-17 -0.20964092819654226
vn -0.977778441787756 4.440075632263803e-17 -0.20964092819654226
vn -0.977778441787756 4.440075632263803e-17 -0.20964092819654226
vn -0.9033496093000557 0.3826831202916502 -0.19368302151010286
vn -0.9033496093000557 0.3826831202916502 -0.19368302151010286
vn -0.9033496093000557 0.3826831202916502 -0.19368302151010286
vn -0.903349548230141 0.3826834220508284 -0.19368271012113464
vn -0.903349548230141 0.3826834220508284 -0.19368271012113464
vn -0.903349548230141 0.3826834220508284 -0.19368271012113464
vn -0.37417956739183017 0.9238795583676521 -0.08022601184687482
vn -0.37417956739183017 0.9238795583676521 -0.08022601184687482
vn -0.37417956739183017 0.9238795583676521 -0.08022601184687482
vn -0.37417959485830427 0.9238795430869083 -0.08022605971379108
vn -0.37417959485830427 0.9238795430869083 -0.08022605971379108
vn -0.37417959485830427 0.9238795430869083 -0.08022605971379108
vn -0.378903622391269 -0.9238794836569826 -0.05365393383976326
vn -0.378903622391269 -0.9238794836569826 -0.05365393383976326
vn -0.378903622391269 -0.9238794836569826 -0.05365393383976326
vn -0.37890353676050736 -0.9238795147621196 -0.05365400295681062
vn -0.37890353676050736 -0.9238795147621196 -0.05365400295681062
vn -0.37890353676050736 -0.9238795147621196 -0.05365400295681062
vn -0.9147539700397443 -0.38268339729975986 -0.12953220343853128
vn -0.9147539700397443 -0.38268339729975986 -0.12953220343853128
vn -0.9147539700397443 -0.38268339729975986 -0.12953220343853128
vn -0.9147539039386119 -0.38268351593642885 -0.12953231974917273
vn -0.9147539039386119 -0.38268351593642885 -0.12953231974917273
vn -0.9147539039386119 -0.38268351593642885 -0.12953231974917273
vn -0.9901225348205305 4.131843199069026e-17 -0.1402047290235507
vn -0.9901225348205305 4.131843199069026e-17 -0.1402047290235507
vn -0.9901225348205305 4.131843199069026e-17 -0.1402047290235507
vn -0.9901225348205305 4.131843199069026e-17 -0.1402047290235507
vn -0.9901225348205305 4.131843199069026e-17 -0.1402047290235507
vn -0.9901225348205305 4.131843199069026e-17 -0.1402047290235507
vn -0.9147539472540234 0.38268342407024747 -0.1295322852614536
vn -0.9147539472540234 0.38268342407024747 -0.1295322852614536
vn -0.9147539472540234 0.38268342407024747 -0.1295322852614536
vn -0.9147539077795053 0.38268356414694105 -0.12953215019414396
vn -0.9147539077795053 0.38268356414694105 -0.12953215019414396
vn -0.9147539077795053 0.38268356414694105 -0.12953215019414396
vn -0.37890352284880885 0.9238795218720944 -0.05365397877280155
vn -0.37890352284880885 0.9238795218720944 -0.05365397877280155
vn -0.37890352284880885 0.9238795218720944 -0.05365397877280155
vn -0.3789034249290458 0.9238795668171665 -0.053653896361436464
vn -0.3789034249290458 0.9238795668171665 -0.053653896361436464
vn -0.3789034249290458 0.9238795668171665 -0.053653896361436464
vn -0.3817428501627934 -0.9238795137342338 -0.026814929643437835
vn -0.3817428501627934 -0.9238795137342338 -0.026814929643437835
vn -0.3817428501627934 -0.9238795137342338 -0.026814929643437835
vn -0.3817426808480929 -0.9238795802695675 -0.026815047638197285
vn -0.3817426808480929 -0.9238795802695675 -0.026815047638197285
vn -0.3817426808480929 -0.9238795802695675 -0.026815047638197285
vn -0.921608615757717 -0.38268347406455333 -0.06473730021424233
vn -0.921608615757717 -0.38268347406455333 -0.06473730021424233
vn -0.921608615757717 -0.38268347406455333 -0.06473730021424233
vn -0.9216087626459872 -0.38268316744869396 -0.06473702159944476
vn -0.9216087626459872 -0.38268316744869396 -0.06473702159944476
vn -0.9216087626459872 -0.38268316744869396 -0.06473702159944476
vn -0.997542019867327 3.803058106738457e-17 -0.07007081131978694
vn -0.997542019867327 3.803058106738457e-17 -0.07007081131978694
vn -0.997542019867327 3.803058106738457e-17 -0.07007081131978694
vn -0.997542019867327 3.803058106738457e-17 -0.07007081131978694
vn -0.997542019867327 3.803058106738457e-17 -0.07007081131978694
vn -0.997542019867327 3.803058106738457e-17 -0.07007081131978694
vn -0.9216086249631381 0.3826835023077404 -0.06473700220921229
vn -0.9216086249631381 0.3826835023077404 -0.06473700220921229
vn -0.9216086249631381 0.3826835023077404 -0.06473700220921229
vn -0.9216087324189395 0.38268319008125834 -0.0647373181278533
vn -0.9216087324189395 0.38268319008125834 -0.0647373181278533
vn -0.9216087324189395 0.38268319008125834 -0.0647373181278533
vn -0.3817427161564394 0.9238795654672962 -0.026815054977831338
vn -0.3817427161564394 0.9238795654672962 -0.026815054977831338
vn -0.3817427161564394 0.9238795654672962 -0.026815054977831338
vn -0.3817425750847451 0.9238796282637095 -0.026814899719700226
vn -0.3817425750847451 0.9238796282637095 -0.026814899719700226
vn -0.3817425750847451 0.9238796282637095 -0.026814899719700226
vn -0.38268324275099935 -0.9238795976441836 0.00015739885959762306
vn -0.38268324275099935 -0.9238795976441836 0.00015739885959762306
vn -0.38268324275099935 -0.9238795976441836 0.00015739885959762306
vn -0.3826834246718386 -0.9238795222679527 0.00015752895912612332
vn -0.3826834246718386 -0.9238795222679527 0.00015752895912612332
vn -0.3826834246718386 -0.9238795222679527 0.00015752895912612332
vn -0.9238795811193657 -0.382683126026863 0.00038032224966586556
vn -0.9238795811193657 -0.382683126026863 0.00038032224966586556
vn -0.9238795811193657 -0.382683126026863 0.00038032224966586556
vn -0.9238793714320411 -0.3826836326863353 0.00037988988714503154
vn -0.9238793714320411 -0.3826836326863353 0.00037988988714503154
vn -0.9238793714320411 -0.3826836326863353 0.00037988988714503154
vn -0.9999999154557306 3.455359760024304e-17 0.0004112037589870634
vn -0.9999999154557306 3.455359760024304e-17 0.0004112037589870634
vn -0.9999999154557306 3.455359760024304e-17 0.0004112037589870634
vn -0.9999999154557306 3.455359760024304e-17 0.0004112037589870634
vn -0.9999999154557306 3.455359760024304e-17 0.0004112037589870634
vn -0.9999999154557306 3.455359760024304e-17 0.0004112037589870634
vn -0.9238795537595861 0.38268319253955646 0.000379858816938257
vn -0.9238795537595861 0.38268319253955646 0.000379858816938257
vn -0.9238795537595861 0.38268319253955646 0.000379858816938257
vn -0.9238793599892381 0.3826836598848 0.0003803196688281029
vn -0.9238793599892381 0.3826836598848 0.0003803196688281029
vn -0.9238793599892381 0.3826836598848 0.0003803196688281029
vn -0.3826831847384346 0.9238796216478311 0.00015755097439318821
vn -0.3826831847384346 0.9238796216478311 0.00015755097439318821
vn -0.3826831847384346 0.9238796216478311 0.00015755097439318821
vn -0.3826833273591401 0.9238795625989109 0.00015739562371868966
vn -0.3826833273591401 0.9238795625989109 0.00015739562371868966
vn -0.3826833273591401 0.9238795625989109 0.00015739562371868966
vn -0.3817206131313235 -0.923879524319246 0.02712928407257292
vn -0.3817206131313235 -0.923879524319246 0.02712928407257292
vn -0.3817206131313235 -0.923879524319246 0.02712928407257292
vn -0.3817203711264692 -0.9238796311993498 0.02712904941246677
vn -0.3817203711264692 -0.9238796311993498 0.02712904941246677
vn -0.3817203711264692 -0.9238796311993498 0.02712904941246677
vn -0.9215550115771659 -0.38268357648298507 0.06549535042429132
vn -0.9215550115771659 -0.38268357648298507 0.06549535042429132
vn -0.9215550115771659 -0.38268357648298507 0.06549535042429132
vn -0.9215550444705732 -0.38268348729495355 0.06549540871399406
vn -0.9215550444705732 -0.38268348729495355 0.06549540871399406
vn -0.9215550444705732 -0.38268348729495355 0.06549540871399406
vn -0.997484017989039 3.090472115329904e-17 0.0708917051314378
vn -0.997484017989039 3.090472115329904e-17 0.0708917051314378
vn -0.997484017989039 3.090472115329904e-17 0.0708917051314378
vn -0.997484017989039 3.090472115329904e-17 0.0708917051314378
vn -0.997484017989039 3.090472115329904e-17 0.0708917051314378
vn -0.997484017989039 3.090472115329904e-17 0.0708917051314378
vn -0.9215549825144521 0.3826836379947469 0.06549539994452615
vn -0.9215549825144521 0.3826836379947469 0.06549539994452615
vn -0.9215549825144521 0.3826836379947469 0.06549539994452615
vn -0.9215550261085204 0.38268354572710345 0.06549532566417393
vn -0.9215550261085204 0.38268354572710345 0.06549532566417393
vn -0.9215550261085204 0.38268354572710345 0.06549532566417393
vn -0.3817205193926009 0.9238795701315997 0.02712904288937759
vn -0.3817205193926009 0.9238795701315997 0.02712904288937759
vn -0.3817205193926009 0.9238795701315997 0.02712904288937759
vn -0.3817202184323686 0.9238796877902639 0.027129270696234567
vn -0.3817202184323686 0.9238796877902639 0.027129270696234567
vn -0.3817202184323686 0.9238796877902639 0.027129270696234567
vn -0.37885897646507133 -0.9238796420919102 0.053965571246514764
vn -0.37885897646507133 -0.9238796420919102 0.053965571246514764
vn -0.37885897646507133 -0.9238796420919102 0.053965571246514764
vn -0.3788592428359292 -0.9238795157958255 0.05396586338286085
vn -0.3788592428359292 -0.9238795157958255 0.05396586338286085
vn -0.3788592428359292 -0.9238795157958255 0.05396586338286085
vn -0.9146469874605827 -0.38268351106976006 0.13028514376014488
vn -0.9146469874605827 -0.38268351106976006 0.13028514376014488
vn -0.9146469874605827 -0.38268351106976006 0.13028514376014488
vn -0.9146471705772031 -0.38268288166373526 0.13028570695458544
vn -0.9146471705772031 -0.38268288166373526 0.13028570695458544
vn -0.9146471705772031 -0.38268288166373526 0.13028570695458544
vn -0.9900067242470726 2.7102099261015485e-17 0.14102016148615296
vn -0.9900067242470726 2.7102099261015485e-17 0.14102016148615296
vn -0.9900067242470726 2.7102099261015485e-17 0.14102016148615296
vn -0.9900067242470726 2.7102099261015485e-17 0.14102016148615296
vn -0.9900067242470726 2.7102099261015485e-17 0.14102016148615296
vn -0.9900067242470726 2.7102099261015485e-17 0.14102016148615296
vn -0.9146468982180623 0.38268355443580815 0.13028564289457734
vn -0.9146468982180623 0.38268355443580815 0.13028564289457734
vn -0.9146468982180623 0.38268355443580815 0.13028564289457734
vn -0.9146472349281416 0.3826829080702761 0.13028517762655056
vn -0.9146472349281416 0.3826829080702761 0.13028517762655056
vn -0.9146472349281416 0.3826829080702761 0.13028517762655056
vn -0.37885886281012426 0.923879673897005 0.053965824650264296
vn -0.37885886281012426 0.923879673897005 0.053965824650264296
vn -0.37885886281012426 0.923879673897005 0.053965824650264296
vn -0.37885919458771994 0.9238795509013189 0.05396560110590484
vn -0.37885919458771994 0.9238795509013189 0.05396560110590484
vn -0.37885919458771994 0.9238795509013189 0.05396560110590484
vn -0.37411344977054467 -0.9238795169132676 0.08053424693190712
vn -0.37411344977054467 -0.9238795169132676 0.08053424693190712
vn -0.37411344977054467 -0.9238795169132676 0.08053424693190712
vn -0.3741132423011804 -0.9238796257162772 0.08053396253289512
vn -0.3741132423011804 -0.9238796257162772 0.08053396253289512
vn -0.3741132423011804 -0.9238796257162772 0.08053396253289512
vn -0.9031900254215813 -0.3826828620215406 0.19442634876468273
vn -0.9031900254215813 -0.3826828620215406 0.19442634876468273
vn -0.9031900254215813 -0.3826828620215406 0.19442634876468273
vn -0.9031901467551547 -0.38268229397086295 0.19442690319397746
vn -0.9031901467551547 -0.38268229397086295 0.19442690319397746
vn -0.9031901467551547 -0.38268229397086295 0.19442690319397746
vn -0.9776054730774603 2.31647432062041e-17 0.21044604773907025
vn -0.9776054730774603 2.31647432062041e-17 0.21044604773907025
vn -0.9776054730774603 2.31647432062041e-17 0.21044604773907025
vn -0.9776054730774603 2.31647432062041e-17 0.21044604773907025
vn -0.9776054730774603 2.31647432062041e-17 0.21044604773907025
vn -0.9776054730774603 2.31647432062041e-17 0.21044604773907025
vn -0.9031898955651531 0.3826829181537724 0.19442684151711384
vn -0.9031898955651531 0.3826829181537724 0.19442684151711384
vn -0.9031898955651531 0.3826829181537724 0.19442684151711384
vn -0.9031902499753254 0.38268232967336396 0.19442635342277012
vn -0.9031902499753254 0.38268232967336396 0.19442635342277012
vn -0.9031902499753254 0.38268232967336396 0.19442635342277012
vn -0.3741134172136121 0.9238795504934386 0.08053401294357287
vn -0.3741134172136121 0.9238795504934386 0.08053401294357287
vn -0.3741134172136121 0.9238795504934386 0.08053401294357287
vn -0.37411305652389815 0.9238796820670282 0.08053417909231982
vn -0.37411305652389815 0.9238796820670282 0.08053417909231982
vn -0.37411305652389815 0.9238796820670282 0.08053417909231982
vn -0.3675066534030496 -0.9238796309564538 0.10670186131580617
vn -0.3675066534030496 -0.9238796309564538 0.10670186131580617
vn -0.3675066534030496 -0.9238796309564538 0.10670186131580617
vn -0.3675067340370763 -0.923879581220151 0.10670201423534588
vn -0.3675067340370763 -0.923879581220151 0.10670201423534588
vn -0.3675067340370763 -0.923879581220151 0.10670201423534588
vn -0.8872404814444325 -0.3826822678354979 0.2576016497822404
vn -0.8872404814444325 -0.3826822678354979 0.2576016497822404
vn -0.8872404814444325 -0.3826822678354979 0.2576016497822404
vn -0.887240324049277 -0.3826831908405803 0.2576008207071671
vn -0.887240324049277 -0.3826831908405803 0.2576008207071671
vn -0.887240324049277 -0.3826831908405803 0.2576008207071671
vn -0.9603419125515987 1.9112179592627584e-17 0.27882505446379413
vn -0.9603419125515987 1.9112179592627584e-17 0.27882505446379413
vn -0.9603419125515987 1.9112179592627584e-17 0.27882505446379413
vn -0.9603419125515987 1.9112179592627584e-17 0.27882505446379413
vn -0.9603419125515987 1.9112179592627584e-17 0.27882505446379413
vn -0.9603419125515987 1.9112179592627584e-17 0.27882505446379413
vn -0.8872406902874376 0.3826822911365406 0.2576008958617167
vn -0.8872406902874376 0.3826822911365406 0.2576008958617167
vn -0.8872406902874376 0.3826822911365406 0.2576008958617167
vn -0.8872400848497469 0.38268324385318886 0.2576015658139804
vn -0.8872400848497469 0.38268324385318886 0.2576015658139804
vn -0.8872400848497469 0.38268324385318886 0.2576015658139804
vn -0.3675065104584492 0.9238796769719778 0.10670195522485969
vn -0.3675065104584492 0.9238796769719778 0.10670195522485969
vn -0.3675065104584492 0.9238796769719778 0.10670195522485969
vn -0.36750667401800596 0.92387962094615 0.10670187698734061
vn -0.36750667401800596 0.92387962094615 0.10670187698734061
vn -0.36750667401800596 0.92387962094615 0.10670187698734061
vn -0.3590723015199096 -0.9238795805029754 0.13233897011402554
vn -0.3590723015199096 -0.9238795805029754 0.13233897011402554
vn -0.3590723015199096 -0.9238795805029754 0.13233897011402554
vn -0.35907206338275766 -0.9238797387034852 0.13233851182187628
vn -0.35907206338275766 -0.9238797387034852 0.13233851182187628
vn -0.35907206338275766 -0.9238797387034852 0.13233851182187628
vn -0.866877880408171 -0.3826831517969289 0.31949389006646955
vn -0.866877880408171 -0.3826831517969289 0.31949389006646955
vn -0.866877880408171 -0.3826831517969289 0.31949389006646955
vn -0.8668778643355074 -0.38268324468238235 0.3194938224198924
vn -0.8668778643355074 -0.38268324468238235 0.3194938224198924
vn -0.8668778643355074 -0.38268324468238235 0.3194938224198924
vn -0.938301768622202 1.4964539418965255e-17 0.34581756895861715
vn -0.938301768622202 1.4964539418965255e-17 0.34581756895861715
vn -0.938301768622202 1.4964539418965255e-17 0.34581756895861715
vn -0.938301768622202 1.4964539418965255e-17 0.34581756895861715
vn -0.938301768622202 1.4964539418965255e-17 0.34581756895861715
vn -0.938301768622202 1.4964539418965255e-17 0.34581756895861715
vn -0.8668778841087293 0.3826831938066257 0.31949382970744983
vn -0.8668778841087293 0.3826831938066257 0.31949382970744983
vn -0.8668778841087293 0.3826831938066257 0.31949382970744983
vn -0.866877837957189 0.3826832739828495 0.31949385889628146
vn -0.866877837957189 0.3826832739828495 0.31949385889628146
vn -0.866877837957189 0.3826832739828495 0.31949385889628146
vn -0.35907232417297635 0.923879623497028 0.13233860850109813
vn -0.35907232417297635 0.923879623497028 0.13233860850109813
vn -0.35907232417297635 0.923879623497028 0.13233860850109813
vn -0.35907180056539656 0.9238798006986756 0.13233879211969413
vn -0.35907180056539656 0.9238798006986756 0.13233879211969413
vn -0.35907180056539656 0.9238798006986756 0.13233879211969413
vn -0.34885167016683133 -0.9238797614804362 0.1573171908872793
vn -0.34885167016683133 -0.9238797614804362 0.1573171908872793
vn -0.34885167016683133 -0.9238797614804362 0.1573171908872793
vn -0.3488520175136836 -0.9238795034853325 0.15731793577443207
vn -0.3488520175136836 -0.9238795034853325 0.15731793577443207
vn -0.3488520175136836 -0.9238795034853325 0.15731793577443207
vn -0.8422031868376401 -0.3826832472044541 0.3797990579103352
vn -0.8422031868376401 -0.3826832472044541 0.3797990579103352
vn -0.8422031868376401 -0.3826832472044541 0.3797990579103352
vn -0.8422031996778541 -0.38268252659102053 0.37979975552164
vn -0.8422031996778541 -0.38268252659102053 0.37979975552164
vn -0.8422031996778541 -0.38268252659102053 0.37979975552164
vn -0.9115938065373059 1.0742332961895684e-17 0.4110921209203901
vn -0.9115938065373059 1.0742332961895684e-17 0.4110921209203901
vn -0.9115938065373059 1.0742332961895684e-17 0.4110921209203901
vn -0.9115938065373059 1.0742332961895684e-17 0.4110921209203901
vn -0.9115938065373059 1.0742332961895684e-17 0.4110921209203901
vn -0.9115938065373059 1.0742332961895684e-17 0.4110921209203901
vn -0.8422029227334846 0.38268326904376665 0.37979962155477776
vn -0.8422029227334846 0.38268326904376665 0.37979962155477776
vn -0.8422029227334846 0.38268326904376665 0.37979962155477776
vn -0.8422034541768199 0.3826825301895813 0.37979918754564684
vn -0.8422034541768199 0.3826825301895813 0.37979918754564684
vn -0.8422034541768199 0.3826825301895813 0.37979918754564684
vn -0.34885138130250926 0.9238797931095036 0.15731764569580786
vn -0.34885138130250926 0.9238797931095036 0.15731764569580786
vn -0.34885138130250926 0.9238797931095036 0.15731764569580786
vn -0.3488521317798261 0.9238795529401701 0.1573173919556964
vn -0.3488521317798261 0.9238795529401701 0.1573173919556964
vn -0.3488521317798261 0.9238795529401701 0.1573173919556964
vn -0.3368964988204926 -0.9238794932498755 0.1815142722621195
vn -0.3368964988204926 -0.9238794932498755 0.1815142722621195
vn -0.3368964988204926 -0.9238794932498755 0.1815142722621195
vn -0.3368964125904466 -0.9238795791242286 0.18151399522055015
vn -0.3368964125904466 -0.9238795791242286 0.18151399522055015
vn -0.3368964125904466 -0.9238795791242286 0.18151399522055015
vn -0.813340483667432 -0.3826824690457558 0.4382138581933166
vn -0.813340483667432 -0.3826824690457558 0.4382138581933166
vn -0.813340483667432 -0.3826824690457558 0.4382138581933166
vn -0.8133405426694342 -0.3826842321897556 0.43821220896219654
vn -0.8133405426694342 -0.3826842321897556 0.43821220896219654
vn -0.8133405426694342 -0.3826842321897556 0.43821220896219654
vn -0.8803537711506044 6.466984741361503e-18 0.47431765476409293
vn -0.8803537711506044 6.466984741361503e-18 0.47431765476409293
vn -0.8803537711506044 6.466984741361503e-18 0.47431765476409293
vn -0.8803537711506044 6.466984741361503e-18 0.47431765476409293
vn -0.8803537711506044 6.466984741361503e-18 0.47431765476409293
vn -0.8803537711506044 6.466984741361503e-18 0.47431765476409293
vn -0.813341154151635 0.3826825534199973 0.4382125400661616
vn -0.813341154151635 0.3826825534199973 0.4382125400661616
vn -0.813341154151635 0.3826825534199973 0.4382125400661616
vn -0.8133398175337585 0.3826842962386837 0.43821349890944233
vn -0.8133398175337585 0.3826842962386837 0.43821349890944233
vn -0.8133398175337585 0.3826842962386837 0.43821349890944233
vn -0.33689648107710274 0.9238795472735782 0.18151403022200052
vn -0.33689648107710274 0.9238795472735782 0.18151403022200052
vn -0.33689648107710274 0.9238795472735782 0.18151403022200052
vn -0.33689619187523157 0.9238796378320631 0.1815141060613839
vn -0.33689619187523157 0.9238796378320631 0.1815141060613839
vn -0.33689619187523157 0.9238796378320631 0.1815141060613839
vn -0.32326517701326213 -0.9238796027491686 0.2048074826626773
vn -0.32326517701326213 -0.9238796027491686 0.2048074826626773
vn -0.32326517701326213 -0.9238796027491686 0.2048074826626773
vn -0.3232651429347317 -0.9238796437667428 0.20480735142280368
vn -0.3232651429347317 -0.9238796437667428 0.20480735142280368
vn -0.3232651429347317 -0.9238796437667428 0.20480735142280368
vn -0.7804313526221262 -0.38268425774059234 0.4944488474270421
vn -0.7804313526221262 -0.38268425774059234 0.4944488474270421
vn -0.7804313526221262 -0.38268425774059234 0.4944488474270421
vn -0.7804313307780111 -0.38268406070522326 0.49444903440316634
vn -0.7804313307780111 -0.38268406070522326 0.49444903440316634
vn -0.7804313307780111 -0.38268406070522326 0.49444903440316634
vn -0.8447330227347775 2.1592044423751724e-18 0.5351879298913289
vn -0.8447330227347775 2.1592044423751724e-18 0.5351879298913289
vn -0.8447330227347775 2.1592044423751724e-18 0.5351879298913289
vn -0.8447330227347775 2.1592044423751724e-18 0.5351879298913289
vn -0.8447330227347775 2.1592044423751724e-18 0.5351879298913289
vn -0.8447330227347775 2.1592044423751724e-18 0.5351879298913289
vn -0.7804312513193167 0.38268428531487186 0.49444898598056725
vn -0.7804312513193167 0.38268428531487186 0.49444898598056725
vn -0.7804312513193167 0.38268428531487186 0.49444898598056725
vn -0.7804314122706342 0.38268408405310167 0.4944488877060014
vn -0.7804314122706342 0.38268408405310167 0.4944488877060014
vn -0.7804314122706342 0.38268408405310167 0.4944488877060014
vn -0.3232651429347317 0.9238796437667428 0.20480735142280368
vn -0.3232651429347317 0.9238796437667428 0.20480735142280368
vn -0.3232651429347317 0.9238796437667428 0.20480735142280368
vn -0.32326500865049046 0.9238796852820126 0.20480737610107652
vn -0.32326500865049046 0.9238796852820126 0.20480737610107652
vn -0.32326500865049046 0.9238796852820126 0.20480737610107652
vn -0.3080261403576984 -0.923879644916229 0.22708214056988732
vn -0.3080261403576984 -0.923879644916229 0.22708214056988732
vn -0.3080261403576984 -0.923879644916229 0.22708214056988732
vn -0.30802617013939304 -0.9238796015996822 0.22708227640498535
vn -0.30802617013939304 -0.9238796015996822 0.22708227640498535
vn -0.30802617013939304 -0.9238796015996822 0.22708227640498535
vn -0.7436410719095923 -0.3826840586152426 0.548225197752637
vn -0.7436410719095923 -0.3826840586152426 0.548225197752637
vn -0.7436410719095923 -0.3826840586152426 0.548225197752637
vn -0.7436411051833757 -0.38268425987701793 0.5482250121291683
vn -0.7436411051833757 -0.38268425987701793 0.5482250121291683
vn -0.7436411051833757 -0.38268425987701793 0.5482250121291683
vn -0.8049116302470731 -2.1592044423751724e-18 0.5933946978976127
vn -0.8049116302470731 -2.1592044423751724e-18 0.5933946978976127
vn -0.8049116302470731 -2.1592044423751724e-18 0.5933946978976127
vn -0.8049116302470731 -2.1592044423751724e-18 0.5933946978976127
vn -0.8049116302470731 -2.1592044423751724e-18 0.5933946978976127
vn -0.8049116302470731 -2.1592044423751724e-18 0.5933946978976127
vn -0.7436411621453332 0.38268408614308247 0.5482250561365947
vn -0.7436411621453332 0.38268408614308247 0.5482250561365947
vn -0.7436411621453332 0.38268408614308247 0.5482250561365947
vn -0.7436409979853678 0.3826842832248903 0.5482251412403283
vn -0.7436409979853678 0.3826842832248903 0.5482251412403283
vn -0.7436409979853678 0.3826842832248903 0.5482251412403283
vn -0.3080260098122593 0.9238796841325267 0.22708215809772606
vn -0.3080260098122593 0.9238796841325267 0.22708215809772606
vn -0.3080260098122593 0.9238796841325267 0.22708215809772606
vn -0.30802616144381034 0.9238796343860755 0.22708215480931804
vn -0.30802616144381034 0.9238796343860755 0.22708215480931804
vn -0.30802616144381034 0.9238796343860755 0.22708215480931804
vn -0.2912552465226556 -0.9238796059814227 0.24822742601219133
vn -0.2912552465226556 -0.9238796059814227 0.24822742601219133
vn -0.2912552465226556 -0.9238796059814227 0.24822742601219133
vn -0.29125529667062094 -0.9238795066940235 0.24822773670989345
vn -0.29125529667062094 -0.9238795066940235 0.24822773670989345
vn -0.29125529667062094 -0.9238795066940235 0.24822773670989345
vn -0.703152125618352 -0.38268422440736877 0.5992744551773622
vn -0.703152125618352 -0.38268422440736877 0.5992744551773622
vn -0.703152125618352 -0.38268422440736877 0.5992744551773622
vn -0.7031517055831428 -0.38268250254421 0.5992760475624052
vn -0.7031517055831428 -0.38268250254421 0.5992760475624052
vn -0.7031517055831428 -0.38268250254421 0.5992760475624052
vn -0.7610856090636482 -6.466984741361503e-18 0.648651443902051
vn -0.7610856090636482 -6.466984741361503e-18 0.648651443902051
vn -0.7610856090636482 -6.466984741361503e-18 0.648651443902051
vn -0.7610856090636482 -6.466984741361503e-18 0.648651443902051
vn -0.7610856090636482 -6.466984741361503e-18 0.648651443902051
vn -0.7610856090636482 -6.466984741361503e-18 0.648651443902051
vn -0.7031511560660817 0.38268425790581656 0.5992755713976727
vn -0.7031511560660817 0.38268425790581656 0.5992755713976727
vn -0.7031511560660817 0.38268425790581656 0.5992755713976727
vn -0.7031526718341279 0.38268249476185134 0.5992749187938476
vn -0.7031526718341279 0.38268249476185134 0.5992749187938476
vn -0.7031526718341279 0.38268249476185134 0.5992749187938476
vn -0.291255070981275 0.9238796301815432 0.24822754191126256
vn -0.291255070981275 0.9238796301815432 0.24822754191126256
vn -0.291255070981275 0.9238796301815432 0.24822754191126256
vn -0.2912553977734595 0.9238795251005347 0.24822754957464804
vn -0.2912553977734595 0.9238795251005347 0.24822754957464804
vn -0.2912553977734595 0.9238795251005347 0.24822754957464804
vn -0.27303532579480977 -0.9238795017938289 0.26813872721654486
vn -0.27303532579480977 -0.9238795017938289 0.26813872721654486
vn -0.27303532579480977 -0.9238795017938289 0.26813872721654486
vn -0.27303526881796863 -0.9238797523365233 0.2681379219806546
vn -0.27303526881796863 -0.9238797523365233 0.2681379219806546
vn -0.27303526881796863 -0.9238797523365233 0.2681379219806546
vn -0.6591666475968326 -0.3826825047516872 0.6473433642611378
vn -0.6591666475968326 -0.3826825047516872 0.6473433642611378
vn -0.6591666475968326 -0.3826825047516872 0.6473433642611378
vn -0.6591668595377095 -0.38268324360588973 0.64734271166861
vn -0.6591668595377095 -0.38268324360588973 0.64734271166861
vn -0.6591668595377095 -0.38268324360588973 0.64734271166861
vn -0.7134770093626704 -1.0742332961895684e-17 0.7006786403986494
vn -0.7134770093626704 -1.0742332961895684e-17 0.7006786403986494
vn -0.7134770093626704 -1.0742332961895684e-17 0.7006786403986494
vn -0.7134770093626704 -1.0742332961895684e-17 0.7006786403986494
vn -0.7134770093626704 -1.0742332961895684e-17 0.7006786403986494
vn -0.7134770093626704 -1.0742332961895684e-17 0.7006786403986494
vn -0.6591670597117655 0.3826825511046582 0.6473429172169697
vn -0.6591670597117655 0.3826825511046582 0.6473429172169697
vn -0.6591670597117655 0.3826825511046582 0.6473429172169697
vn -0.6591664148638542 0.3826832726423312 0.6473431472992424
vn -0.6591664148638542 0.3826832726423312 0.6473431472992424
vn -0.6591664148638542 0.3826832726423312 0.6473431472992424
vn -0.2730356063028292 0.9238795546316763 0.2681382595312015
vn -0.2730356063028292 0.9238795546316763 0.2681382595312015
vn -0.2730356063028292 0.9238795546316763 0.2681382595312015
vn -0.2730348077063393 0.9238798022534139 0.2681382195229826
vn -0.2730348077063393 0.9238798022534139 0.2681382195229826
vn -0.2730348077063393 0.9238798022534139 0.2681382195229826
vn -0.2534574443825084 -0.9238797593869231 0.28671503986057056
vn -0.2534574443825084 -0.9238797593869231 0.28671503986057056
vn -0.2534574443825084 -0.9238797593869231 0.28671503986057056
vn -0.2534574629760547 -0.9238795821852257 0.2867155944189196
vn -0.2534574629760547 -0.9238795821852257 0.2867155944189196
vn -0.2534574629760547 -0.9238795821852257 0.2867155944189196
vn -0.6119006779642283 -0.3826832485449723 0.6921929583504766
vn -0.6119006779642283 -0.3826832485449723 0.6921929583504766
vn -0.6119006779642283 -0.3826832485449723 0.6921929583504766
vn -0.6119006674824635 -0.38268316836874616 0.6921930119423148
vn -0.6119006674824635 -0.38268316836874616 0.6921930119423148
vn -0.6119006674824635 -0.38268316836874616 0.6921930119423148
vn -0.6623164127830304 -1.4964539418965252e-17 0.749224245041642
vn -0.6623164127830304 -1.4964539418965252e-17 0.749224245041642
vn -0.6623164127830304 -1.4964539418965252e-17 0.749224245041642
vn -0.6623164127830304 -1.4964539418965252e-17 0.749224245041642
vn -0.6623164127830304 -1.4964539418965252e-17 0.749224245041642
vn -0.6623164127830304 -1.4964539418965252e-17 0.749224245041642
vn -0.6119006395679261 0.3826832701202594 0.6921929803648892
vn -0.6119006395679261 0.3826832701202594 0.6921929803648892
vn -0.6119006395679261 0.3826832701202594 0.6921929803648892
vn -0.6119006919214982 0.38268319766921544 0.692192974139189
vn -0.6119006919214982 0.38268319766921544 0.692192974139189
vn -0.6119006919214982 0.38268319766921544 0.692192974139189
vn -0.253457128580517 0.9238797908762021 0.2867152175631146
vn -0.253457128580517 0.9238797908762021 0.2867152175631146
vn -0.253457128580517 0.9238797908762021 0.2867152175631146
vn -0.25345765942796455 0.9238796218147781 0.28671529305685894
vn -0.25345765942796455 0.9238796218147781 0.28671529305685894
vn -0.25345765942796455 0.9238796218147781 0.28671529305685894
vn -0.23261927443408023 -0.9238795788975724 0.30386641284914406
vn -0.23261927443408023 -0.9238795788975724 0.30386641284914406
vn -0.23261927443408023 -0.9238795788975724 0.30386641284914406
vn -0.23261928808743598 -0.9238796349234163 0.3038662320552736
vn -0.23261928808743598 -0.9238796349234163 0.3038662320552736
vn -0.23261928808743598 -0.9238796349234163 0.3038662320552736
vn -0.5615930375237509 -0.38268321512654385 0.7335985394377896
vn -0.5615930375237509 -0.38268321512654385 0.7335985394377896
vn -0.5615930375237509 -0.38268321512654385 0.7335985394377896
vn -0.5615926605459097 -0.38268224026074055 0.7335993365659401
vn -0.5615926605459097 -0.38268224026074055 0.7335993365659401
vn -0.5615926605459097 -0.38268224026074055 0.7335993365659401
vn -0.6078631878692283 -1.9112179592627584e-17 0.7940417777632732
vn -0.6078631878692283 -1.9112179592627584e-17 0.7940417777632732
vn -0.6078631878692283 -1.9112179592627584e-17 0.7940417777632732
vn -0.6078631878692283 -1.9112179592627584e-17 0.7940417777632732
vn -0.6078631878692283 -1.9112179592627584e-17 0.7940417777632732
vn -0.6078631878692283 -1.9112179592627584e-17 0.7940417777632732
vn -0.5615923907028889 0.38268325844816675 0.7335990120004985
vn -0.5615923907028889 0.38268325844816675 0.7335990120004985
vn -0.5615923907028889 0.38268325844816675 0.7335990120004985
vn -0.5615932899927996 0.3826822965621583 0.7335988253350573
vn -0.5615932899927996 0.3826822965621583 0.7335988253350573
vn -0.5615932899927996 0.3826822965621583 0.7335988253350573
vn -0.2326193013360467 0.923879623268728 0.30386625734813466
vn -0.2326193013360467 0.923879623268728 0.30386625734813466
vn -0.2326193013360467 0.923879623268728 0.30386625734813466
vn -0.23261913400462442 0.9238796738272086 0.30386623172683974
vn -0.23261913400462442 0.9238796738272086 0.30386623172683974
vn -0.23261913400462442 0.9238796738272086 0.30386623172683974
vn -0.21062382186659626 -0.9238796380981168 0.319505899742088
vn -0.21062382186659626 -0.9238796380981168 0.319505899742088
vn -0.21062382186659626 -0.9238796380981168 0.319505899742088
vn -0.21062377533486232 -0.9238795162781039 0.3195062826697253
vn -0.21062377533486232 -0.9238795162781039 0.3195062826697253
vn -0.21062377533486232 -0.9238795162781039 0.3195062826697253
vn -0.5084910085746989 -0.3826822632765112 0.771356713571777
vn -0.5084910085746989 -0.3826822632765112 0.771356713571777
vn -0.5084910085746989 -0.3826822632765112 0.771356713571777
vn -0.5084912838773773 -0.38268289271588707 0.7713562198124401
vn -0.5084912838773773 -0.38268289271588707 0.7713562198124401
vn -0.5084912838773773 -0.38268289271588707 0.7713562198124401
vn -0.5503868659685933 -2.3164743206204106e-17 0.8349097542664535
vn -0.5503868659685933 -2.3164743206204106e-17 0.8349097542664535
vn -0.5503868659685933 -2.3164743206204106e-17 0.8349097542664535
vn -0.5503868659685933 -2.3164743206204106e-17 0.8349097542664535
vn -0.5503868659685933 -2.3164743206204106e-17 0.8349097542664535
vn -0.5503868659685933 -2.3164743206204106e-17 0.8349097542664535
vn -0.5084914207847546 0.38268231940876185 0.7713564139878738
vn -0.5084914207847546 0.38268231940876185 0.7713564139878738
vn -0.5084914207847546 0.38268231940876185 0.7713564139878738
vn -0.5084908251967181 0.38268295784240564 0.771356489872062
vn -0.5084908251967181 0.38268295784240564 0.771356489872062
vn -0.5084908251967181 0.38268295784240564 0.771356489872062
vn -0.210623583114862 0.9238796696851933 0.3195059657944356
vn -0.210623583114862 0.9238796696851933 0.3195059657944356
vn -0.210623583114862 0.9238796696851933 0.3195059657944356
vn -0.2106239233639903 0.9238795608822145 0.319506056109812
vn -0.2106239233639903 0.9238795608822145 0.319506056109812
vn -0.2106239233639903 0.9238795608822145 0.319506056109812
vn -0.18758066824549788 -0.9238795068316795 0.3335568163851927
vn -0.18758066824549788 -0.9238795068316795 0.3335568163851927
vn -0.18758066824549788 -0.9238795068316795 0.3335568163851927
vn -0.18758074748812797 -0.9238796274955687 0.3335564376090565
vn -0.18758074748812797 -0.9238796274955687 0.3335564376090565
vn -0.18758074748812797 -0.9238796274955687 0.3335564376090565
vn -0.45286040638658737 -0.3826828571945052 0.8052771467866356
vn -0.45286040638658737 -0.3826828571945052 0.8052771467866356
vn -0.45286040638658737 -0.3826828571945052 0.8052771467866356
vn -0.45286073969194524 -0.3826835101011027 0.805276649073077
vn -0.45286073969194524 -0.3826835101011027 0.805276649073077
vn -0.45286073969194524 -0.3826835101011027 0.805276649073077
vn -0.49017291592948153 -2.7102099261015485e-17 0.871625213316589
vn -0.49017291592948153 -2.7102099261015485e-17 0.871625213316589
vn -0.49017291592948153 -2.7102099261015485e-17 0.871625213316589
vn -0.49017291592948153 -2.7102099261015485e-17 0.871625213316589
vn -0.49017291592948153 -2.7102099261015485e-17 0.871625213316589
vn -0.49017291592948153 -2.7102099261015485e-17 0.871625213316589
vn -0.4528608340968851 0.3826829259984291 0.8052768735598672
vn -0.4528608340968851 0.3826829259984291 0.8052768735598672
vn -0.4528608340968851 0.3826829259984291 0.8052768735598672
vn -0.4528602696555783 0.38268353650763076 0.8052769008567734
vn -0.4528602696555783 0.38268353650763076 0.8052769008567734
vn -0.4528602696555783 0.38268353650763076 0.8052769008567734
vn -0.18758083566139325 0.9238795621972965 0.3335565688855568
vn -0.18758083566139325 0.9238795621972965 0.3335565688855568
vn -0.18758083566139325 0.9238795621972965 0.3335565688855568
vn -0.1875804579700783 0.9238796861615104 0.33355643793194134
vn -0.1875804579700783 0.9238796861615104 0.33355643793194134
vn -0.1875804579700783 0.9238796861615104 0.33355643793194134
vn -0.16360486428106108 -0.9238796411367514 0.3459477663992112
vn -0.16360486428106108 -0.9238796411367514 0.3459477663992112
vn -0.16360486428106108 -0.9238796411367514 0.3459477663992112
vn -0.16360479288224972 -0.9238795170408416 0.3459481315722595
vn -0.16360479288224972 -0.9238795170408416 0.3459481315722595
vn -0.16360479288224972 -0.9238795170408416 0.3459481315722595
vn -0.3949768750973454 -0.3826834819769437 0.8351925650772629
vn -0.3949768750973454 -0.3826834819769437 0.8351925650772629
vn -0.3949768750973454 -0.3826834819769437 0.8351925650772629
vn -0.39497690621638615 -0.3826835689265764 0.8351925105203891
vn -0.39497690621638615 -0.3826835689265764 0.8351925105203891
vn -0.39497690621638615 -0.3826835689265764 0.8351925105203891
vn -0.42751990893824166 -3.0904721153299034e-17 0.9040059333109697
vn -0.42751990893824166 -3.0904721153299034e-17 0.9040059333109697
vn -0.42751990893824166 -3.0904721153299034e-17 0.9040059333109697
vn -0.42751990893824166 -3.0904721153299034e-17 0.9040059333109697
vn -0.42751990893824166 -3.0904721153299034e-17 0.9040059333109697
vn -0.42751990893824166 -3.0904721153299034e-17 0.9040059333109697
vn -0.3949768884045388 0.38268353817069606 0.8351925330362011
vn -0.3949768884045388 0.38268353817069606 0.8351925330362011
vn -0.3949768884045388 0.38268353817069606 0.8351925330362011
vn -0.39497682215707586 0.3826836273587236 0.8351925234999815
vn -0.39497682215707586 0.3826836273587236 0.8351925234999815
vn -0.39497682215707586 0.3826836273587236 0.8351925234999815
vn -0.1636046055219399 0.9238796869490713 0.3459477664256509
vn -0.1636046055219399 0.9238796869490713 0.3459477664256509
vn -0.1636046055219399 0.9238796869490713 0.3459477664256509
vn -0.16360493491278938 0.9238795709727946 0.3459479203743058
vn -0.16360493491278938 0.9238795709727946 0.3459479203743058
vn -0.16360493491278938 0.9238795709727946 0.3459479203743058
vn -0.13881501212262382 -0.9238795158819085 0.3566188897733912
vn -0.13881501212262382 -0.9238795158819085 0.3566188897733912
vn -0.13881501212262382 -0.9238795158819085 0.3566188897733912
vn -0.13881507308538113 -0.9238795806566704 0.3566186982337787
vn -0.13881507308538113 -0.9238795806566704 0.3566186982337787
vn -0.13881507308538113 -0.9238795806566704 0.3566186982337787
vn -0.3351293269116602 -0.3826836344469317 0.8609538722662351
vn -0.3351293269116602 -0.3826836344469317 0.8609538722662351
vn -0.3351293269116602 -0.3826836344469317 0.8609538722662351
vn -0.3351290494435454 -0.3826831361580584 0.8609542017548312
vn -0.3351290494435454 -0.3826831361580584 0.8609542017548312
vn -0.3351290494435454 -0.3826831361580584 0.8609542017548312
vn -0.36274098181707487 -3.455359760024304e-17 0.9318900042979238
vn -0.36274098181707487 -3.455359760024304e-17 0.9318900042979238
vn -0.36274098181707487 -3.455359760024304e-17 0.9318900042979238
vn -0.36274098181707487 -3.455359760024304e-17 0.9318900042979238
vn -0.36274098181707487 -3.455359760024304e-17 0.9318900042979238
vn -0.36274098181707487 -3.455359760024304e-17 0.9318900042979238
vn -0.3351289228405193 0.3826836581242036 0.8609540190279799
vn -0.3351289228405193 0.3826836581242036 0.8609540190279799
vn -0.3351289228405193 0.3826836581242036 0.8609540190279799
vn -0.33512940180111556 0.3826831514647427 0.8609540577948624
vn -0.33512940180111556 0.3826831514647427 0.8609540577948624
vn -0.33512940180111556 0.3826831514647427 0.8609540577948624
vn -0.13881508751476795 0.9238795689849534 0.3566187228545972
vn -0.13881508751476795 0.9238795689849534 0.3566187228545972
vn -0.13881508751476795 0.9238795689849534 0.3566187228545972
vn -0.13881490798068893 0.9238796356322728 0.356618620077937
vn -0.13881490798068893 0.9238796356322728 0.356618620077937
vn -0.13881490798068893 0.9238796356322728 0.356618620077937
vn -0.11333485700349379 -0.9238795866581797 0.3655156898743321
vn -0.11333485700349379 -0.9238795866581797 0.3655156898743321
vn -0.11333485700349379 -0.9238795866581797 0.3655156898743321
vn -0.11333477223049206 -0.9238795271338525 0.3655158666137377
vn -0.11333477223049206 -0.9238795271338525 0.3655158666137377
vn -0.11333477223049206 -0.9238795271338525 0.3655158666137377
vn -0.27361436621062674 -0.3826831392054987 0.8824334499388508
vn -0.27361436621062674 -0.3826831392054987 0.8824334499388508
vn -0.27361436621062674 -0.3826831392054987 0.8824334499388508
vn -0.27361461860118064 -0.3826834768698691 0.8824332252462612
vn -0.27361461860118064 -0.3826834768698691 0.8824332252462612
vn -0.27361461860118064 -0.3826834768698691 0.8824332252462612
vn -0.2961583513797741 -3.803058106738458e-17 0.955138854255241
vn -0.2961583513797741 -3.803058106738458e-17 0.955138854255241
vn -0.2961583513797741 -3.803058106738458e-17 0.955138854255241
vn -0.2961583513797741 -3.803058106738458e-17 0.955138854255241
vn -0.2961583513797741 -3.803058106738458e-17 0.955138854255241
vn -0.2961583513797741 -3.803058106738458e-17 0.955138854255241
vn -0.2736146441781053 0.38268319288657354 0.8824333404702172
vn -0.2736146441781053 0.38268319288657354 0.8824333404702172
vn -0.2736146441781053 0.38268319288657354 0.8824333404702172
vn -0.273614333779984 0.38268355454485004 0.882433279875059
vn -0.273614333779984 0.38268355454485004 0.882433279875059
vn -0.273614333779984 0.38268355454485004 0.882433279875059
vn -0.11333470639734869 0.9238796268610547 0.36551563495547623
vn -0.11333470639734869 0.9238796268610547 0.36551563495547623
vn -0.11333470639734869 0.9238796268610547 0.36551563495547623
vn -0.11333490130944976 0.9238795520676792 0.3655157635675942
vn -0.11333490130944976 0.9238795520676792 0.3655157635675942
vn -0.11333490130944976 0.9238795520676792 0.3655157635675942
vn -0.0872910657305094 -0.9238795212057852 0.3725948203346378
vn -0.0872910657305094 -0.9238795212057852 0.3725948203346378
vn -0.0872910657305094 -0.9238795212057852 0.3725948203346378
vn -0.08729103709440995 -0.9238794920995771 0.3725948992146965
vn -0.08729103709440995 -0.9238794920995771 0.3725948992146965
vn -0.08729103709440995 -0.9238794920995771 0.3725948992146965
vn -0.2107391068256468 -0.38268355426163964 0.8995233883296236
vn -0.2107391068256468 -0.38268355426163964 0.8995233883296236
vn -0.2107391068256468 -0.38268355426163964 0.8995233883296236
vn -0.21073903587075843 -0.38268339863237366 0.8995234711620586
vn -0.21073903587075843 -0.38268339863237366 0.8995234711620586
vn -0.21073903587075843 -0.38268339863237366 0.8995234711620586
vn -0.22810229088692682 -4.131843199069026e-17 0.9736371731256647
vn -0.22810229088692682 -4.131843199069026e-17 0.9736371731256647
vn -0.22810229088692682 -4.131843199069026e-17 0.9736371731256647
vn -0.22810229088692682 -4.131843199069026e-17 0.9736371731256647
vn -0.22810229088692682 -4.131843199069026e-17 0.9736371731256647
vn -0.22810229088692682 -4.131843199069026e-17 0.9736371731256647
vn -0.21073902230689975 0.382683581032125 0.8995233967416084
vn -0.21073902230689975 0.382683581032125 0.8995233967416084
vn -0.21073902230689975 0.382683581032125 0.8995233967416084
vn -0.21073915706867402 0.38268343695758233 0.8995234264633228
vn -0.21073915706867402 0.38268343695758233 0.8995234264633228
vn -0.21073915706867402 0.38268343695758233 0.8995234264633228
vn -0.08729098933703772 0.9238795532635307 0.3725947587421757
vn -0.08729098933703772 0.9238795532635307 0.3725947587421757
vn -0.08729098933703772 0.9238795532635307 0.3725947587421757
vn -0.08729108959269974 0.9238795134295008 0.3725948340261682
vn -0.08729108959269974 0.9238795134295008 0.3725948340261682
vn -0.08729108959269974 0.9238795134295008 0.3725948340261682
vn -0.06081307132375615 -0.9238795045656115 0.3778206338989072
vn -0.06081307132375615 -0.9238795045656115 0.3778206338989072
vn -0.06081307132375615 -0.9238795045656115 0.3778206338989072
vn -0.06081313010421791 -0.9238795125905314 0.3778206048145198
vn -0.06081313010421791 -0.9238795125905314 0.3778206048145198
vn -0.06081313010421791 -0.9238795125905314 0.3778206048145198
vn -0.146815861044061 -0.38268337117508017 0.9121395399674147
vn -0.146815861044061 -0.38268337117508017 0.9121395399674147
vn -0.146815861044061 -0.38268337117508017 0.9121395399674147
vn -0.14681559127211105 -0.38268309485376983 0.912139699318345
vn -0.14681559127211105 -0.38268309485376983 0.912139699318345
vn -0.14681559127211105 -0.38268309485376983 0.912139699318345
vn -0.15891206144428624 -4.4400756322638045e-17 0.9872927411500236
vn -0.15891206144428624 -4.4400756322638045e-17 0.9872927411500236
vn -0.15891206144428624 -4.4400756322638045e-17 0.9872927411500236
vn -0.15891206144428624 -4.4400756322638045e-17 0.9872927411500236
vn -0.15891206144428624 -4.4400756322638045e-17 0.9872927411500236
vn -0.15891206144428624 -4.4400756322638045e-17 0.9872927411500236
vn -0.14681556463612502 0.3826834342551924 0.9121395612115657
vn -0.14681556463612502 0.3826834342551924 0.9121395612115657
vn -0.14681556463612502 0.3826834342551924 0.9121395612115657
vn -0.14681583903033477 0.38268312259893683 0.9121396477994724
vn -0.14681583903033477 0.38268312259893683 0.9121396477994724
vn -0.14681583903033477 0.38268312259893683 0.9121396477994724
vn -0.06081309584733915 0.9238795434714553 0.37782053481572136
vn -0.06081309584733915 0.9238795434714553 0.37782053481572136
vn -0.06081309584733915 0.9238795434714553 0.37782053481572136
vn -0.06081304081997229 0.923879572879301 0.3778204717621699
vn -0.06081304081997229 0.923879572879301 0.3778204717621699
vn -0.06081304081997229 0.923879572879301 0.3778204717621699
vn -0.03403226962530861 -0.923879514731746 0.3811672164328718
vn -0.03403226962530861 -0.923879514731746 0.3811672164328718
vn -0.03403226962530861 -0.923879514731746 0.3811672164328718
vn -0.03403240476914424 -0.9238795885228427 0.3811670255104603
vn -0.03403240476914424 -0.9238795885228427 0.3811670255104603
vn -0.03403240476914424 -0.9238795885228427 0.3811670255104603
vn -0.08216157064252297 -0.38268313309794366 0.9202190478097566
vn -0.08216157064252297 -0.38268313309794366 0.9202190478097566
vn -0.08216157064252297 -0.38268313309794366 0.9202190478097566
vn -0.08216160497890691 -0.3826832256771217 0.920219006243972
vn -0.08216160497890691 -0.3826832256771217 0.920219006243972
vn -0.08216160497890691 -0.3826832256771217 0.920219006243972
vn -0.08893108390812003 -4.726225505278341e-17 0.99603778157002
vn -0.08893108390812003 -4.726225505278341e-17 0.99603778157002
vn -0.08893108390812003 -4.726225505278341e-17 0.99603778157002
vn -0.08893108390812003 -4.726225505278341e-17 0.99603778157002
vn -0.08893108390812003 -4.726225505278341e-17 0.99603778157002
vn -0.08893108390812003 -4.726225505278341e-17 0.99603778157002
vn -0.0821616531701739 0.3826831614028186 0.9202190286703965
vn -0.0821616531701739 0.3826831614028186 0.9202190286703965
vn -0.0821616531701739 0.3826831614028186 0.9202190286703965
vn -0.08216152057717517 0.38268324824800276 0.9202190043934129
vn -0.08216152057717517 0.38268324824800276 0.9202190043934129
vn -0.08216152057717517 0.38268324824800276 0.9202190043934129
vn -0.03403243634218702 0.9238795669915233 0.38116707487946894
vn -0.03403243634218702 0.9238795669915233 0.38116707487946894
vn -0.03403243634218702 0.9238795669915233 0.38116707487946894
vn -0.03403224461914452 0.9238796407969903 0.38116691310632783
vn -0.03403224461914452 0.9238796407969903 0.38116691310632783
vn -0.03403224461914452 0.9238796407969903 0.38116691310632783
vn -0.00708274054551252 -0.923879610905365 0.3826176934483252
vn -0.00708274054551252 -0.923879610905365 0.3826176934483252
vn -0.00708274054551252 -0.923879610905365 0.3826176934483252
vn -0.007082518672275971 -0.9238795081797485 0.3826179455995272
vn -0.007082518672275971 -0.9238795081797485 0.3826179455995272
vn -0.007082518672275971 -0.9238795081797485 0.3826179455995272
vn -0.01709865656461678 -0.38268321112670695 0.9237213843283252
vn -0.01709865656461678 -0.38268321112670695 0.9237213843283252
vn -0.01709865656461678 -0.38268321112670695 0.9237213843283252
vn -0.01709873943995757 -0.3826832415152244 0.9237213702047631
vn -0.01709873943995757 -0.3826832415152244 0.9237213702047631
vn -0.01709873943995757 -0.3826832415152244 0.9237213702047631
vn -0.018507535530612997 -4.988868859737182e-17 0.9998287208960258
vn -0.018507535530612997 -4.988868859737182e-17 0.9998287208960258
vn -0.018507535530612997 -4.988868859737182e-17 0.9998287208960258
vn -0.018507535530612997 -4.988868859737182e-17 0.9998287208960258
vn -0.018507535530612997 -4.988868859737182e-17 0.9998287208960258
vn -0.018507535530612997 -4.988868859737182e-17 0.9998287208960258
vn -0.01709873943995757 0.3826832415152244 0.9237213702047631
vn -0.01709873943995757 0.3826832415152244 0.9237213702047631
vn -0.01709873943995757 0.3826832415152244 0.9237213702047631
vn -0.017098690402055073 0.38268330460978056 0.9237213449734031
vn -0.017098690402055073 0.38268330460978056 0.9237213449734031
vn -0.017098690402055073 0.38268330460978056 0.9237213449734031
vn -0.007082510357915222 0.9238796426111523 0.38261762115161335
vn -0.007082510357915222 0.9238796426111523 0.38261762115161335
vn -0.007082510357915222 0.9238796426111523 0.38261762115161335
vn -0.00708273473686494 0.9238795525640814 0.3826178344283495
vn -0.00708273473686494 0.9238795525640814 0.3826178344283495
vn -0.00708273473686494 0.9238795525640814 0.3826178344283495
vn 0.019902473584771613 -0.9238795145697103 0.38216558466670447
vn 0.019902473584771613 -0.9238795145697103 0.38216558466670447
vn 0.019902473584771613 -0.9238795145697103 0.38216558466670447
vn 0.019902323255019675 -0.9238795662841395 0.3821654674766979
vn 0.019902323255019675 -0.9238795662841395 0.3821654674766979
vn 0.019902323255019675 -0.9238795662841395 0.3821654674766979
vn 0.048048501035852044 -0.3826832131829405 0.9226293404700435
vn 0.048048501035852044 -0.3826832131829405 0.9226293404700435
vn 0.048048501035852044 -0.3826832131829405 0.9226293404700435
vn 0.04804864297573309 -0.38268304104723716 0.9226294044756155
vn 0.04804864297573309 -0.38268304104723716 0.9226294044756155
vn 0.04804864297573309 -0.38268304104723716 0.9226294044756155
vn 0.05200745445354765 -5.226696624543418e-17 0.9986466966256196
vn 0.05200745445354765 -5.226696624543418e-17 0.9986466966256196
vn 0.05200745445354765 -5.226696624543418e-17 0.9986466966256196
vn 0.05200745445354765 -5.226696624543418e-17 0.9986466966256196
vn 0.05200745445354765 -5.226696624543418e-17 0.9986466966256196
vn 0.05200745445354765 -5.226696624543418e-17 0.9986466966256196
vn 0.048048632481155665 0.3826832680273526 0.9226293108765817
vn 0.048048632481155665 0.3826832680273526 0.9226293108765817
vn 0.048048632481155665 0.3826832680273526 0.9226293108765817
vn 0.048048452655558245 0.3826831004531259 0.9226293897470368
vn 0.048048452655558245 0.3826831004531259 0.9226293897470368
vn 0.048048452655558245 0.3826831004531259 0.9226293897470368
vn 0.019902339888927405 0.9238795572901696 0.38216548835323394
vn 0.019902339888927405 0.9238795572901696 0.38216548835323394
vn 0.019902339888927405 0.9238795572901696 0.38216548835323394
vn 0.019902453816135125 0.92387961694189 0.3821653382129299
vn 0.019902453816135125 0.92387961694189 0.3821653382129299
vn 0.019902453816135125 0.92387961694189 0.3821653382129299
vn 0.046788579751677974 -0.9238795766727359 0.3798122649570803
vn 0.046788579751677974 -0.9238795766727359 0.3798122649570803
vn 0.046788579751677974 -0.9238795766727359 0.3798122649570803
vn 0.04678862488015369 -0.9238795603765528 0.3798122990376322
vn 0.04678862488015369 -0.9238795603765528 0.3798122990376322
vn 0.04678862488015369 -0.9238795603765528 0.3798122990376322
vn 0.11295775720780776 -0.38268302816404876 0.9169483328093115
vn 0.11295775720780776 -0.38268302816404876 0.9169483328093115
vn 0.11295775720780776 -0.38268302816404876 0.9169483328093115
vn 0.11295673974854914 -0.3826841738843335 0.9169479799878747
vn 0.11295673974854914 -0.3826841738843335 0.9169479799878747
vn 0.11295673974854914 -0.3826841738843335 0.9169479799878747
vn 0.12226351127920494 -5.4385270581254596e-17 0.9924976744605902
vn 0.12226351127920494 -5.4385270581254596e-17 0.9924976744605902
vn 0.12226351127920494 -5.4385270581254596e-17 0.9924976744605902
vn 0.12226351127920494 -5.4385270581254596e-17 0.9924976744605902
vn 0.12226351127920494 -5.4385270581254596e-17 0.9924976744605902
vn 0.12226351127920494 -5.4385270581254596e-17 0.9924976744605902
vn 0.11295680085803154 0.38268309321102206 0.9169484234734051
vn 0.11295680085803154 0.38268309321102206 0.9169484234734051
vn 0.11295680085803154 0.38268309321102206 0.9169484234734051
vn 0.11295768884072824 0.38268423414740815 0.9169478379203327
vn 0.11295768884072824 0.38268423414740815 0.9169478379203327
vn 0.11295768884072824 0.38268423414740815 0.9169478379203327
vn 0.04678860264035833 0.9238796280018435 0.37981213728123286
vn 0.04678860264035833 0.9238796280018435 0.37981213728123286
vn 0.04678860264035833 0.9238796280018435 0.37981213728123286
vn 0.04678856930984142 0.9238796089601871 0.3798121877053315
vn 0.04678856930984142 0.9238796089601871 0.3798121877053315
vn 0.04678856930984142 0.9238796089601871 0.3798121877053315
vn 0.07344169075683385 -0.9238795593028716 0.3755700706407655
vn 0.07344169075683385 -0.9238795593028716 0.3755700706407655
vn 0.07344169075683385 -0.9238795593028716 0.3755700706407655
vn 0.07344193421502748 -0.9238794575903511 0.37557027323966197
vn 0.07344193421502748 -0.9238794575903511 0.37557027323966197
vn 0.07344193421502748 -0.9238794575903511 0.37557027323966197
vn 0.17730431854186646 -0.38268424084379943 0.9067060992605097
vn 0.17730431854186646 -0.38268424084379943 0.9067060992605097
vn 0.17730431854186646 -0.38268424084379943 0.9067060992605097
vn 0.1773042041556429 -0.3826843748761434 0.9067060650587871
vn 0.1773042041556429 -0.3826843748761434 0.9067060650587871
vn 0.1773042041556429 -0.3826843748761434 0.9067060650587871
vn 0.19191275905091537 -5.623310807793334e-17 0.9814119893874669
vn 0.19191275905091537 -5.623310807793334e-17 0.9814119893874669
vn 0.19191275905091537 -5.623310807793334e-17 0.9814119893874669
vn 0.19191275905091537 -5.623310807793334e-17 0.9814119893874669
vn 0.19191275905091537 -5.623310807793334e-17 0.9814119893874669
vn 0.19191275905091537 -5.623310807793334e-17 0.9814119893874669
vn 0.17730423693293632 0.38268425377178206 0.9067061097625645
vn 0.17730423693293632 0.38268425377178206 0.9067061097625645
vn 0.17730423693293632 0.38268425377178206 0.9067061097625645
vn 0.17730433275603252 0.38268444660163975 0.9067060096388107
vn 0.17730433275603252 0.38268444660163975 0.9067060096388107
vn 0.17730433275603252 0.38268444660163975 0.9067060096388107
vn 0.07344185761712092 0.9238796089828465 0.3755699158019042
vn 0.07344185761712092 0.9238796089828465 0.3755699158019042
vn 0.07344185761712092 0.9238796089828465 0.3755699158019042
vn 0.07344172164228388 0.9238795056132215 0.3755701966744523
vn 0.07344172164228388 0.9238795056132215 0.3755701966744523
vn 0.07344172164228388 0.9238795056132215 0.3755701966744523
vn 0.09972993407587238 -0.9238794816615126 0.36945993505937363
vn 0.09972993407587238 -0.9238794816615126 0.36945993505937363
vn 0.09972993407587238 -0.9238794816615126 0.36945993505937363
vn 0.09972975914315359 -0.9238795396354746 0.36945983730872844
vn 0.09972975914315359 -0.9238795396354746 0.36945983730872844
vn 0.09972975914315359 -0.9238795396354746 0.36945983730872844
vn 0.2407688114311958 -0.3826844148433537 0.8919546053908848
vn 0.2407688114311958 -0.3826844148433537 0.8919546053908848
vn 0.2407688114311958 -0.3826844148433537 0.8919546053908848
vn 0.24076877640850966 -0.38268448767932134 0.8919545835951315
vn 0.24076877640850966 -0.38268448767932134 0.8919545835951315
vn 0.24076877640850966 -0.38268448767932134 0.8919545835951315
vn 0.26060633910209025 -5.780122393548096e-17 0.9654451491513157
vn 0.26060633910209025 -5.780122393548096e-17 0.9654451491513157
vn 0.26060633910209025 -5.780122393548096e-17 0.9654451491513157
vn 0.26060633910209025 -5.780122393548096e-17 0.9654451491513157
vn 0.26060633910209025 -5.780122393548096e-17 0.9654451491513157
vn 0.26060633910209025 -5.780122393548096e-17 0.9654451491513157
vn 0.2407687312298683 0.38268447865652366 0.8919545996615209
vn 0.2407687312298683 0.38268447865652366 0.8919545996615209
vn 0.2407687312298683 0.38268447865652366 0.8919545996615209
vn 0.24076880609258342 0.38268453996497104 0.8919545531497389
vn 0.24076880609258342 0.38268453996497104 0.8919545531497389
vn 0.24076880609258342 0.38268453996497104 0.8919545531497389
vn 0.09972977117068671 0.9238795075364111 0.3694599143297161
vn 0.09972977117068671 0.9238795075364111 0.3694599143297161
vn 0.09972977117068671 0.9238795075364111 0.3694599143297161
vn 0.09972988995519953 0.923879582132276 0.3694596957296082
vn 0.09972988995519953 0.923879582132276 0.3694596957296082
vn 0.09972988995519953 0.923879582132276 0.3694596957296082
vn 0.12552172405198983 -0.9238795536635974 0.36151191835590707
vn 0.12552172405198983 -0.9238795536635974 0.36151191835590707
vn 0.12552172405198983 -0.9238795536635974 0.36151191835590707
vn 0.12552191400771054 -0.9238794820717365 0.3615120353607893
vn 0.12552191400771054 -0.9238794820717365 0.3615120353607893
vn 0.12552191400771054 -0.9238794820717365 0.3615120353607893
vn 0.3030364731800443 -0.3826845015406849 0.8727665599707392
vn 0.3030364731800443 -0.3826845015406849 0.8727665599707392
vn 0.3030364731800443 -0.3826845015406849 0.8727665599707392
vn 0.30303770145347836 -0.3826831834123849 0.8727667114591136
vn 0.30303770145347836 -0.3826831834123849 0.8727667114591136
vn 0.30303770145347836 -0.3826831834123849 0.8727667114591136
vn 0.32800561354279023 -5.90818911100632e-17 0.9446757737363743
vn 0.32800561354279023 -5.90818911100632e-17 0.9446757737363743
vn 0.32800561354279023 -5.90818911100632e-17 0.9446757737363743
vn 0.32800561354279023 -5.90818911100632e-17 0.9446757737363743
vn 0.32800561354279023 -5.90818911100632e-17 0.9446757737363743
vn 0.32800561354279023 -5.90818911100632e-17 0.9446757737363743
vn 0.30303750503737525 0.38268454900974835 0.8727661808811845
vn 0.30303750503737525 0.38268454900974835 0.8727661808811845
vn 0.30303750503737525 0.38268454900974835 0.8727661808811845
vn 0.30303661142913224 0.3826832552601957 0.8727670584279685
vn 0.30303661142913224 0.3826832552601957 0.8727670584279685
vn 0.30303661142913224 0.3826832552601957 0.8727670584279685
vn 0.12552183971373257 0.9238795783617126 0.3615118150781028
vn 0.12552183971373257 0.9238795783617126 0.3615118150781028
vn 0.12552183971373257 0.9238795783617126 0.3615118150781028
vn 0.12552175857355638 0.923879512358786 0.36151201192808724
vn 0.12552175857355638 0.923879512358786 0.36151201192808724
vn 0.12552175857355638 0.923879512358786 0.36151201192808724
vn 0.15068963722029463 -0.9238794864283887 0.35176601284267434
vn 0.15068963722029463 -0.9238794864283887 0.35176601284267434
vn 0.15068963722029463 -0.9238794864283887 0.35176601284267434
vn 0.1506893071593841 -0.923879593961884 0.3517658718077253
vn 0.1506893071593841 -0.923879593961884 0.3517658718077253
vn 0.1506893071593841 -0.923879593961884 0.3517658718077253
vn 0.3637963539151264 -0.3826832174570272 0.8492383457868572
vn 0.3637963539151264 -0.3826832174570272 0.8492383457868572
vn 0.3637963539151264 -0.3826832174570272 0.8492383457868572
vn 0.3637969015997288 -0.3826826397443232 0.8492383714981053
vn 0.3637969015997288 -0.3826826397443232 0.8492383714981053
vn 0.3637969015997288 -0.3826826397443232 0.8492383714981053
vn 0.39377079113684715 -6.00686386324662e-17 0.9192086618649009
vn 0.39377079113684715 -6.00686386324662e-17 0.9192086618649009
vn 0.39377079113684715 -6.00686386324662e-17 0.9192086618649009
vn 0.39377079113684715 -6.00686386324662e-17 0.9192086618649009
vn 0.39377079113684715 -6.00686386324662e-17 0.9192086618649009
vn 0.39377079113684715 -6.00686386324662e-17 0.9192086618649009
vn 0.363796801686517 0.3826832559554543 0.8492381366224631
vn 0.363796801686517 0.3826832559554543 0.8492381366224631
vn 0.363796801686517 0.3826832559554543 0.8492381366224631
vn 0.3637964489468782 0.3826826483789112 0.8492385615145749
vn 0.3637964489468782 0.3826826483789112 0.8492385615145749
vn 0.3637964489468782 0.3826826483789112 0.8492385615145749
vn 0.15068937453382203 0.9238795227773217 0.35176602990532463
vn 0.15068937453382203 0.9238795227773217 0.35176602990532463
vn 0.15068937453382203 0.9238795227773217 0.35176602990532463
vn 0.15068950124933178 0.9238796330348753 0.35176568604196107
vn 0.15068950124933178 0.9238796330348753 0.35176568604196107
vn 0.15068950124933178 0.9238796330348753 0.35176568604196107
vn 0.17510771782316412 -0.9238795861499224 0.34027018302256745
vn 0.17510771782316412 -0.9238795861499224 0.34027018302256745
vn 0.17510771782316412 -0.9238795861499224 0.34027018302256745
vn 0.17510775440895557 -0.923879576842051 0.3402701894671431
vn 0.17510775440895557 -0.923879576842051 0.3402701894671431
vn 0.17510775440895557 -0.923879576842051 0.3402701894671431
vn 0.42274778642166255 -0.38268261214088795 0.8214854395791875
vn 0.42274778642166255 -0.38268261214088795 0.8214854395791875
vn 0.42274778642166255 -0.38268261214088795 0.8214854395791875
vn 0.4227472229578699 -0.3826832260387238 0.8214854435654987
vn 0.4227472229578699 -0.3826832260387238 0.8214854435654987
vn 0.4227472229578699 -0.3826832260387238 0.8214854435654987
vn 0.45757825080003706 -6.075664117087964e-17 0.8891693564191124
vn 0.45757825080003706 -6.075664117087964e-17 0.8891693564191124
vn 0.45757825080003706 -6.075664117087964e-17 0.8891693564191124
vn 0.45757825080003706 -6.075664117087964e-17 0.8891693564191124
vn 0.45757825080003706 -6.075664117087964e-17 0.8891693564191124
vn 0.45757825080003706 -6.075664117087964e-17 0.8891693564191124
vn 0.4227473307449045 0.3826826577693142 0.8214856528209561
vn 0.4227473307449045 0.3826826577693142 0.8214856528209561
vn 0.4227473307449045 0.3826826577693142 0.8214856528209561
vn 0.42274766012527343 0.38268327796132995 0.8214851944054609
vn 0.42274766012527343 0.38268327796132995 0.8214851944054609
vn 0.42274766012527343 0.38268327796132995 0.8214851944054609
vn 0.17510768606408988 0.923879638664473 0.3402700567820846
vn 0.17510768606408988 0.923879638664473 0.3402700567820846
vn 0.17510768606408988 0.923879638664473 0.3402700567820846
vn 0.17510768780524147 0.923879616280081 0.3402701166627372
vn 0.17510768780524147 0.923879616280081 0.3402701166627372
vn 0.17510768780524147 0.923879616280081 0.3402701166627372
vn 0.19865459755470596 -0.9238795717249919 0.32708238689911606
vn 0.19865459755470596 -0.9238795717249919 0.32708238689911606
vn 0.19865459755470596 -0.9238795717249919 0.32708238689911606
vn 0.19865530959387429 -0.9238793350877136 0.32708262284634765
vn 0.19865530959387429 -0.9238793350877136 0.32708262284634765
vn 0.19865530959387429 -0.9238793350877136 0.32708262284634765
vn 0.47959578872087183 -0.3826832208009424 0.7896463967869555
vn 0.47959578872087183 -0.3826832208009424 0.7896463967869555
vn 0.47959578872087183 -0.3826832208009424 0.7896463967869555
vn 0.4795946935290644 -0.3826843838548571 0.7896464983094595
vn 0.4795946935290644 -0.3826843838548571 0.7896464983094595
vn 0.4795946935290644 -0.3826843838548571 0.7896464983094595
vn 0.5191097773760568 -6.114244966346958e-17 0.8547075751580658
vn 0.5191097773760568 -6.114244966346958e-17 0.8547075751580658
vn 0.5191097773760568 -6.114244966346958e-17 0.8547075751580658
vn 0.5191097773760568 -6.114244966346958e-17 0.8547075751580658
vn 0.5191097773760568 -6.114244966346958e-17 0.8547075751580658
vn 0.5191097773760568 -6.114244966346958e-17 0.8547075751580658
vn 0.47959493750204685 0.3826832483765673 0.7896469004145882
vn 0.47959493750204685 0.3826832483765673 0.7896469004145882
vn 0.47959493750204685 0.3826832483765673 0.7896469004145882
vn 0.47959551970496794 0.3826844579593182 0.7896459606148217
vn 0.47959551970496794 0.3826844579593182 0.7896459606148217
vn 0.47959551970496794 0.3826844579593182 0.7896459606148217
vn 0.19865496381354625 0.9238796108774131 0.32708205385994266
vn 0.19865496381354625 0.9238796108774131 0.32708205385994266
vn 0.19865496381354625 0.9238796108774131 0.32708205385994266
vn 0.19865484178894738 0.9238793766989386 0.32708278943440156
vn 0.19865484178894738 0.9238793766989386 0.32708278943440156
vn 0.19865484178894738 0.9238793766989386 0.32708278943440156
vn 0.22121433531565746 -0.9238793636614921 0.31226773648791845
vn 0.22121433531565746 -0.9238793636614921 0.31226773648791845
vn 0.22121433531565746 -0.9238793636614921 0.31226773648791845
vn 0.22121394585820625 -0.9238794775950977 0.31226767529869626
vn 0.22121394585820625 -0.9238794775950977 0.31226767529869626
vn 0.22121394585820625 -0.9238794775950977 0.31226767529869626
vn 0.534057294443172 -0.3826843895977845 0.7538802718006421
vn 0.534057294443172 -0.3826843895977845 0.7538802718006421
vn 0.534057294443172 -0.3826843895977845 0.7538802718006421
vn 0.5340576527722147 -0.38268401920445166 0.7538802059750339
vn 0.5340576527722147 -0.38268401920445166 0.7538802059750339
vn 0.5340576527722147 -0.38268401920445166 0.7538802059750339
vn 0.5780599890853885 -6.12241561389818e-17 0.8159942702118688
vn 0.5780599890853885 -6.12241561389818e-17 0.8159942702118688
vn 0.5780599890853885 -6.12241561389818e-17 0.8159942702118688
vn 0.5780599890853885 -6.12241561389818e-17 0.8159942702118688
vn 0.5780599890853885 -6.12241561389818e-17 0.8159942702118688
vn 0.5780599890853885 -6.12241561389818e-17 0.8159942702118688
vn 0.5340575524666249 0.3826844385625036 0.7538800641583908
vn 0.5340575524666249 0.3826844385625036 0.7538800641583908
vn 0.5340575524666249 0.3826844385625036 0.7538800641583908
vn 0.5340573757150431 0.3826840465586757 0.7538803883600096
vn 0.5340573757150431 0.3826840465586757 0.7538803883600096
vn 0.5340573757150431 0.3826840465586757 0.7538803883600096
vn 0.22121407304294072 0.9238793863712733 0.31226785509557664
vn 0.22121407304294072 0.9238793863712733 0.31226785509557664
vn 0.22121407304294072 0.9238793863712733 0.31226785509557664
vn 0.2212141045422341 0.9238795286566944 0.3122674118134352
vn 0.2212141045422341 0.9238795286566944 0.3122674118134352
vn 0.2212141045422341 0.9238795286566944 0.3122674118134352
vn 0.24267334468804194 -0.9238794797026189 0.29589923075658253
vn 0.24267334468804194 -0.9238794797026189 0.29589923075658253
vn 0.24267334468804194 -0.9238794797026189 0.29589923075658253
vn 0.2426724275687011 -0.9238797663533292 0.2958990879013168
vn 0.2426724275687011 -0.9238797663533292 0.2958990879013168
vn 0.2426724275687011 -0.9238797663533292 0.2958990879013168
vn 0.5858637734605396 -0.3826840206114343 0.714364458323092
vn 0.5858637734605396 -0.3826840206114343 0.714364458323092
vn 0.5858637734605396 -0.3826840206114343 0.714364458323092
vn 0.5858642096716143 -0.38268353782254955 0.7143643592071709
vn 0.5858642096716143 -0.38268353782254955 0.7143643592071709
vn 0.5858642096716143 -0.38268353782254955 0.7143643592071709
vn 0.6341348782796655 -6.10013414134885e-17 0.7732224493308727
vn 0.6341348782796655 -6.10013414134885e-17 0.7732224493308727
vn 0.6341348782796655 -6.10013414134885e-17 0.7732224493308727
vn 0.6341348782796655 -6.10013414134885e-17 0.7732224493308727
vn 0.6341348782796655 -6.10013414134885e-17 0.7732224493308727
vn 0.6341348782796655 -6.10013414134885e-17 0.7732224493308727
vn 0.5858640726250909 0.3826840549277994 0.714364194589258
vn 0.5858640726250909 0.3826840549277994 0.714364194589258
vn 0.5858640726250909 0.3826840549277994 0.714364194589258
vn 0.585863889829444 0.38268357560444766 0.7143646012762027
vn 0.585863889829444 0.38268357560444766 0.7143646012762027
vn 0.585863889829444 0.38268357560444766 0.7143646012762027
vn 0.24267280505559996 0.9238795198984971 0.2958995478174463
vn 0.24267280505559996 0.9238795198984971 0.2958995478174463
vn 0.24267280505559996 0.9238795198984971 0.2958995478174463
vn 0.24267282605119714 0.9238798194334511 0.2958985953666207
vn 0.24267282605119714 0.9238798194334511 0.2958985953666207
vn 0.24267282605119714 0.9238798194334511 0.2958985953666207
vn 0.26292435722037255 -0.9238797700371864 0.2780592614826731
vn 0.26292435722037255 -0.9238797700371864 0.2780592614826731
vn 0.26292435722037255 -0.9238797700371864 0.2780592614826731
vn 0.26292513339483364 -0.9238795251738727 0.2780593411374774
vn 0.26292513339483364 -0.9238795251738727 0.2780593411374774
vn 0.26292513339483364 -0.9238795251738727 0.2780593411374774
vn 0.6347573443763711 -0.3826835375534243 0.6712945879759897
vn 0.6347573443763711 -0.3826835375534243 0.6712945879759897
vn 0.6347573443763711 -0.3826835375534243 0.6712945879759897
vn 0.6347563713756665 -0.3826846573196437 0.6712948696736359
vn 0.6347563713756665 -0.3826846573196437 0.6712948696736359
vn 0.6347563713756665 -0.3826846573196437 0.6712948696736359
vn 0.6870557115458537 -6.047511630487523e-17 0.7266047407168638
vn 0.6870557115458537 -6.047511630487523e-17 0.7266047407168638
vn 0.6870557115458537 -6.047511630487523e-17 0.7266047407168638
vn 0.6870557115458537 -6.047511630487523e-17 0.7266047407168638
vn 0.6870557115458537 -6.047511630487523e-17 0.7266047407168638
vn 0.6870557115458537 -6.047511630487523e-17 0.7266047407168638
vn 0.6347566687698291 0.3826835717500451 0.6712952073155728
vn 0.6347566687698291 0.3826835717500451 0.6712952073155728
vn 0.6347566687698291 0.3826835717500451 0.6712952073155728
vn 0.6347570252642472 0.3826846994365559 0.6712942273659416
vn 0.6347570252642472 0.3826846994365559 0.6712942273659416
vn 0.6347570252642472 0.3826846994365559 0.6712942273659416
vn 0.2629246715032656 0.9238798035409719 0.2780588529861891
vn 0.2629246715032656 0.9238798035409719 0.2780588529861891
vn 0.2629246715032656 0.9238798035409719 0.2780588529861891
vn 0.2629246858470339 0.9238795730117344 0.2780596053796625
vn 0.2629246858470339 0.9238795730117344 0.2780596053796625
vn 0.2629246858470339 0.9238795730117344 0.2780596053796625
vn 0.2818688598248181 -0.9238795352292339 0.25883691824326754
vn 0.2818688598248181 -0.9238795352292339 0.25883691824326754
vn 0.2818688598248181 -0.9238795352292339 0.25883691824326754
vn 0.2818688103230559 -0.9238795490652638 0.2588369227641794
vn 0.2818688103230559 -0.9238795490652638 0.2588369227641794
vn 0.2818688103230559 -0.9238795490652638 0.2588369227641794
vn 0.680491193976507 -0.38268464722658424 0.6248873464053283
vn 0.680491193976507 -0.38268464722658424 0.6248873464053283
vn 0.680491193976507 -0.38268464722658424 0.6248873464053283
vn 0.6804928541819306 -0.3826827616376815 0.6248866932114069
vn 0.6804928541819306 -0.3826827616376815 0.6248866932114069
vn 0.6804928541819306 -0.3826827616376815 0.6248866932114069
vn 0.7365599274047531 -5.964808568764669e-17 0.6763722890106489
vn 0.7365599274047531 -5.964808568764669e-17 0.6763722890106489
vn 0.7365599274047531 -5.964808568764669e-17 0.6763722890106489
vn 0.7365599274047531 -5.964808568764669e-17 0.6763722890106489
vn 0.7365599274047531 -5.964808568764669e-17 0.6763722890106489
vn 0.7365599274047531 -5.964808568764669e-17 0.6763722890106489
vn 0.6804922723343625 0.38268467081564717 0.6248861576446829
vn 0.6804922723343625 0.38268467081564717 0.6248861576446829
vn 0.6804922723343625 0.38268467081564717 0.6248861576446829
vn 0.6804917680631566 0.38268276348645547 0.6248878748452785
vn 0.6804917680631566 0.38268276348645547 0.6248878748452785
vn 0.6804917680631566 0.38268276348645547 0.6248878748452785
vn 0.28186877099554064 0.9238795707841067 0.258836888068989
vn 0.28186877099554064 0.9238795707841067 0.258836888068989
vn 0.28186877099554064 0.9238795707841067 0.258836888068989
vn 0.2818687459842186 0.9238795982552317 0.25883681725178836
vn 0.2818687459842186 0.9238795982552317 0.25883681725178836
vn 0.2818687459842186 0.9238795982552317 0.25883681725178836
vn 0.29941122450446667 -0.9238795566391556 0.2383264220873829
vn 0.29941122450446667 -0.9238795566391556 0.2383264220873829
vn 0.29941122450446667 -0.9238795566391556 0.2383264220873829
vn 0.2994108624223079 -0.9238796670587005 0.23832644892884736
vn 0.2994108624223079 -0.9238796670587005 0.23832644892884736
vn 0.2994108624223079 -0.9238796670587005 0.23832644892884736
vn 0.7228425647334531 -0.38268279853422765 0.5753716210551014
vn 0.7228425647334531 -0.38268279853422765 0.5753716210551014
vn 0.7228425647334531 -0.38268279853422765 0.5753716210551014
vn 0.722842079492053 -0.38268337791512036 0.5753718453166419
vn 0.722842079492053 -0.38268337791512036 0.5753718453166419
vn 0.722842079492053 -0.38268337791512036 0.5753718453166419
vn 0.7823986073163314 -5.852442478141197e-17 0.6227779855369531
vn 0.7823986073163314 -5.852442478141197e-17 0.6227779855369531
vn 0.7823986073163314 -5.852442478141197e-17 0.6227779855369531
vn 0.7823986073163314 -5.852442478141197e-17 0.6227779855369531
vn 0.7823986073163314 -5.852442478141197e-17 0.6227779855369531
vn 0.7823986073163314 -5.852442478141197e-17 0.6227779855369531
vn 0.7228422665554298 0.3826828301710322 0.5753719746158116
vn 0.7228422665554298 0.3826828301710322 0.5753719746158116
vn 0.7228422665554298 0.3826828301710322 0.5753719746158116
vn 0.7228423716820441 0.38268341949315215 0.5753714505831043
vn 0.7228423716820441 0.38268341949315215 0.5753714505831043
vn 0.7228423716820441 0.38268341949315215 0.5753714505831043
vn 0.2994110180686992 0.9238795837536349 0.23832657632390808
vn 0.2994110180686992 0.9238795837536349 0.23832657632390808
vn 0.2994110180686992 0.9238795837536349 0.23832657632390808
vn 0.2994109179031712 0.9238797160697833 0.23832618923483273
vn 0.2994109179031712 0.9238797160697833 0.23832618923483273
vn 0.2994109179031712 0.9238797160697833 0.23832618923483273
vn 0.3154638035609743 -0.9238796746371616 0.21663087368880646
vn 0.3154638035609743 -0.9238796746371616 0.21663087368880646
vn 0.3154638035609743 -0.9238796746371616 0.21663087368880646
vn 0.3154639545453548 -0.9238796212228916 0.21663088162044872
vn 0.3154639545453548 -0.9238796212228916 0.21663088162044872
vn 0.3154639545453548 -0.9238796212228916 0.21663088162044872
vn 0.7615978048791536 -0.38268340008302215 0.522993497955904
vn 0.7615978048791536 -0.38268340008302215 0.522993497955904
vn 0.7615978048791536 -0.38268340008302215 0.522993497955904
vn 0.7615983825970549 -0.3826826862997169 0.5229931789535908
vn 0.7615983825970549 -0.3826826862997169 0.5229931789535908
vn 0.7615983825970549 -0.3826826862997169 0.5229931789535908
vn 0.8243478864346837 -5.710960918797579e-17 0.566083529287569
vn 0.8243478864346837 -5.710960918797579e-17 0.566083529287569
vn 0.8243478864346837 -5.710960918797579e-17 0.566083529287569
vn 0.8243478864346837 -5.710960918797579e-17 0.566083529287569
vn 0.8243478864346837 -5.710960918797579e-17 0.566083529287569
vn 0.8243478864346837 -5.710960918797579e-17 0.566083529287569
vn 0.7615981246204435 0.38268343572309943 0.5229930062608753
vn 0.7615981246204435 0.38268343572309943 0.5229930062608753
vn 0.7615981246204435 0.38268343572309943 0.5229930062608753
vn 0.7615980284513775 0.3826827053363043 0.5229936807414234
vn 0.7615980284513775 0.3826827053363043 0.5229936807414234
vn 0.7615980284513775 0.3826827053363043 0.5229936807414234
vn 0.31546379809336494 0.9238796984176678 0.21663078023260704
vn 0.31546379809336494 0.9238796984176678 0.21663078023260704
vn 0.31546379809336494 0.9238796984176678 0.21663078023260704
vn 0.3154638170330523 0.9238796648098823 0.2166308959814282
vn 0.3154638170330523 0.9238796648098823 0.2166308959814282
vn 0.3154638170330523 0.9238796648098823 0.2166308959814282
vn 0.3299477864267096 -0.9238796235012131 0.19385793641574553
vn 0.3299477864267096 -0.9238796235012131 0.19385793641574553
vn 0.3299477864267096 -0.9238796235012131 0.19385793641574553
vn 0.3299481428281554 -0.9238795090438238 0.19385787529320112
vn 0.3299481428281554 -0.9238795090438238 0.19385787529320112
vn 0.3299481428281554 -0.9238795090438238 0.19385787529320112
vn 0.7965654487524627 -0.3826826872398433 0.468014365955448
vn 0.7965654487524627 -0.3826826872398433 0.468014365955448
vn 0.7965654487524627 -0.3826826872398433 0.468014365955448
vn 0.7965647975376162 -0.3826835160864194 0.46801479660326084
vn 0.7965647975376162 -0.3826835160864194 0.46801479660326084
vn 0.7965647975376162 -0.3826835160864194 0.46801479660326084
vn 0.862195564613159 -5.541080558293259e-17 0.5065755702374479
vn 0.862195564613159 -5.541080558293259e-17 0.5065755702374479
vn 0.862195564613159 -5.541080558293259e-17 0.5065755702374479
vn 0.862195564613159 -5.541080558293259e-17 0.5065755702374479
vn 0.862195564613159 -5.541080558293259e-17 0.5065755702374479
vn 0.862195564613159 -5.541080558293259e-17 0.5065755702374479
vn 0.7965650645967558 0.3826827414157509 0.46801497549383203
vn 0.7965650645967558 0.3826827414157509 0.46801497549383203
vn 0.7965650645967558 0.3826827414157509 0.46801497549383203
vn 0.7965651239128245 0.3826835471923137 0.4680142156751808
vn 0.7965651239128245 0.3826835471923137 0.4680142156751808
vn 0.7965651239128245 0.3826835471923137 0.4680142156751808
vn 0.3299478007757025 0.9238796743123316 0.19385766984005975
vn 0.3299478007757025 0.9238796743123316 0.19385766984005975
vn 0.3299478007757025 0.9238796743123316 0.19385766984005975
vn 0.3299479426193513 0.92387954635242 0.19385803824681536
vn 0.3299479426193513 0.92387954635242 0.19385803824681536
vn 0.3299479426193513 0.92387954635242 0.19385803824681536
vn 0.34279091776768766 -0.9238795152584425 0.1701206277375323
vn 0.34279091776768766 -0.9238795152584425 0.1701206277375323
vn 0.34279091776768766 -0.9238795152584425 0.1701206277375323
vn 0.3427909291116679 -0.9238795126859604 0.17012061885001392
vn 0.3427909291116679 -0.9238795126859604 0.17012061885001392
vn 0.3427909291116679 -0.9238795126859604 0.17012061885001392
vn 0.8275703759484964 -0.3826835234922711 0.41070743078255206
vn 0.8275703759484964 -0.3826835234922711 0.41070743078255206
vn 0.8275703759484964 -0.3826835234922711 0.41070743078255206
vn 0.8275705821296422 -0.3826832482467213 0.410707271794576
vn 0.8275705821296422 -0.3826832482467213 0.410707271794576
vn 0.8275705821296422 -0.3826832482467213 0.410707271794576
vn 0.895755857336169 -5.343634333694295e-17 0.44454633509674196
vn 0.895755857336169 -5.343634333694295e-17 0.44454633509674196
vn 0.895755857336169 -5.343634333694295e-17 0.44454633509674196
vn 0.895755857336169 -5.343634333694295e-17 0.44454633509674196
vn 0.895755857336169 -5.343634333694295e-17 0.44454633509674196
vn 0.895755857336169 -5.343634333694295e-17 0.44454633509674196
vn 0.8275704635962313 0.38268357513404677 0.4107072060552908
vn 0.8275704635962313 0.38268357513404677 0.4107072060552908
vn 0.8275704635962313 0.38268357513404677 0.4107072060552908
vn 0.8275704661669421 0.38268327291856435 0.41070748246965944
vn 0.8275704661669421 0.38268327291856435 0.41070748246965944
vn 0.8275704661669421 0.38268327291856435 0.41070748246965944
vn 0.34279082461133137 0.9238795592903764 0.17012057632074784
vn 0.34279082461133137 0.9238795592903764 0.17012057632074784
vn 0.34279082461133137 0.9238795592903764 0.17012057632074784
vn 0.34279083802725663 0.92387955009518 0.170120599224488
vn 0.34279083802725663 0.92387955009518 0.170120599224488
vn 0.34279083802725663 0.92387955009518 0.170120599224488
vn 0.3539287945236165 -0.9238795165792973 0.14553709922993346
vn 0.3539287945236165 -0.9238795165792973 0.14553709922993346
vn 0.3539287945236165 -0.9238795165792973 0.14553709922993346
vn 0.35392880571489616 -0.9238795136891669 0.14553709036082774
vn 0.35392880571489616 -0.9238795136891669 0.14553709036082774
vn 0.35392880571489616 -0.9238795136891669 0.14553709036082774
vn 0.8544596884200454 -0.3826832297468344 0.3513576333817875
vn 0.8544596884200454 -0.3826832297468344 0.3513576333817875
vn 0.8544596884200454 -0.3826832297468344 0.3513576333817875
vn 0.8544592912066785 -0.3826837564343635 0.3513580257114749
vn 0.8544592912066785 -0.3826837564343635 0.3513580257114749
vn 0.8544592912066785 -0.3826837564343635 0.3513580257114749
vn 0.9248602345844528 -5.119614160524097e-17 0.3803071738534402
vn 0.9248602345844528 -5.119614160524097e-17 0.3803071738534402
vn 0.9248602345844528 -5.119614160524097e-17 0.3803071738534402
vn 0.9248602345844528 -5.119614160524097e-17 0.3803071738534402
vn 0.9248602345844528 -5.119614160524097e-17 0.3803071738534402
vn 0.9248602345844528 -5.119614160524097e-17 0.3803071738534402
vn 0.8544595058997371 0.3826832795080413 0.35135802305134267
vn 0.8544595058997371 0.3826832795080413 0.35135802305134267
vn 0.8544595058997371 0.3826832795080413 0.35135802305134267
vn 0.8544594638139285 0.3826838144835529 0.3513575427269657
vn 0.8544594638139285 0.3826838144835529 0.3513575427269657
vn 0.8544594638139285 0.3826838144835529 0.3513575427269657
vn 0.3539287145543015 0.9238795515979946 0.1455370714046027
vn 0.3539287145543015 0.9238795515979946 0.1455370714046027
vn 0.3539287145543015 0.9238795515979946 0.1455370714046027
vn 0.3539287011015509 0.9238795604076979 0.14553704819546134
vn 0.3539287011015509 0.9238795604076979 0.14553704819546134
vn 0.3539287011015509 0.9238795604076979 0.14553704819546134
vn 0.36330621193436896 -0.9238795145099252 0.1202299423554896
vn 0.36330621193436896 -0.9238795145099252 0.1202299423554896
vn 0.36330621193436896 -0.9238795145099252 0.1202299423554896
vn 0.3633061898489952 -0.923879520896727 0.12022996001429949
vn 0.3633061898489952 -0.923879520896727 0.12022996001429949
vn 0.3633061898489952 -0.923879520896727 0.12022996001429949
vn 0.8770985290928079 -0.382683752989779 0.2902607714812498
vn 0.8770985290928079 -0.382683752989779 0.2902607714812498
vn 0.8770985290928079 -0.382683752989779 0.2902607714812498
vn 0.8770985390959978 -0.38268372755191266 0.29026077479163453
vn 0.8770985390959978 -0.38268372755191266 0.29026077479163453
vn 0.8770985390959978 -0.38268372755191266 0.29026077479163453
vn 0.9493647445035043 -4.870128365558239e-17 0.31417603647286024
vn 0.9493647445035043 -4.870128365558239e-17 0.31417603647286024
vn 0.9493647445035043 -4.870128365558239e-17 0.31417603647286024
vn 0.9493647445035043 -4.870128365558239e-17 0.31417603647286024
vn 0.9493647445035043 -4.870128365558239e-17 0.31417603647286024
vn 0.9493647445035043 -4.870128365558239e-17 0.31417603647286024
vn 0.8770985437666642 0.382683782414842 0.2902606883459536
vn 0.8770985437666642 0.382683782414842 0.2902606883459536
vn 0.8770985437666642 0.382683782414842 0.2902606883459536
vn 0.8770985190896178 0.3826837784276445 0.29026076817086494
vn 0.8770985190896178 0.3826837784276445 0.29026076817086494
vn 0.8770985190896178 0.3826837784276445 0.29026076817086494
vn 0.363306109650265 0.923879555966622 0.12022993286909561
vn 0.363306109650265 0.923879555966622 0.12022993286909561
vn 0.363306109650265 0.923879555966622 0.12022993286909561
vn 0.3633060936286472 0.9238795695340147 0.12022987702703594
vn 0.3633060936286472 0.9238795695340147 0.12022987702703594
vn 0.3633060936286472 0.9238795695340147 0.12022987702703594
vn 0.3708766802639548 -0.9238795187107133 0.09432456171776864
vn 0.3708766802639548 -0.9238795187107133 0.09432456171776864
vn 0.3708766802639548 -0.9238795187107133 0.09432456171776864
vn 0.3708765589789346 -0.9238795631953372 0.09432460288778238
vn 0.3708765589789346 -0.9238795631953372 0.09432460288778238
vn 0.3708765589789346 -0.9238795631953372 0.09432460288778238
vn 0.8953752608231967 -0.3826837489945284 0.22771976322068554
vn 0.8953752608231967 -0.3826837489945284 0.22771976322068554
vn 0.8953752608231967 -0.3826837489945284 0.22771976322068554
vn 0.8953754327655915 -0.3826834547419877 0.22771958164937567
vn 0.8953754327655915 -0.3826834547419877 0.22771958164937567
vn 0.8953754327655915 -0.3826834547419877 0.22771958164937567
vn 0.9691473921348918 -4.5964183639488264e-17 0.24648191073208273
vn 0.9691473921348918 -4.5964183639488264e-17 0.24648191073208273
vn 0.9691473921348918 -4.5964183639488264e-17 0.24648191073208273
vn 0.9691473921348918 -4.5964183639488264e-17 0.24648191073208273
vn 0.9691473921348918 -4.5964183639488264e-17 0.24648191073208273
vn 0.9691473921348918 -4.5964183639488264e-17 0.24648191073208273
vn 0.8953753105330405 0.3826837801193462 0.22771951546020147
vn 0.8953753105330405 0.3826837801193462 0.22771951546020147
vn 0.8953753105330405 0.3826837801193462 0.22771951546020147
vn 0.8953753659888897 0.3826834903117227 0.22771978443494825
vn 0.8953753659888897 0.3826834903117227 0.22771978443494825
vn 0.8953753659888897 0.3826834903117227 0.22771978443494825
vn 0.3708765589789346 0.9238795631953372 0.09432460288778238
vn 0.3708765589789346 0.9238795631953372 0.09432460288778238
vn 0.3708765589789346 0.9238795631953372 0.09432460288778238
vn 0.3708764975980231 0.9238795956524412 0.09432452632536953
vn 0.3708764975980231 0.9238795956524412 0.09432452632536953
vn 0.3708764975980231 0.9238795956524412 0.09432452632536953
vn 0.3766023647441607 -0.9238795578888795 0.06795013895610967
vn 0.3766023647441607 -0.9238795578888795 0.06795013895610967
vn 0.3766023647441607 -0.9238795578888795 0.06795013895610967
vn 0.37660247163861965 -0.9238795191530481 0.0679500731803546
vn 0.37660247163861965 -0.9238795191530481 0.0679500731803546
vn 0.37660247163861965 -0.9238795191530481 0.0679500731803546
vn 0.909198709875248 -0.3826834501707961 0.16404597808712187
vn 0.909198709875248 -0.3826834501707961 0.16404597808712187
vn 0.909198709875248 -0.3826834501707961 0.16404597808712187
vn 0.9091986055131647 -0.3826836330102817 0.16404612997254409
vn 0.9091986055131647 -0.3826836330102817 0.16404612997254409
vn 0.9091986055131647 -0.3826836330102817 0.16404612997254409
vn 0.9841095778707056 -4.2998480035174746e-17 0.1775622109097017
vn 0.9841095778707056 -4.2998480035174746e-17 0.1775622109097017
vn 0.9841095778707056 -4.2998480035174746e-17 0.1775622109097017
vn 0.9841095778707056 -4.2998480035174746e-17 0.1775622109097017
vn 0.9841095778707056 -4.2998480035174746e-17 0.1775622109097017
vn 0.9841095778707056 -4.2998480035174746e-17 0.1775622109097017
vn 0.9091986605381389 0.3826835162553303 0.16404609736933845
vn 0.9091986605381389 0.3826835162553303 0.16404609736933845
vn 0.9091986605381389 0.3826835162553303 0.16404609736933845
vn 0.9091986252453048 0.38268365803750953 0.16404596222729279
vn 0.9091986252453048 0.38268365803750953 0.16404596222729279
vn 0.9091986252453048 0.38268365803750953 0.16404596222729279
vn 0.3766022887593567 0.9238795962140606 0.06795003900336355
vn 0.3766022887593567 0.9238795962140606 0.06795003900336355
vn 0.3766022887593567 0.9238795962140606 0.06795003900336355
vn 0.3766023432051844 0.9238795653906111 0.06795015633550931
vn 0.3766023432051844 0.9238795653906111 0.06795015633550931
vn 0.3766023432051844 0.9238795653906111 0.06795015633550931
vn 0.3804551339475591 -0.9238795093239114 0.04123764426290498
vn 0.3804551339475591 -0.9238795093239114 0.04123764426290498
vn 0.3804551339475591 -0.9238795093239114 0.04123764426290498
vn 0.3804549921961223 -0.9238795626542808 0.041237757247251865
vn 0.3804549921961223 -0.9238795626542808 0.041237757247251865
vn 0.3804549921961223 -0.9238795626542808 0.041237757247251865
vn 0.9184997077921792 -0.38268360087488423 0.09955675972586604
vn 0.9184997077921792 -0.38268360087488423 0.09955675972586604
vn 0.9184997077921792 -0.38268360087488423 0.09955675972586604
vn 0.9184997809439053 -0.3826834553711168 0.09955664413398253
vn 0.9184997809439053 -0.3826834553711168 0.09955664413398253
vn 0.9184997809439053 -0.3826834553711168 0.09955664413398253
vn 0.9941770118932928 -3.981891001435084e-17 0.10775931060898403
vn 0.9941770118932928 -3.981891001435084e-17 0.10775931060898403
vn 0.9941770118932928 -3.981891001435084e-17 0.10775931060898403
vn 0.9941770118932928 -3.981891001435084e-17 0.10775931060898403
vn 0.9941770118932928 -3.981891001435084e-17 0.10775931060898403
vn 0.9941770118932928 -3.981891001435084e-17 0.10775931060898403
vn 0.9184996960831252 0.38268366314924784 0.09955662837741892
vn 0.9184996960831252 0.38268366314924784 0.09955662837741892
vn 0.9184996960831252 0.38268366314924784 0.09955662837741892
vn 0.9184997496936176 0.38268349912340044 0.09955676426758923
vn 0.9184997496936176 0.38268349912340044 0.09955676426758923
vn 0.9184997496936176 0.38268349912340044 0.09955676426758923
vn 0.38045501349674543 0.9238795546497091 0.04123774006230752
vn 0.38045501349674543 0.9238795546497091 0.04123774006230752
vn 0.38045501349674543 0.9238795546497091 0.04123774006230752
vn 0.3804548659086788 0.9238796204993796 0.041237626414862755
vn 0.3804548659086788 0.9238796204993796 0.041237626414862755
vn 0.3804548659086788 0.9238796204993796 0.041237626414862755
vn 0.38241530100608756 -0.9238795760252874 0.014320145242233484
vn 0.38241530100608756 -0.9238795760252874 0.014320145242233484
vn 0.38241530100608756 -0.9238795760252874 0.014320145242233484
vn 0.3824153431900491 -0.9238795590900868 0.014320111324423795
vn 0.3824153431900491 -0.9238795590900868 0.014320111324423795
vn 0.3824153431900491 -0.9238795590900868 0.014320111324423795
vn 0.9232324619396357 -0.3826834339548177 0.03457181796533009
vn 0.9232324619396357 -0.3826834339548177 0.03457181796533009
vn 0.9232324619396357 -0.3826834339548177 0.03457181796533009
vn 0.9232323700199938 -0.3826836377426195 0.03457201688274086
vn 0.9232323700199938 -0.3826836377426195 0.03457201688274086
vn 0.9232323700199938 -0.3826836377426195 0.03457201688274086
vn 0.9992996090414435 -3.6441289097719794e-17 0.037420467255477964
vn 0.9992996090414435 -3.6441289097719794e-17 0.037420467255477964
vn 0.9992996090414435 -3.6441289097719794e-17 0.037420467255477964
vn 0.9992996090414435 -3.6441289097719794e-17 0.037420467255477964
vn 0.9992996090414435 -3.6441289097719794e-17 0.037420467255477964
vn 0.9992996090414435 -3.6441289097719794e-17 0.037420467255477964
vn 0.9232324344027195 0.3826834810766004 0.03457203172975595
vn 0.9232324344027195 0.3826834810766004 0.03457203172975595
vn 0.9232324344027195 0.3826834810766004 0.03457203172975595
vn 0.9232323554395646 0.3826836923723192 0.034571801541164085
vn 0.9232323554395646 0.3826836923723192 0.034571801541164085
vn 0.9232323554395646 0.3826836923723192 0.034571801541164085
vn 0.3824152021833209 0.92387961736619 0.014320117122164326
vn 0.3824152021833209 0.92387961736619 0.014320117122164326
vn 0.3824152021833209 0.92387961736619 0.014320117122164326
vn 0.3824152306474371 0.9238796048247396 0.01432016612160723
vn 0.3824152306474371 0.9238796048247396 0.01432016612160723
vn 0.3824152306474371 0.9238796048247396 0.01432016612160723
vn 0.3824736103249764 -0.9238795618913959 -0.012668564415152617
vn 0.3824736103249764 -0.9238795618913959 -0.012668564415152617
vn 0.3824736103249764 -0.9238795618913959 -0.012668564415152617
vn 0.3824736103249764 -0.9238795618913959 -0.012668564415152617
vn 0.3824736103249764 -0.9238795618913959 -0.012668564415152617
vn 0.3824736103249764 -0.9238795618913959 -0.012668564415152617
vn 0.9233730284391712 -0.382683722646248 -0.03058461660186512
vn 0.9233730284391712 -0.382683722646248 -0.03058461660186512
vn 0.9233730284391712 -0.382683722646248 -0.03058461660186512
vn 0.9233731504303768 -0.38268340567150777 -0.03058489967184884
vn 0.9233731504303768 -0.38268340567150777 -0.03058489967184884
vn 0.9233731504303768 -0.38268340567150777 -0.03058489967184884
vn 0.9994518839280105 -3.2882400897211447e-17 -0.03310485935252339
vn 0.9994518839280105 -3.2882400897211447e-17 -0.03310485935252339
vn 0.9994518839280105 -3.2882400897211447e-17 -0.03310485935252339
vn 0.9994518839280105 -3.2882400897211447e-17 -0.03310485935252339
vn 0.9994518839280105 -3.2882400897211447e-17 -0.03310485935252339
vn 0.9994518839280105 -3.2882400897211447e-17 -0.03310485935252339
vn 0.9233730051099525 0.3826837577966699 -0.030584881115268005
vn 0.9233730051099525 0.3826837577966699 -0.030584881115268005
vn 0.9233730051099525 0.3826837577966699 -0.030584881115268005
vn 0.9233731390416826 0.3826834589534047 -0.03058457682831356
vn 0.9233731390416826 0.3826834589534047 -0.03058457682831356
vn 0.9233731390416826 0.3826834589534047 -0.03058457682831356
vn 0.38247354676280293 0.9238795881559038 -0.012668568015364035
vn 0.38247354676280293 0.9238795881559038 -0.012668568015364035
vn 0.38247354676280293 0.9238795881559038 -0.012668568015364035
vn 0.38247349754114507 0.9238796086024658 -0.012668562949216467
vn 0.38247349754114507 0.9238796086024658 -0.012668562949216467
vn 0.38247349754114507 0.9238796086024658 -0.012668562949216467
vn 0.38062955479985583 -0.9238795608285424 -0.03959418007893797
vn 0.38062955479985583 -0.9238795608285424 -0.03959418007893797
vn 0.38062955479985583 -0.9238795608285424 -0.03959418007893797
vn 0.3806297883966721 -0.923879453997834 -0.03959442720596481
vn 0.3806297883966721 -0.923879453997834 -0.03959442720596481
vn 0.3806297883966721 -0.923879453997834 -0.03959442720596481
vn 0.9189211321686245 -0.3826834636371931 -0.09558932739890262
vn 0.9189211321686245 -0.3826834636371931 -0.09558932739890262
vn 0.9189211321686245 -0.3826834636371931 -0.09558932739890262
vn 0.9189210951078087 -0.3826835738835521 -0.0955892423109299
vn 0.9189210951078087 -0.3826835738835521 -0.0955892423109299
vn 0.9189210951078087 -0.3826835738835521 -0.0955892423109299
vn 0.9946330871556652 -2.915998294397497e-17 -0.10346507592028638
vn 0.9946330871556652 -2.915998294397497e-17 -0.10346507592028638
vn 0.9946330871556652 -2.915998294397497e-17 -0.10346507592028638
vn 0.9946330871556652 -2.915998294397497e-17 -0.10346507592028638
vn 0.9946330871556652 -2.915998294397497e-17 -0.10346507592028638
vn 0.9946330871556652 -2.915998294397497e-17 -0.10346507592028638
vn 0.9189211160681391 0.38268352300781033 -0.0955892444912935
vn 0.9189211160681391 0.38268352300781033 -0.0955892444912935
vn 0.9189211160681391 0.38268352300781033 -0.0955892444912935
vn 0.918921070291591 0.382683614374764 -0.09558931877162749
vn 0.918921070291591 0.382683614374764 -0.09558931877162749
vn 0.918921070291591 0.382683614374764 -0.09558931877162749
vn 0.38062948565648597 0.9238795799314682 -0.03959439902982459
vn 0.38062948565648597 0.9238795799314682 -0.03959439902982459
vn 0.38062948565648597 0.9238795799314682 -0.03959439902982459
vn 0.3806297165598162 0.9238794932291242 -0.039594202382300187
vn 0.3806297165598162 0.9238794932291242 -0.039594202382300187
vn 0.3806297165598162 0.9238794932291242 -0.039594202382300187
vn 0.3768925625926687 -0.9238794482697945 -0.06632315830108958
vn 0.3768925625926687 -0.9238794482697945 -0.06632315830108958
vn 0.3768925625926687 -0.9238794482697945 -0.06632315830108958
vn 0.37689242153589936 -0.9238795207085211 -0.06632295081040422
vn 0.37689242153589936 -0.9238795207085211 -0.06632295081040422
vn 0.37689242153589936 -0.9238795207085211 -0.06632295081040422
vn 0.9098986612348089 -0.3826835949378592 -0.16011774557661945
vn 0.9098986612348089 -0.3826835949378592 -0.16011774557661945
vn 0.9098986612348089 -0.3826835949378592 -0.16011774557661945
vn 0.9098988555360915 -0.38268285155019144 -0.1601184181271004
vn 0.9098988555360915 -0.38268285155019144 -0.1601184181271004
vn 0.9098988555360915 -0.38268285155019144 -0.1601184181271004
vn 0.9848671742629679 -2.529252144337818e-17 -0.17331084518655185
vn 0.9848671742629679 -2.529252144337818e-17 -0.17331084518655185
vn 0.9848671742629679 -2.529252144337818e-17 -0.17331084518655185
vn 0.9848671742629679 -2.529252144337818e-17 -0.17331084518655185
vn 0.9848671742629679 -2.529252144337818e-17 -0.17331084518655185
vn 0.9848671742629679 -2.529252144337818e-17 -0.17331084518655185
vn 0.9098985523763333 0.38268360086450587 -0.16011835001906705
vn 0.9098985523763333 0.38268360086450587 -0.16011835001906705
vn 0.9098985523763333 0.38268360086450587 -0.16011835001906705
vn 0.9098989439758057 0.3826828946053557 -0.1601178126511214
vn 0.9098989439758057 0.3826828946053557 -0.1601178126511214
vn 0.9098989439758057 0.3826828946053557 -0.1601178126511214
vn 0.3768924779527479 0.9238794971645771 -0.06632295817864053
vn 0.3768924779527479 0.9238794971645771 -0.06632295817864053
vn 0.3768924779527479 0.9238794971645771 -0.06632295817864053
vn 0.37689227473387465 0.9238795694992034 -0.06632310538486791
vn 0.37689227473387465 0.9238795694992034 -0.06632310538486791
vn 0.37689227473387465 0.9238795694992034 -0.06632310538486791
vn 0.3712805010730636 -0.9238795382980121 -0.09272210220431339
vn 0.3712805010730636 -0.9238795382980121 -0.09272210220431339
vn 0.3712805010730636 -0.9238795382980121 -0.09272210220431339
vn 0.3737919938024918 -0.9224933318854045 -0.0963618077669908
vn 0.3737919938024918 -0.9224933318854045 -0.0963618077669908
vn 0.3737919938024918 -0.9224933318854045 -0.0963618077669908
vn 0.8946688350627534 -0.38258620442425223 -0.23064143546141125
vn 0.8946688350627534 -0.38258620442425223 -0.23064143546141125
vn 0.8946688350627534 -0.38258620442425223 -0.23064143546141125
vn 0.8954213665076335 -0.3798547866862005 -0.23223031118521897
vn 0.8954213665076335 -0.3798547866862005 -0.23223031118521897
vn 0.8954213665076335 -0.3798547866862005 -0.23223031118521897
vn 0.9679748225780953 -2.0779893535389885e-17 -0.2510472920684562
vn 0.9679748225780953 -2.0779893535389885e-17 -0.2510472920684562
vn 0.9679748225780953 -2.0779893535389885e-17 -0.2510472920684562
vn 0.9679748225780953 -2.0779893535389885e-17 -0.2510472920684562
vn 0.9679748225780953 -2.0779893535389885e-17 -0.2510472920684562
vn 0.9679748225780953 -2.0779893535389885e-17 -0.2510472920684562
vn 0.8943394211104105 0.38256546379051065 -0.23194970524371722
vn 0.8943394211104105 0.38256546379051065 -0.23194970524371722
vn 0.8943394211104105 0.38256546379051065 -0.23194970524371722
vn 0.895951550013763 0.3793714594994495 -0.23097211031895823
vn 0.895951550013763 0.3793714594994495 -0.23097211031895823
vn 0.895951550013763 0.3793714594994495 -0.23097211031895823
vn 0.3706612815305186 0.9238395476467967 -0.09555472033298991
vn 0.3706612815305186 0.9238395476467967 -0.09555472033298991
vn 0.3706612815305186 0.9238395476467967 -0.09555472033298991
vn 0.3769970692234236 0.9214168634639823 -0.0941497398888911
vn 0.3769970692234236 0.9214168634639823 -0.0941497398888911
vn 0.3769970692234236 0.9214168634639823 -0.0941497398888911
vn -0.10738512685348929 -0.9214167412155876 -0.37344293210383167
vn -0.10738512685348929 -0.9214167412155876 -0.37344293210383167
vn -0.10738512685348929 -0.9214167412155876 -0.37344293210383167
vn -0.21801513545557963 -0.6988831137162831 -0.681198791891558
vn -0.21801513545557963 -0.6988831137162831 -0.681198791891558
vn -0.21801513545557963 -0.6988831137162831 -0.681198791891558
vn -0.28358458519626 -0.36667835487057754 -0.8860737932635587
vn -0.28358458519626 -0.36667835487057754 -0.8860737932635587
vn -0.28358458519626 -0.36667835487057754 -0.8860737932635587
vn -0.31280811285271154 -0.15852138485598877 -0.9364945568858715
vn -0.31280811285271154 -0.15852138485598877 -0.9364945568858715
vn -0.31280811285271154 -0.15852138485598877 -0.9364945568858715
vn -0.316814072904314 5.888758847203953e-17 -0.9484876610740807
vn -0.316814072904314 5.888758847203953e-17 -0.9484876610740807
vn -0.316814072904314 5.888758847203953e-17 -0.9484876610740807
vn -0.316814072904314 5.888758847203953e-17 -0.9484876610740807
vn -0.316814072904314 5.888758847203953e-17 -0.9484876610740807
vn -0.316814072904314 5.888758847203953e-17 -0.9484876610740807
vn -0.2952981441220431 0.36223542396945013 -0.8840726801003128
vn -0.2952981441220431 0.36223542396945013 -0.8840726801003128
vn -0.2952981441220431 0.36223542396945013 -0.8840726801003128
vn -0.30062024423295153 0.16534264019748257 -0.9393025498154716
vn -0.30062024423295153 0.16534264019748257 -0.9393025498154716
vn -0.30062024423295153 0.16534264019748257 -0.9393025498154716
vn -0.12166417410786862 0.9168899258607807 -0.38014562024790266
vn -0.12166417410786862 0.9168899258607807 -0.38014562024790266
vn -0.12166417410786862 0.9168899258607807 -0.38014562024790266
vn -0.18832102464961042 0.731869809619219 -0.6549059271703447
vn -0.18832102464961042 0.731869809619219 -0.6549059271703447
vn -0.18832102464961042 0.731869809619219 -0.6549059271703447
vn 0.5421584320803695 -0.7318696931519343 0.41283287995246787
vn 0.5421584320803695 -0.7318696931519343 0.41283287995246787
vn 0.5421584320803695 -0.7318696931519343 0.41283287995246787
vn 0.3102246903230999 -0.9168898817178146 0.25114455263339563
vn 0.3102246903230999 -0.9168898817178146 0.25114455263339563
vn 0.3102246903230999 -0.9168898817178146 0.25114455263339563
vn 0.7665346171033871 -0.16534261120990212 0.620553383441308
vn 0.7665346171033871 -0.16534261120990212 0.620553383441308
vn 0.7665346171033871 -0.16534261120990212 0.620553383441308
vn 0.7169867280242977 -0.36223539807762445 0.5955800099202095
vn 0.7169867280242977 -0.36223539807762445 0.5955800099202095
vn 0.7169867280242977 -0.36223539807762445 0.5955800099202095
vn 0.769227536634462 -5.888758847203953e-17 0.6389749579469275
vn 0.769227536634462 -5.888758847203953e-17 0.6389749579469275
vn 0.769227536634462 -5.888758847203953e-17 0.6389749579469275
vn 0.769227536634462 -5.888758847203953e-17 0.6389749579469275
vn 0.769227536634462 -5.888758847203953e-17 0.6389749579469275
vn 0.769227536634462 -5.888758847203953e-17 0.6389749579469275
vn 0.759501083663738 0.15852139938269827 0.6308954508088949
vn 0.759501083663738 0.15852139938269827 0.6308954508088949
vn 0.759501083663738 0.15852139938269827 0.6308954508088949
vn 0.7230963269750642 0.3666783806658873 0.585387621211291
vn 0.7230963269750642 0.3666783806658873 0.585387621211291
vn 0.7230963269750642 0.3666783806658873 0.585387621211291
vn 0.5559043456185907 0.6988832339271874 0.45003620283022017
vn 0.5559043456185907 0.6988832339271874 0.45003620283022017
vn 0.5559043456185907 0.6988832339271874 0.45003620283022017
vn 0.3091515119095724 0.9214167749584022 0.2354070294389756
vn 0.3091515119095724 0.9214167749584022 0.2354070294389756
vn 0.3091515119095724 0.9214167749584022 0.2354070294389756
f 2245/2245/2245 2246/2246/2246 2247/2247/2247
f 2248/2248/2248 2249/2249/2249 2250/2250/2250
f 2251/2251/2251 2252/2252/2252 2253/2253/2253
f 2254/2254/2254 2255/2255/2255 2256/2256/2256
f 2257/2257/2257 2258/2258/2258 2259/2259/2259
f 2260/2260/2260 2261/2261/2261 2262/2262/2262
f 2263/2263/2263 2264/2264/2264 2265/2265/2265
f 2266/2266/2266 2267/2267/2267 2268/2268/2268
f 2269/2269/2269 2270/2270/2270 2271/2271/2271
f 2272/2272/2272 2273/2273/2273 2274/2274/2274
f 2275/2275/2275 2276/2276/2276 2277/2277/2277
f 2278/2278/2278 2279/2279/2279 2280/2280/2280
f 2281/2281/2281 2282/2282/2282 2283/2283/2283
f 2284/2284/2284 2285/2285/2285 2286/2286/2286
f 2287/2287/2287 2288/2288/2288 2289/2289/2289
f 2290/2290/2290 2291/2291/2291 2292/2292/2292
f 2293/2293/2293 2294/2294/2294 2295/2295/2295
f 2296/2296/2296 2297/2297/2297 2298/2298/2298
f 2299/2299/2299 2300/2300/2300 2301/2301/2301
f 2302/2302/2302 2303/2303/2303 2304/2304/2304
f 2305/2305/2305 2306/2306/2306 2307/2307/2307
f 2308/2308/2308 2309/2309/2309 2310/2310/2310
f 2311/2311/2311 2312/2312/2312 2313/2313/2313
f 2314/2314/2314 2315/2315/2315 2316/2316/2316
f 2317/2317/2317 2318/2318/2318 2319/2319/2319
f 2320/2320/2320 2321/2321/2321 2322/2322/2322
f 2323/2323/2323 2324/2324/2324 2325/2325/2325
f 2326/2326/2326 2327/2327/2327 2328/2328/2328
f 2329/2329/2329 2330/2330/2330 2331/2331/2331
f 2332/2332/2332 2333/2333/2333 2334/2334/2334
f 2335/2335/2335 2336/2336/2336 2337/2337/2337
f 2338/2338/2338 2339/2339/2339 2340/2340/2340
f 2341/2341/2341 2342/2342/2342 2343/2343/2343
f 2344/2344/2344 2345/2345/2345 2346/2346/2346
f 2347/2347/2347 2348/2348/2348 2349/2349/2349
f 2350/2350/2350 2351/2351/2351 2352/2352/2352
f 2353/2353/2353 2354/2354/2354 2355/2355/2355
f 2356/2356/2356 2357/2357/2357 2358/2358/2358
f 2359/2359/2359 2360/2360/2360 2361/2361/2361
f 2362/2362/2362 2363/2363/2363 2364/2364/2364
f 2365/2365/2365 2366/2366/2366 2367/2367/2367
f 2368/2368/2368 2369/2369/2369 2370/2370/2370
f 2371/2371/2371 2372/2372/2372 2373/2373/2373
f 2374/2374/2374 2375/2375/2375 2376/2376/2376
f 2377/2377/2377 2378/2378/2378 2379/2379/2379
f 2380/2380/2380 2381/2381/2381 2382/2382/2382
f 2383/2383/2383 2384/2384/2384 2385/2385/2385
f 2386/2386/2386 2387/2387/2387 2388/2388/2388
f 2389/2389/2389 2390/2390/2390 2391/2391/2391
f 2392/2392/2392 2393/2393/2393 2394/2394/2394
f 2395/2395/2395 2396/2396/2396 2397/2397/2397
f 2398/2398/2398 2399/2399/2399 2400/2400/2400
f 2401/2401/2401 2402/2402/2402 2403/2403/2403
f 2404/2404/2404 2405/2405/2405 2406/2406/2406
f 2407/2407/2407 2408/2408/2408 2409/2409/2409
f 2410/2410/2410 2411/2411/2411 2412/2412/2412
f 2413/2413/2413 2414/2414/2414 2415/2415/2415
f 2416/2416/2416 2417/2417/2417 2418/2418/2418
f 2419/2419/2419 2420/2420/2420 2421/2421/2421
f 2422/2422/2422 2423/2423/2423 2424/2424/2424
f 2425/2425/2425 2426/2426/2426 2427/2427/2427
f 2428/2428/2428 2429/2429/2429 2430/2430/2430
f 2431/2431/2431 2432/2432/2432 2433/2433/2433
f 2434/2434/2434 2435/2435/2435 2436/2436/2436
f 2437/2437/2437 2438/2438/2438 2439/2439/2439
f 2440/2440/2440 2441/2441/2441 2442/2442/2442
f 2443/2443/2443 2444/2444/2444 2445/2445/2445
f 2446/2446/2446 2447/2447/2447 2448/2448/2448
f 2449/2449/2449 2450/2450/2450 2451/2451/2451
f 2452/2452/2452 2453/2453/2453 2454/2454/2454
f 2455/2455/2455 2456/2456/2456 2457/2457/2457
f 2458/2458/2458 2459/2459/2459 2460/2460/2460
f 2461/2461/2461 2462/2462/2462 2463/2463/2463
f 2464/2464/2464 2465/2465/2465 2466/2466/2466
f 2467/2467/2467 2468/2468/2468 2469/2469/2469
f 2470/2470/2470 2471/2471/2471 2472/2472/2472
f 2473/2473/2473 2474/2474/2474 2475/2475/2475
f 2476/2476/2476 2477/2477/2477 2478/2478/2478
f 2479/2479/2479 2480/2480/2480 2481/2481/2481
f 2482/2482/2482 2483/2483/2483 2484/2484/2484
f 2485/2485/2485 2486/2486/2486 2487/2487/2487
f 2488/2488/2488 2489/2489/2489 2490/2490/2490
f 2491/2491/2491 2492/2492/2492 2493/2493/2493
f 2494/2494/2494 2495/2495/2495 2496/2496/2496
f 2497/2497/2497 2498/2498/2498 2499/2499/2499
f 2500/2500/2500 2501/2501/2501 2502/2502/2502
f 2503/2503/2503 2504/2504/2504 2505/2505/2505
f 2506/2506/2506 2507/2507/2507 2508/2508/2508
f 2509/2509/2509 2510/2510/2510 2511/2511/2511
f 2512/2512/2512 2513/2513/2513 2514/2514/2514
f 2515/2515/2515 2516/2516/2516 2517/2517/2517
f 2518/2518/2518 2519/2519/2519 2520/2520/2520
f 2521/2521/2521 2522/2522/2522 2523/2523/2523
f 2524/2524/2524 2525/2525/2525 2526/2526/2526
f 2527/2527/2527 2528/2528/2528 2529/2529/2529
f 2530/2530/2530 2531/2531/2531 2532/2532/2532
f 2533/2533/2533 2534/2534/2534 2535/2535/2535
f 2536/2536/2536 2537/2537/2537 2538/2538/2538
f 2539/2539/2539 2540/2540/2540 2541/2541/2541
f 2542/2542/2542 2543/2543/2543 2544/2544/2544
f 2545/2545/2545 2546/2546/2546 2547/2547/2547
f 2548/2548/2548 2549/2549/2549 2550/2550/2550
f 2551/2551/2551 2552/2552/2552 2553/2553/2553
f 2554/2554/2554 2555/2555/2555 2556/2556/2556
f 2557/2557/2557 2558/2558/2558 2559/2559/2559
f 2560/2560/2560 2561/2561/2561 2562/2562/2562
f 2563/2563/2563 2564/2564/2564 2565/2565/2565
f 2566/2566/2566 2567/2567/2567 2568/2568/2568
f 2569/2569/2569 2570/2570/2570 2571/2571/2571
f 2572/2572/2572 2573/2573/2573 2574/2574/2574
f 2575/2575/2575 2576/2576/2576 2577/2577/2577
f 2578/2578/2578 2579/2579/2579 2580/2580/2580
f 2581/2581/2581 2582/2582/2582 2583/2583/2583
f 2584/2584/2584 2585/2585/2585 2586/2586/2586
f 2587/2587/2587 2588/2588/2588 2589/2589/2589
f 2590/2590/2590 2591/2591/2591 2592/2592/2592
f 2593/2593/2593 2594/2594/2594 2595/2595/2595
f 2596/2596/2596 2597/2597/2597 2598/2598/2598
f 2599/2599/2599 2600/2600/2600 2601/2601/2601
f 2602/2602/2602 2603/2603/2603 2604/2604/2604
f 2605/2605/2605 2606/2606/2606 2607/2607/2607
f 2608/2608/2608 2609/2609/2609 2610/2610/2610
f 2611/2611/2611 2612/2612/2612 2613/2613/2613
f 2614/2614/2614 2615/2615/2615 2616/2616/2616
f 2617/2617/2617 2618/2618/2618 2619/2619/2619
f 2620/2620/2620 2621/2621/2621 2622/2622/2622
f 2623/2623/2623 2624/2624/2624 2625/2625/2625
f 2626/2626/2626 2627/2627/2627 2628/2628/2628
f 2629/2629/2629 2630/2630/2630 2631/2631/2631
f 2632/2632/2632 2633/2633/2633 2634/2634/2634
f 2635/2635/2635 2636/2636/2636 2637/2637/2637
f 2638/2638/2638 2639/2639/2639 2640/2640/2640
f 2641/2641/2641 2642/2642/2642 2643/2643/2643
f 2644/2644/2644 2645/2645/2645 2646/2646/2646
f 2647/2647/2647 2648/2648/2648 2649/2649/2649
f 2650/2650/2650 2651/2651/2651 2652/2652/2652
f 2653/2653/2653 2654/2654/2654 2655/2655/2655
f 2656/2656/2656 2657/2657/2657 2658/2658/2658
f 2659/2659/2659 2660/2660/2660 2661/2661/2661
f 2662/2662/2662 2663/2663/2663 2664/2664/2664
f 2665/2665/2665 2666/2666/2666 2667/2667/2667
f 2668/2668/2668 2669/2669/2669 2670/2670/2670
f 2671/2671/2671 2672/2672/2672 2673/2673/2673
f 2674/2674/2674 2675/2675/2675 2676/2676/2676
f 2677/2677/2677 2678/2678/2678 2679/2679/2679
f 2680/2680/2680 2681/2681/2681 2682/2682/2682
f 2683/2683/2683 2684/2684/2684 2685/2685/2685
f 2686/2686/2686 2687/2687/2687 2688/2688/2688
f 2689/2689/2689 2690/2690/2690 2691/2691/2691
f 2692/2692/2692 2693/2693/2693 2694/2694/2694
f 2695/2695/2695 2696/2696/2696 2697/2697/2697
f 2698/2698/2698 2699/2699/2699 2700/2700/2700
f 2701/2701/2701 2702/2702/2702 2703/2703/2703
f 2704/2704/2704 2705/2705/2705 2706/2706/2706
f 2707/2707/2707 2708/2708/2708 2709/2709/2709
f 2710/2710/2710 2711/2711/2711 2712/2712/2712
f 2713/2713/2713 2714/2714/2714 2715/2715/2715
f 2716/2716/2716 2717/2717/2717 2718/2718/2718
f 2719/2719/2719 2720/2720/2720 2721/2721/2721
f 2722/2722/2722 2723/2723/2723 2724/2724/2724
f 2725/2725/2725 2726/2726/2726 2727/2727/2727
f 2728/2728/2728 2729/2729/2729 2730/2730/2730
f 2731/2731/2731 2732/2732/2732 2733/2733/2733
f 2734/2734/2734 2735/2735/2735 2736/2736/2736
f 2737/2737/2737 2738/2738/2738 2739/2739/2739
f 2740/2740/2740 2741/2741/2741 2742/2742/2742
f 2743/2743/2743 2744/2744/2744 2745/2745/2745
f 2746/2746/2746 2747/2747/2747 2748/2748/2748
f 2749/2749/2749 2750/2750/2750 2751/2751/2751
f 2752/2752/2752 2753/2753/2753 2754/2754/2754
f 2755/2755/2755 2756/2756/2756 2757/2757/2757
f 2758/2758/2758 2759/2759/2759 2760/2760/2760
f 2761/2761/2761 2762/2762/2762 2763/2763/2763
f 2764/2764/2764 2765/2765/2765 2766/2766/2766
f 2767/2767/2767 2768/2768/2768 2769/2769/2769
f 2770/2770/2770 2771/2771/2771 2772/2772/2772
f 2773/2773/2773 2774/2774/2774 2775/2775/2775
f 2776/2776/2776 2777/2777/2777 2778/2778/2778
f 2779/2779/2779 2780/2780/2780 2781/2781/2781
f 2782/2782/2782 2783/2783/2783 2784/2784/2784
f 2785/2785/2785 2786/2786/2786 2787/2787/2787
f 2788/2788/2788 2789/2789/2789 2790/2790/2790
f 2791/2791/2791 2792/2792/2792 2793/2793/2793
f 2794/2794/2794 2795/2795/2795 2796/2796/2796
f 2797/2797/2797 2798/2798/2798 2799/2799/2799
f 2800/2800/2800 2801/2801/2801 2802/2802/2802
f 2803/2803/2803 2804/2804/2804 2805/2805/2805
f 2806/2806/2806 2807/2807/2807 2808/2808/2808
f 2809/2809/2809 2810/2810/2810 2811/2811/2811
f 2812/2812/2812 2813/2813/2813 2814/2814/2814
f 2815/2815/2815 2816/2816/2816 2817/2817/2817
f 2818/2818/2818 2819/2819/2819 2820/2820/2820
f 2821/2821/2821 2822/2822/2822 2823/2823/2823
f 2824/2824/2824 2825/2825/2825 2826/2826/2826
f 2827/2827/2827 2828/2828/2828 2829/2829/2829
f 2830/2830/2830 2831/2831/2831 2832/2832/2832
f 2833/2833/2833 2834/2834/2834 2835/2835/2835
f 2836/2836/2836 2837/2837/2837 2838/2838/2838
f 2839/2839/2839 2840/2840/2840 2841/2841/2841
f 2842/2842/2842 2843/2843/2843 2844/2844/2844
f 2845/2845/2845 2846/2846/2846 2847/2847/2847
f 2848/2848/2848 2849/2849/2849 2850/2850/2850
f 2851/2851/2851 2852/2852/2852 2853/2853/2853
f 2854/2854/2854 2855/2855/2855 2856/2856/2856
f 2857/2857/2857 2858/2858/2858 2859/2859/2859
f 2860/2860/2860 2861/2861/2861 2862/2862/2862
f 2863/2863/2863 2864/2864/2864 2865/2865/2865
f 2866/2866/2866 2867/2867/2867 2868/2868/2868
f 2869/2869/2869 2870/2870/2870 2871/2871/2871
f 2872/2872/2872 2873/2873/2873 2874/2874/2874
f 2875/2875/2875 2876/2876/2876 2877/2877/2877
f 2878/2878/2878 2879/2879/2879 2880/2880/2880
f 2881/2881/2881 2882/2882/2882 2883/2883/2883
f 2884/2884/2884 2885/2885/2885 2886/2886/2886
f 2887/2887/2887 2888/2888/2888 2889/2889/2889
f 2890/2890/2890 2891/2891/2891 2892/2892/2892
f 2893/2893/2893 2894/2894/2894 2895/2895/2895
f 2896/2896/2896 2897/2897/2897 2898/2898/2898
f 2899/2899/2899 2900/2900/2900 2901/2901/2901
f 2902/2902/2902 2903/2903/2903 2904/2904/2904
f 2905/2905/2905 2906/2906/2906 2907/2907/2907
f 2908/2908/2908 2909/2909/2909 2910/2910/2910
f 2911/2911/2911 2912/2912/2912 2913/2913/2913
f 2914/2914/2914 2915/2915/2915 2916/2916/2916
f 2917/2917/2917 2918/2918/2918 2919/2919/2919
f 2920/2920/2920 2921/2921/2921 2922/2922/2922
f 2923/2923/2923 2924/2924/2924 2925/2925/2925
f 2926/2926/2926 2927/2927/2927 2928/2928/2928
f 2929/2929/2929 2930/2930/2930 2931/2931/2931
f 2932/2932/2932 2933/2933/2933 2934/2934/2934
f 2935/2935/2935 2936/2936/2936 2937/2937/2937
f 2938/2938/2938 2939/2939/2939 2940/2940/2940
f 2941/2941/2941 2942/2942/2942 2943/2943/2943
f 2944/2944/2944 2945/2945/2945 2946/2946/2946
f 2947/2947/2947 2948/2948/2948 2949/2949/2949
f 2950/2950/2950 2951/2951/2951 2952/2952/2952
f 2953/2953/2953 2954/2954/2954 2955/2955/2955
f 2956/2956/2956 2957/2957/2957 2958/2958/2958
f 2959/2959/2959 2960/2960/2960 2961/2961/2961
f 2962/2962/2962 2963/2963/2963 2964/2964/2964
f 2965/2965/2965 2966/2966/2966 2967/2967/2967
f 2968/2968/2968 2969/2969/2969 2970/2970/2970
f 2971/2971/2971 2972/2972/2972 2973/2973/2973
f 2974/2974/2974 2975/2975/2975 2976/2976/2976
f 2977/2977/2977 2978/2978/2978 2979/2979/2979
f 2980/2980/2980 2981/2981/2981 2982/2982/2982
f 2983/2983/2983 2984/2984/2984 2985/2985/2985
f 2986/2986/2986 2987/2987/2987 2988/2988/2988
f 2989/2989/2989 2990/2990/2990 2991/2991/2991
f 2992/2992/2992 2993/2993/2993 2994/2994/2994
f 2995/2995/2995 2996/2996/2996 2997/2997/2997
f 2998/2998/2998 2999/2999/2999 3000/3000/3000
f 3001/3001/3001 3002/3002/3002 3003/3003/3003
f 3004/3004/3004 3005/3005/3005 3006/3006/3006
f 3007/3007/3007 3008/3008/3008 3009/3009/3009
f 3010/3010/3010 3011/3011/3011 3012/3012/3012
f 3013/3013/3013 3014/3014/3014 3015/3015/3015
f 3016/3016/3016 3017/3017/3017 3018/3018/3018
f 3019/3019/3019 3020/3020/3020 3021/3021/3021
f 3022/3022/3022 3023/3023/3023 3024/3024/3024
f 3025/3025/3025 3026/3026/3026 3027/3027/3027
f 3028/3028/3028 3029/3029/3029 3030/3030/3030
f 3031/3031/3031 3032/3032/3032 3033/3033/3033
f 3034/3034/3034 3035/3035/3035 3036/3036/3036
f 3037/3037/3037 3038/3038/3038 3039/3039/3039
f 3040/3040/3040 3041/3041/3041 3042/3042/3042
f 3043/3043/3043 3044/3044/3044 3045/3045/3045
f 3046/3046/3046 3047/3047/3047 3048/3048/3048
f 3049/3049/3049 3050/3050/3050 3051/3051/3051
f 3052/3052/3052 3053/3053/3053 3054/3054/3054
f 3055/3055/3055 3056/3056/3056 3057/3057/3057
f 3058/3058/3058 3059/3059/3059 3060/3060/3060
f 3061/3061/3061 3062/3062/3062 3063/3063/3063
f 3064/3064/3064 3065/3065/3065 3066/3066/3066
f 3067/3067/3067 3068/3068/3068 3069/3069/3069
f 3070/3070/3070 3071/3071/3071 3072/3072/3072
f 3073/3073/3073 3074/3074/3074 3075/3075/3075
f 3076/3076/3076 3077/3077/3077 3078/3078/3078
f 3079/3079/3079 3080/3080/3080 3081/3081/3081
f 3082/3082/3082 3083/3083/3083 3084/3084/3084
f 3085/3085/3085 3086/3086/3086 3087/3087/3087
f 3088/3088/3088 3089/3089/3089 3090/3090/3090
f 3091/3091/3091 3092/3092/3092 3093/3093/3093
f 3094/3094/3094 3095/3095/3095 3096/3096/3096
f 3097/3097/3097 3098/3098/3098 3099/3099/3099
f 3100/3100/3100 3101/3101/3101 3102/3102/3102
f 3103/3103/3103 3104/3104/3104 3105/3105/3105
f 3106/3106/3106 3107/3107/3107 3108/3108/3108
f 3109/3109/3109 3110/3110/3110 3111/3111/3111
f 3112/3112/3112 3113/3113/3113 3114/3114/3114
f 3115/3115/3115 3116/3116/3116 3117/3117/3117
f 3118/3118/3118 3119/3119/3119 3120/3120/3120
f 3121/3121/3121 3122/3122/3122 3123/3123/3123
f 3124/3124/3124 3125/3125/3125 3126/3126/3126
f 3127/3127/3127 3128/3128/3128 3129/3129/3129
f 3130/3130/3130 3131/3131/3131 3132/3132/3132
f 3133/3133/3133 3134/3134/3134 3135/3135/3135
f 3136/3136/3136 3137/3137/3137 3138/3138/3138
f 3139/3139/3139 3140/3140/3140 3141/3141/3141
f 3142/3142/3142 3143/3143/3143 3144/3144/3144
f 3145/3145/3145 3146/3146/3146 3147/3147/3147
f 3148/3148/3148 3149/3149/3149 3150/3150/3150
f 3151/3151/3151 3152/3152/3152 3153/3153/3153
f 3154/3154/3154 3155/3155/3155 3156/3156/3156
f 3157/3157/3157 3158/3158/3158 3159/3159/3159
f 3160/3160/3160 3161/3161/3161 3162/3162/3162
f 3163/3163/3163 3164/3164/3164 3165/3165/3165
f 3166/3166/3166 3167/3167/3167 3168/3168/3168
f 3169/3169/3169 3170/3170/3170 3171/3171/3171
f 3172/3172/3172 3173/3173/3173 3174/3174/3174
f 3175/3175/3175 3176/3176/3176 3177/3177/3177
f 3178/3178/3178 3179/3179/3179 3180/3180/3180
f 3181/3181/3181 3182/3182/3182 3183/3183/3183
f 3184/3184/3184 3185/3185/3185 3186/3186/3186
f 3187/3187/3187 3188/3188/3188 3189/3189/3189
f 3190/3190/3190 3191/3191/3191 3192/3192/3192
f 3193/3193/3193 3194/3194/3194 3195/3195/3195
f 3196/3196/3196 3197/3197/3197 3198/3198/3198
f 3199/3199/3199 3200/3200/3200 3201/3201/3201
f 3202/3202/3202 3203/3203/3203 3204/3204/3204
f 3205/3205/3205 3206/3206/3206 3207/3207/3207
f 3208/3208/3208 3209/3209/3209 3210/3210/3210
f 3211/3211/3211 3212/3212/3212 3213/3213/3213
f 3214/3214/3214 3215/3215/3215 3216/3216/3216
f 3217/3217/3217 3218/3218/3218 3219/3219/3219
f 3220/3220/3220 3221/3221/3221 3222/3222/3222
f 3223/3223/3223 3224/3224/3224 3225/3225/3225
f 3226/3226/3226 3227/3227/3227 3228/3228/3228
f 3229/3229/3229 3230/3230/3230 3231/3231/3231
f 3232/3232/3232 3233/3233/3233 3234/3234/3234
f 3235/3235/3235 3236/3236/3236 3237/3237/3237
f 3238/3238/3238 3239/3239/3239 3240/3240/3240
f 3241/3241/3241 3242/3242/3242 3243/3243/3243
f 3244/3244/3244 3245/3245/3245 3246/3246/3246
f 3247/3247/3247 3248/3248/3248 3249/3249/3249
f 3250/3250/3250 3251/3251/3251 3252/3252/3252
f 3253/3253/3253 3254/3254/3254 3255/3255/3255
f 3256/3256/3256 3257/3257/3257 3258/3258/3258
f 3259/3259/3259 3260/3260/3260 3261/3261/3261
f 3262/3262/3262 3263/3263/3263 3264/3264/3264
f 3265/3265/3265 3266/3266/3266 3267/3267/3267
f 3268/3268/3268 3269/3269/3269 3270/3270/3270
f 3271/3271/3271 3272/3272/3272 3273/3273/3273
f 3274/3274/3274 3275/3275/3275 3276/3276/3276
f 3277/3277/3277 3278/3278/3278 3279/3279/3279
f 3280/3280/3280 3281/3281/3281 3282/3282/3282
f 3283/3283/3283 3284/3284/3284 3285/3285/3285
f 3286/3286/3286 3287/3287/3287 3288/3288/3288
f 3289/3289/3289 3290/3290/3290 3291/3291/3291
f 3292/3292/3292 3293/3293/3293 3294/3294/3294
f 3295/3295/3295 3296/3296/3296 3297/3297/3297
f 3298/3298/3298 3299/3299/3299 3300/3300/3300
f 3301/3301/3301 3302/3302/3302 3303/3303/3303
f 3304/3304/3304 3305/3305/3305 3306/3306/3306
f 3307/3307/3307 3308/3308/3308 3309/3309/3309
f 3310/3310/3310 3311/3311/3311 3312/3312/3312
f 3313/3313/3313 3314/3314/3314 3315/3315/3315
f 3316/3316/3316 3317/3317/3317 3318/3318/3318
f 3319/3319/3319 3320/3320/3320 3321/3321/3321
f 3322/3322/3322 3323/3323/3323 3324/3324/3324
f 3325/3325/3325 3326/3326/3326 3327/3327/3327
f 3328/3328/3328 3329/3329/3329 3330/3330/3330
f 3331/3331/3331 3332/3332/3332 3333/3333/3333
f 3334/3334/3334 3335/3335/3335 3336/3336/3336
f 3337/3337/3337 3338/3338/3338 3339/3339/3339
f 3340/3340/3340 3341/3341/3341 3342/3342/3342
f 3343/3343/3343 3344/3344/3344 3345/3345/3345
f 3346/3346/3346 3347/3347/3347 3348/3348/3348
f 3349/3349/3349 3350/3350/3350 3351/3351/3351
f 3352/3352/3352 3353/3353/3353 3354/3354/3354
f 3355/3355/3355 3356/3356/3356 3357/3357/3357
f 3358/3358/3358 3359/3359/3359 3360/3360/3360
f 3361/3361/3361 3362/3362/3362 3363/3363/3363
f 3364/3364/3364 3365/3365/3365 3366/3366/3366
f 3367/3367/3367 3368/3368/3368 3369/3369/3369
f 3370/3370/3370 3371/3371/3371 3372/3372/3372
f 3373/3373/3373 3374/3374/3374 3375/3375/3375
f 3376/3376/3376 3377/3377/3377 3378/3378/3378
f 3379/3379/3379 3380/3380/3380 3381/3381/3381
f 3382/3382/3382 3383/3383/3383 3384/3384/3384
f 3385/3385/3385 3386/3386/3386 3387/3387/3387
f 3388/3388/3388 3389/3389/3389 3390/3390/3390
f 3391/3391/3391 3392/3392/3392 3393/3393/3393
f 3394/3394/3394 3395/3395/3395 3396/3396/3396
f 3397/3397/3397 3398/3398/3398 3399/3399/3399
f 3400/3400/3400 3401/3401/3401 3402/3402/3402
f 3403/3403/3403 3404/3404/3404 3405/3405/3405
f 3406/3406/3406 3407/3407/3407 3408/3408/3408
f 3409/3409/3409 3410/3410/3410 3411/3411/3411
f 3412/3412/3412 3413/3413/3413 3414/3414/3414
f 3415/3415/3415 3416/3416/3416 3417/3417/3417
f 3418/3418/3418 3419/3419/3419 3420/3420/3420
f 3421/3421/3421 3422/3422/3422 3423/3423/3423
f 3424/3424/3424 3425/3425/3425 3426/3426/3426
f 3427/3427/3427 3428/3428/3428 3429/3429/3429
f 3430/3430/3430 3431/3431/3431 3432/3432/3432
f 3433/3433/3433 3434/3434/3434 3435/3435/3435
f 3436/3436/3436 3437/3437/3437 3438/3438/3438
f 3439/3439/3439 3440/3440/3440 3441/3441/3441
f 3442/3442/3442 3443/3443/3443 3444/3444/3444
f 3445/3445/3445 3446/3446/3446 3447/3447/3447
f 3448/3448/3448 3449/3449/3449 3450/3450/3450
f 3451/3451/3451 3452/3452/3452 3453/3453/3453
f 3454/3454/3454 3455/3455/3455 3456/3456/3456
f 3457/3457/3457 3458/3458/3458 3459/3459/3459
f 3460/3460/3460 3461/3461/3461 3462/3462/3462
f 3463/3463/3463 3464/3464/3464 3465/3465/3465
f 3466/3466/3466 3467/3467/3467 3468/3468/3468
f 3469/3469/3469 3470/3470/3470 3471/3471/3471
f 3472/3472/3472 3473/3473/3473 3474/3474/3474
f 3475/3475/3475 3476/3476/3476 3477/3477/3477
f 3478/3478/3478 3479/3479/3479 3480/3480/3480
f 3481/3481/3481 3482/3482/3482 3483/3483/3483
f 3484/3484/3484 3485/3485/3485 3486/3486/3486
f 3487/3487/3487 3488/3488/3488 3489/3489/3489
f 3490/3490/3490 3491/3491/3491 3492/3492/3492
f 3493/3493/3493 3494/3494/3494 3495/3495/3495
f 3496/3496/3496 3497/3497/3497 3498/3498/3498
f 3499/3499/3499 3500/3500/3500 3501/3501/3501
f 3502/3502/3502 3503/3503/3503 3504/3504/3504
f 3505/3505/3505 3506/3506/3506 3507/3507/3507
f 3508/3508/3508 3509/3509/3509 3510/3510/3510
f 3511/3511/3511 3512/3512/3512 3513/3513/3513
f 3514/3514/3514 3515/3515/3515 3516/3516/3516
f 3517/3517/3517 3518/3518/3518 3519/3519/3519
f 3520/3520/3520 3521/3521/3521 3522/3522/3522
f 3523/3523/3523 3524/3524/3524 3525/3525/3525
f 3526/3526/3526 3527/3527/3527 3528/3528/3528
f 3529/3529/3529 3530/3530/3530 3531/3531/3531
f 3532/3532/3532 3533/3533/3533 3534/3534/3534
f 3535/3535/3535 3536/3536/3536 3537/3537/3537
f 3538/3538/3538 3539/3539/3539 3540/3540/3540
f 3541/3541/3541 3542/3542/3542 3543/3543/3543
f 3544/3544/3544 3545/3545/3545 3546/3546/3546
f 3547/3547/3547 3548/3548/3548 3549/3549/3549
f 3550/3550/3550 3551/3551/3551 3552/3552/3552
f 3553/3553/3553 3554/3554/3554 3555/3555/3555
f 3556/3556/3556 3557/3557/3557 3558/3558/3558
f 3559/3559/3559 3560/3560/3560 3561/3561/3561
f 3562/3562/3562 3563/3563/3563 3564/3564/3564
f 3565/3565/3565 3566/3566/3566 3567/3567/3567
f 3568/3568/3568 3569/3569/3569 3570/3570/3570
f 3571/3571/3571 3572/3572/3572 3573/3573/3573
f 3574/3574/3574 3575/3575/3575 3576/3576/3576
f 3577/3577/3577 3578/3578/3578 3579/3579/3579
f 3580/3580/3580 3581/3581/3581 3582/3582/3582
f 3583/3583/3583 3584/3584/3584 3585/3585/3585
f 3586/3586/3586 3587/3587/3587 3588/3588/3588
f 3589/3589/3589 3590/3590/3590 3591/3591/3591
f 3592/3592/3592 3593/3593/3593 3594/3594/3594
f 3595/3595/3595 3596/3596/3596 3597/3597/3597
f 3598/3598/3598 3599/3599/3599 3600/3600/3600
f 3601/3601/3601 3602/3602/3602 3603/3603/3603
f 3604/3604/3604 3605/3605/3605 3606/3606/3606
f 3607/3607/3607 3608/3608/3608 3609/3609/3609
f 3610/3610/3610 3611/3611/3611 3612/3612/3612
f 3613/3613/3613 3614/3614/3614 3615/3615/3615
f 3616/3616/3616 3617/3617/3617 3618/3618/3618
f 3619/3619/3619 3620/3620/3620 3621/3621/3621
f 3622/3622/3622 3623/3623/3623 3624/3624/3624
f 3625/3625/3625 3626/3626/3626 3627/3627/3627
f 3628/3628/3628 3629/3629/3629 3630/3630/3630
f 3631/3631/3631 3632/3632/3632 3633/3633/3633
f 3634/3634/3634 3635/3635/3635 3636/3636/3636
f 3637/3637/3637 3638/3638/3638 3639/3639/3639
f 3640/3640/3640 3641/3641/3641 3642/3642/3642
f 3643/3643/3643 3644/3644/3644 3645/3645/3645
f 3646/3646/3646 3647/3647/3647 3648/3648/3648
f 3649/3649/3649 3650/3650/3650 3651/3651/3651
f 3652/3652/3652 3653/3653/3653 3654/3654/3654
f 3655/3655/3655 3656/3656/3656 3657/3657/3657
f 3658/3658/3658 3659/3659/3659 3660/3660/3660
f 3661/3661/3661 3662/3662/3662 3663/3663/3663
f 3664/3664/3664 3665/3665/3665 3666/3666/3666
f 3667/3667/3667 3668/3668/3668 3669/3669/3669
f 3670/3670/3670 3671/3671/3671 3672/3672/3672
f 3673/3673/3673 3674/3674/3674 3675/3675/3675
f 3676/3676/3676 3677/3677/3677 3678/3678/3678
f 3679/3679/3679 3680/3680/3680 3681/3681/3681
f 3682/3682/3682 3683/3683/3683 3684/3684/3684
f 3685/3685/3685 3686/3686/3686 3687/3687/3687
f 3688/3688/3688 3689/3689/3689 3690/3690/3690
f 3691/3691/3691 3692/3692/3692 3693/3693/3693
f 3694/3694/3694 3695/3695/3695 3696/3696/3696
f 3697/3697/3697 3698/3698/3698 3699/3699/3699
f 3700/3700/3700 3701/3701/3701 3702/3702/3702
f 3703/3703/3703 3704/3704/3704 3705/3705/3705
f 3706/3706/3706 3707/3707/3707 3708/3708/3708
f 3709/3709/3709 3710/3710/3710 3711/3711/3711
f 3712/3712/3712 3713/3713/3713 3714/3714/3714
f 3715/3715/3715 3716/3716/3716 3717/3717/3717
f 3718/3718/3718 3719/3719/3719 3720/3720/3720
f 3721/3721/3721 3722/3722/3722 3723/3723/3723
f 3724/3724/3724 3725/3725/3725 3726/3726/3726
f 3727/3727/3727 3728/3728/3728 3729/3729/3729
f 3730/3730/3730 3731/3731/3731 3732/3732/3732
f 3733/3733/3733 3734/3734/3734 3735/3735/3735
f 3736/3736/3736 3737/3737/3737 3738/3738/3738
f 3739/3739/3739 3740/3740/3740 3741/3741/3741
f 3742/3742/3742 3743/3743/3743 3744/3744/3744
f 3745/3745/3745 3746/3746/3746 3747/3747/3747
f 3748/3748/3748 3749/3749/3749 3750/3750/3750
f 3751/3751/3751 3752/3752/3752 3753/3753/3753
f 3754/3754/3754 3755/3755/3755 3756/3756/3756
f 3757/3757/3757 3758/3758/3758 3759/3759/3759
f 3760/3760/3760 3761/3761/3761 3762/3762/3762
f 3763/3763/3763 3764/3764/3764 3765/3765/3765
f 3766/3766/3766 3767/3767/3767 3768/3768/3768
f 3769/3769/3769 3770/3770/3770 3771/3771/3771
f 3772/3772/3772 3773/3773/3773 3774/3774/3774
f 3775/3775/3775 3776/3776/3776 3777/3777/3777
f 3778/3778/3778 3779/3779/3779 3780/3780/3780
f 3781/3781/3781 3782/3782/3782 3783/3783/3783
f 3784/3784/3784 3785/3785/3785 3786/3786/3786
f 3787/3787/3787 3788/3788/3788 3789/3789/3789
f 3790/3790/3790 3791/3791/3791 3792/3792/3792
f 3793/3793/3793 3794/3794/3794 3795/3795/3795
f 3796/3796/3796 3797/3797/3797 3798/3798/3798
f 3799/3799/3799 3800/3800/3800 3801/3801/3801
f 3802/3802/3802 3803/3803/3803 3804/3804/3804
f 3805/3805/3805 3806/3806/3806 3807/3807/3807
f 3808/3808/3808 3809/3809/3809 3810/3810/3810
f 3811/3811/3811 3812/3812/3812 3813/3813/3813
f 3814/3814/3814 3815/3815/3815 3816/3816/3816
f 3817/3817/3817 3818/3818/3818 3819/3819/3819
f 3820/3820/3820 3821/3821/3821 3822/3822/3822
f 3823/3823/3823 3824/3824/3824 3825/3825/3825
f 3826/3826/3826 3827/3827/3827 3828/3828/3828
f 3829/3829/3829 3830/3830/3830 3831/3831/3831
f 3832/3832/3832 3833/3833/3833 3834/3834/3834
f 3835/3835/3835 3836/3836/3836 3837/3837/3837
f 3838/3838/3838 3839/3839/3839 3840/3840/3840
f 3841/3841/3841 3842/3842/3842 3843/3843/3843
f 3844/3844/3844 3845/3845/3845 3846/3846/3846
f 3847/3847/3847 3848/3848/3848 3849/3849/3849
f 3850/3850/3850 3851/3851/3851 3852/3852/3852
f 3853/3853/3853 3854/3854/3854 3855/3855/3855
f 3856/3856/3856 3857/3857/3857 3858/3858/3858
f 3859/3859/3859 3860/3860/3860 3861/3861/3861
f 3862/3862/3862 3863/3863/3863 3864/3864/3864
f 3865/3865/3865 3866/3866/3866 3867/3867/3867
f 3868/3868/3868 3869/3869/3869 3870/3870/3870
f 3871/3871/3871 3872/3872/3872 3873/3873/3873
f 3874/3874/3874 3875/3875/3875 3876/3876/3876
f 3877/3877/3877 3878/3878/3878 3879/3879/3879
f 3880/3880/3880 3881/3881/3881 3882/3882/3882
f 3883/3883/3883 3884/3884/3884 3885/3885/3885
f 3886/3886/3886 3887/3887/3887 3888/3888/3888
f 3889/3889/3889 3890/3890/3890 3891/3891/3891
f 3892/3892/3892 3893/3893/3893 3894/3894/3894
f 3895/3895/3895 3896/3896/3896 3897/3897/3897
f 3898/3898/3898 3899/3899/3899 3900/3900/3900
f 3901/3901/3901 3902/3902/3902 3903/3903/3903
f 3904/3904/3904 3905/3905/3905 3906/3906/3906
f 3907/3907/3907 3908/3908/3908 3909/3909/3909
f 3910/3910/3910 3911/3911/3911 3912/3912/3912
f 3913/3913/3913 3914/3914/3914 3915/3915/3915
f 3916/3916/3916 3917/3917/3917 3918/3918/3918
f 3919/3919/3919 3920/3920/3920 3921/3921/3921
f 3922/3922/3922 3923/3923/3923 3924/3924/3924
f 3925/3925/3925 3926/3926/3926 3927/3927/3927
f 3928/3928/3928 3929/3929/3929 3930/3930/3930
f 3931/3931/3931 3932/3932/3932 3933/3933/3933
f 3934/3934/3934 3935/3935/3935 3936/3936/3936
f 3937/3937/3937 3938/3938/3938 3939/3939/3939
f 3940/3940/3940 3941/3941/3941 3942/3942/3942
f 3943/3943/3943 3944/3944/3944 3945/3945/3945
f 3946/3946/3946 3947/3947/3947 3948/3948/3948
f 3949/3949/3949 3950/3950/3950 3951/3951/3951
f 3952/3952/3952 3953/3953/3953 3954/3954/3954
f 3955/3955/3955 3956/3956/3956 3957/3957/3957
f 3958/3958/3958 3959/3959/3959 3960/3960/3960
f 3961/3961/3961 3962/3962/3962 3963/3963/3963
f 3964/3964/3964 3965/3965/3965 3966/3966/3966
f 3967/3967/3967 3968/3968/3968 3969/3969/3969
f 3970/3970/3970 3971/3971/3971 3972/3972/3972
f 3973/3973/3973 3974/3974/3974 3975/3975/3975
f 3976/3976/3976 3977/3977/3977 3978/3978/3978
f 3979/3979/3979 3980/3980/3980 3981/3981/3981
f 3982/3982/3982 3983/3983/3983 3984/3984/3984
f 3985/3985/3985 3986/3986/3986 3987/3987/3987
f 3988/3988/3988 3989/3989/3989 3990/3990/3990
f 3991/3991/3991 3992/3992/3992 3993/3993/3993
f 3994/3994/3994 3995/3995/3995 3996/3996/3996
f 3997/3997/3997 3998/3998/3998 3999/3999/3999
f 4000/4000/4000 4001/4001/4001 4002/4002/4002
f 4003/4003/4003 4004/4004/4004 4005/4005/4005
f 4006/4006/4006 4007/4007/4007 4008/4008/4008
f 4009/4009/4009 4010/4010/4010 4011/4011/4011
f 4012/4012/4012 4013/4013/4013 4014/4014/4014
f 4015/4015/4015 4016/4016/4016 4017/4017/4017
f 4018/4018/4018 4019/4019/4019 4020/4020/4020
f 4021/4021/4021 4022/4022/4022 4023/4023/4023
f 4024/4024/4024 4025/4025/4025 4026/4026/4026
f 4027/4027/4027 4028/4028/4028 4029/4029/4029
f 4030/4030/4030 4031/4031/4031 4032/4032/4032
f 4033/4033/4033 4034/4034/4034 4035/4035/4035
f 4036/4036/4036 4037/4037/4037 4038/4038/4038
f 4039/4039/4039 4040/4040/4040 4041/4041/4041
f 4042/4042/4042 4043/4043/4043 4044/4044/4044
f 4045/4045/4045 4046/4046/4046 4047/4047/4047
f 4048/4048/4048 4049/4049/4049 4050/4050/4050
f 4051/4051/4051 4052/4052/4052 4053/4053/4053
f 4054/4054/4054 4055/4055/4055 4056/4056/4056
f 4057/4057/4057 4058/4058/4058 4059/4059/4059
f 4060/4060/4060 4061/4061/4061 4062/4062/4062
f 4063/4063/4063 4064/4064/4064 4065/4065/4065
f 4066/4066/4066 4067/4067/4067 4068/4068/4068
f 4069/4069/4069 4070/4070/4070 4071/4071/4071
f 4072/4072/4072 4073/4073/4073 4074/4074/4074
f 4075/4075/4075 4076/4076/4076 4077/4077/4077
f 4078/4078/4078 4079/4079/4079 4080/4080/4080
f 4081/4081/4081 4082/4082/4082 4083/4083/4083
f 4084/4084/4084 4085/4085/4085 4086/4086/4086
f 4087/4087/4087 4088/4088/4088 4089/4089/4089
f 4090/4090/4090 4091/4091/4091 4092/4092/4092
f 4093/4093/4093 4094/4094/4094 4095/4095/4095
f 4096/4096/4096 4097/4097/4097 4098/4098/4098
f 4099/4099/4099 4100/4100/4100 4101/4101/4101
f 4102/4102/4102 4103/4103/4103 4104/4104/4104
f 4105/4105/4105 4106/4106/4106 4107/4107/4107
f 4108/4108/4108 4109/4109/4109 4110/4110/4110
f 4111/4111/4111 4112/4112/4112 4113/4113/4113
f 4114/4114/4114 4115/4115/4115 4116/4116/4116
f 4117/4117/4117 4118/4118/4118 4119/4119/4119
f 4120/4120/4120 4121/4121/4121 4122/4122/4122
f 4123/4123/4123 4124/4124/4124 4125/4125/4125
f 4126/4126/4126 4127/4127/4127 4128/4128/4128
f 4129/4129/4129 4130/4130/4130 4131/4131/4131
f 4132/4132/4132 4133/4133/4133 4134/4134/4134
f 4135/4135/4135 4136/4136/4136 4137/4137/4137
f 4138/4138/4138 4139/4139/4139 4140/4140/4140
f 4141/4141/4141 4142/4142/4142 4143/4143/4143
f 4144/4144/4144 4145/4145/4145 4146/4146/4146
f 4147/4147/4147 4148/4148/4148 4149/4149/4149
f 4150/4150/4150 4151/4151/4151 4152/4152/4152
f 4153/4153/4153 4154/4154/4154 4155/4155/4155
f 4156/4156/4156 4157/4157/4157 4158/4158/4158
f 4159/4159/4159 4160/4160/4160 4161/4161/4161
f 4162/4162/4162 4163/4163/4163 4164/4164/4164
f 4165/4165/4165 4166/4166/4166 4167/4167/4167
f 4168/4168/4168 4169/4169/4169 4170/4170/4170
f 4171/4171/4171 4172/4172/4172 4173/4173/4173
f 4174/4174/4174 4175/4175/4175 4176/4176/4176
f 4177/4177/4177 4178/4178/4178 4179/4179/4179
f 4180/4180/4180 4181/4181/4181 4182/4182/4182
f 4183/4183/4183 4184/4184/4184 4185/4185/4185
f 4186/4186/4186 4187/4187/4187 4188/4188/4188
f 4189/4189/4189 4190/4190/4190 4191/4191/4191
f 4192/4192/4192 4193/4193/4193 4194/4194/4194
f 4195/4195/4195 4196/4196/4196 4197/4197/4197
f 4198/4198/4198 4199/4199/4199 4200/4200/4200
f 4201/4201/4201 4202/4202/4202 4203/4203/4203
f 4204/4204/4204 4205/4205/4205 4206/4206/4206
f 4207/4207/4207 4208/4208/4208 4209/4209/4209
f 4210/4210/4210 4211/4211/4211 4212/4212/4212
f 4213/4213/4213 4214/4214/4214 4215/4215/4215
f 4216/4216/4216 4217/4217/4217 4218/4218/4218
f 4219/4219/4219 4220/4220/4220 4221/4221/4221
f 4222/4222/4222 4223/4223/4223 4224/4224/4224
f 4225/4225/4225 4226/4226/4226 4227/4227/4227
f 4228/4228/4228 4229/4229/4229 4230/4230/4230
f 4231/4231/4231 4232/4232/4232 4233/4233/4233
f 4234/4234/4234 4235/4235/4235 4236/4236/4236
f 4237/4237/4237 4238/4238/4238 4239/4239/4239
f 4240/4240/4240 4241/4241/4241 4242/4242/4242
f 4243/4243/4243 4244/4244/4244 4245/4245/4245
f 4246/4246/4246 4247/4247/4247 4248/4248/4248
f 4249/4249/4249 4250/4250/4250 4251/4251/4251
f 4252/4252/4252 4253/4253/4253 4254/4254/4254
f 4255/4255/4255 4256/4256/4256 4257/4257/4257
f 4258/4258/4258 4259/4259/4259 4260/4260/4260
f 4261/4261/4261 4262/4262/4262 4263/4263/4263
f 4264/4264/4264 4265/4265/4265 4266/4266/4266
f 4267/4267/4267 4268/4268/4268 4269/4269/4269
f 4270/4270/4270 4271/4271/4271 4272/4272/4272
f 4273/4273/4273 4274/4274/4274 4275/4275/4275
f 4276/4276/4276 4277/4277/4277 4278/4278/4278
f 4279/4279/4279 4280/4280/4280 4281/4281/4281
f 4282/4282/4282 4283/4283/4283 4284/4284/4284
f 4285/4285/4285 4286/4286/4286 4287/4287/4287
f 4288/4288/4288 4289/4289/4289 4290/4290/4290
f 4291/4291/4291 4292/4292/4292 4293/4293/4293
f 4294/4294/4294 4295/4295/4295 4296/4296/4296
f 4297/4297/4297 4298/4298/4298 4299/4299/4299
f 4300/4300/4300 4301/4301/4301 4302/4302/4302
f 4303/4303/4303 4304/4304/4304 4305/4305/4305
f 4306/4306/4306 4307/4307/4307 4308/4308/4308
f 4309/4309/4309 4310/4310/4310 4311/4311/4311
f 4312/4312/4312 4313/4313/4313 4314/4314/4314
f 4315/4315/4315 4316/4316/4316 4317/4317/4317
f 4318/4318/4318 4319/4319/4319 4320/4320/4320
f 4321/4321/4321 4322/4322/4322 4323/4323/4323
f 4324/4324/4324 4325/4325/4325 4326/4326/4326
f 4327/4327/4327 4328/4328/4328 4329/4329/4329
f 4330/4330/4330 4331/4331/4331 4332/4332/4332
f 4333/4333/4333 4334/4334/4334 4335/4335/4335
f 4336/4336/4336 4337/4337/4337 4338/4338/4338
f 4339/4339/4339 4340/4340/4340 4341/4341/4341
f 4342/4342/4342 4343/4343/4343 4344/4344/4344
f 4345/4345/4345 4346/4346/4346 4347/4347/4347
f 4348/4348/4348 4349/4349/4349 4350/4350/4350
f 4351/4351/4351 4352/4352/4352 4353/4353/4353
f 4354/4354/4354 4355/4355/4355 4356/4356/4356
f 4357/4357/4357 4358/4358/4358 4359/4359/4359
f 4360/4360/4360 4361/4361/4361 4362/4362/4362
f 4363/4363/4363 4364/4364/4364 4365/4365/4365
f 4366/4366/4366 4367/4367/4367 4368/4368/4368
f 4369/4369/4369 4370/4370/4370 4371/4371/4371
f 4372/4372/4372 4373/4373/4373 4374/4374/4374
f 4375/4375/4375 4376/4376/4376 4377/4377/4377
f 4378/4378/4378 4379/4379/4379 4380/4380/4380
f 4381/4381/4381 4382/4382/4382 4383/4383/4383
f 4384/4384/4384 4385/4385/4385 4386/4386/4386
f 4387/4387/4387 4388/4388/4388 4389/4389/4389
f 4390/4390/4390 4391/4391/4391 4392/4392/4392
f 4393/4393/4393 4394/4394/4394 4395/4395/4395
f 4396/4396/4396 4397/4397/4397 4398/4398/4398
f 4399/4399/4399 4400/4400/4400 4401/4401/4401
f 4402/4402/4402 4403/4403/4403 4404/4404/4404
f 4405/4405/4405 4406/4406/4406 4407/4407/4407
f 4408/4408/4408 4409/4409/4409 4410/4410/4410
f 4411/4411/4411 4412/4412/4412 4413/4413/4413
f 4414/4414/4414 4415/4415/4415 4416/4416/4416
f 4417/4417/4417 4418/4418/4418 4419/4419/4419
f 4420/4420/4420 4421/4421/4421 4422/4422/4422
f 4423/4423/4423 4424/4424/4424 4425/4425/4425
f 4426/4426/4426 4427/4427/4427 4428/4428/4428
f 4429/4429/4429 4430/4430/4430 4431/4431/4431
f 4432/4432/4432 4433/4433/4433 4434/4434/4434
f 4435/4435/4435 4436/4436/4436 4437/4437/4437
f 4438/4438/4438 4439/4439/4439 4440/4440/4440
f 4441/4441/4441 4442/4442/4442 4443/4443/4443
f 4444/4444/4444 4445/4445/4445 4446/4446/4446
f 4447/4447/4447 4448/4448/4448 4449/4449/4449
f 4450/4450/4450 4451/4451/4451 4452/4452/4452
f 4453/4453/4453 4454/4454/4454 4455/4455/4455
f 4456/4456/4456 4457/4457/4457 4458/4458/4458
f 4459/4459/4459 4460/4460/4460 4461/4461/4461
f 4462/4462/4462 4463/4463/4463 4464/4464/4464
f 4465/4465/4465 4466/4466/4466 4467/4467/4467
f 4468/4468/4468 4469/4469/4469 4470/4470/4470
f 4471/4471/4471 4472/4472/4472 4473/4473/4473
f 4474/4474/4474 4475/4475/4475 4476/4476/4476
f 4477/4477/4477 4478/4478/4478 4479/4479/4479
f 4480/4480/4480 4481/4481/4481 4482/4482/4482
f 4483/4483/4483 4484/4484/4484 4485/4485/4485
f 4486/4486/4486 4487/4487/4487 4488/4488/4488
f 4489/4489/4489 4490/4490/4490 4491/4491/4491
f 4492/4492/4492 4493/4493/4493 4494/4494/4494
f 4495/4495/4495 4496/4496/4496 4497/4497/4497
f 4498/4498/4498 4499/4499/4499 4500/4500/4500
f 4501/4501/4501 4502/4502/4502 4503/4503/4503
f 4504/4504/4504 4505/4505/4505 4506/4506/4506
f 4507/4507/4507 4508/4508/4508 4509/4509/4509
f 4510/4510/4510 4511/4511/4511 4512/4512/4512
f 4513/4513/4513 4514/4514/4514 4515/4515/4515
f 4516/4516/4516 4517/4517/4517 4518/4518/4518
f 4519/4519/4519 4520/4520/4520 4521/4521/4521
f 4522/4522/4522 4523/4523/4523 4524/4524/4524
f 4525/4525/4525 4526/4526/4526 4527/4527/4527
f 4528/4528/4528 4529/4529/4529 4530/4530/4530
f 4531/4531/4531 4532/4532/4532 4533/4533/4533
f 4534/4534/4534 4535/4535/4535 4536/4536/4536
f 4537/4537/4537 4538/4538/4538 4539/4539/4539
f 4540/4540/4540 4541/4541/4541 4542/4542/4542
f 4543/4543/4543 4544/4544/4544 4545/4545/4545
f 4546/4546/4546 4547/4547/4547 4548/4548/4548
f 4549/4549/4549 4550/4550/4550 4551/4551/4551
f 4552/4552/4552 4553/4553/4553 4554/4554/4554
f 4555/4555/4555 4556/4556/4556 4557/4557/4557
f 4558/4558/4558 4559/4559/4559 4560/4560/4560
f 4561/4561/4561 4562/4562/4562 4563/4563/4563
f 4564/4564/4564 4565/4565/4565 4566/4566/4566
f 4567/4567/4567 4568/4568/4568 4569/4569/4569
f 4570/4570/4570 4571/4571/4571 4572/4572/4572
f 4573/4573/4573 4574/4574/4574 4575/4575/4575
f 4576/4576/4576 4577/4577/4577 4578/4578/4578
f 4579/4579/4579 4580/4580/4580 4581/4581/4581
f 4582/4582/4582 4583/4583/4583 4584/4584/4584
f 4585/4585/4585 4586/4586/4586 4587/4587/4587
f 4588/4588/4588 4589/4589/4589 4590/4590/4590
f 4591/4591/4591 4592/4592/4592 4593/4593/4593
f 4594/4594/4594 4595/4595/4595 4596/4596/4596
f 4597/4597/4597 4598/4598/4598 4599/4599/4599
f 4600/4600/4600 4601/4601/4601 4602/4602/4602
f 4603/4603/4603 4604/4604/4604 4605/4605/4605
f 4606/4606/4606 4607/4607/4607 4608/4608/4608
f 4609/4609/4609 4610/4610/4610 4611/4611/4611
f 4612/4612/4612 4613/4613/4613 4614/4614/4614
f 4615/4615/4615 4616/4616/4616 4617/4617/4617
f 4618/4618/4618 4619/4619/4619 4620/4620/4620
f 4621/4621/4621 4622/4622/4622 4623/4623/4623
f 4624/4624/4624 4625/4625/4625 4626/4626/4626
f 4627/4627/4627 4628/4628/4628 4629/4629/4629
f 4630/4630/4630 4631/4631/4631 4632/4632/4632
f 4633/4633/4633 4634/4634/4634 4635/4635/4635
f 4636/4636/4636 4637/4637/4637 4638/4638/4638
f 4639/4639/4639 4640/4640/4640 4641/4641/4641
f 4642/4642/4642 4643/4643/4643 4644/4644/4644
f 4645/4645/4645 4646/4646/4646 4647/4647/4647
f 4648/4648/4648 4649/4649/4649 4650/4650/4650
f 4651/4651/4651 4652/4652/4652 4653/4653/4653
f 4654/4654/4654 4655/4655/4655 4656/4656/4656
f 4657/4657/4657 4658/4658/4658 4659/4659/4659
f 4660/4660/4660 4661/4661/4661 4662/4662/4662
f 4663/4663/4663 4664/4664/4664 4665/4665/4665
f 4666/4666/4666 4667/4667/4667 4668/4668/4668
f 4669/4669/4669 4670/4670/4670 4671/4671/4671
f 4672/4672/4672 4673/4673/4673 4674/4674/4674
f 4675/4675/4675 4676/4676/4676 4677/4677/4677
f 4678/4678/4678 4679/4679/4679 4680/4680/4680
f 4681/4681/4681 4682/4682/4682 4683/4683/4683
f 4684/4684/4684 4685/4685/4685 4686/4686/4686
f 4687/4687/4687 4688/4688/4688 4689/4689/4689
f 4690/4690/4690 4691/4691/4691 4692/4692/4692
f 4693/4693/4693 4694/4694/4694 4695/4695/4695
f 4696/4696/4696 4697/4697/4697 4698/4698/4698
f 4699/4699/4699 4700/4700/4700 4701/4701/4701
f 4702/4702/4702 4703/4703/4703 4704/4704/4704
f 4705/4705/4705 4706/4706/4706 4707/4707/4707
f 4708/4708/4708 4709/4709/4709 4710/4710/4710
f 4711/4711/4711 4712/4712/4712 4713/4713/4713
f 4714/4714/4714 4715/4715/4715 4716/4716/4716
f 4717/4717/4717 4718/4718/4718 4719/4719/4719
f 4720/4720/4720 4721/4721/4721 4722/4722/4722
f 4723/4723/4723 4724/4724/4724 4725/4725/4725
f 4726/4726/4726 4727/4727/4727 4728/4728/4728
f 4729/4729/4729 4730/4730/4730 4731/4731/4731
f 4732/4732/4732 4733/4733/4733 4734/4734/4734
f 4735/4735/4735 4736/4736/4736 4737/4737/4737
f 4738/4738/4738 4739/4739/4739 4740/4740/4740
f 4741/4741/4741 4742/4742/4742 4743/4743/4743
f 4744/4744/4744 4745/4745/4745 4746/4746/4746
f 4747/4747/4747 4748/4748/4748 4749/4749/4749
f 4750/4750/4750 4751/4751/4751 4752/4752/4752
f 4753/4753/4753 4754/4754/4754 4755/4755/4755
f 4756/4756/4756 4757/4757/4757 4758/4758/4758
f 4759/4759/4759 4760/4760/4760 4761/4761/4761
f 4762/4762/4762 4763/4763/4763 4764/4764/4764
f 4765/4765/4765 4766/4766/4766 4767/4767/4767
f 4768/4768/4768 4769/4769/4769 4770/4770/4770
f 4771/4771/4771 4772/4772/4772 4773/4773/4773
f 4774/4774/4774 4775/4775/4775 4776/4776/4776
f 4777/4777/4777 4778/4778/4778 4779/4779/4779
f 4780/4780/4780 4781/4781/4781 4782/4782/4782
f 4783/4783/4783 4784/4784/4784 4785/4785/4785
f 4786/4786/4786 4787/4787/4787 4788/4788/4788
f 4789/4789/4789 4790/4790/4790 4791/4791/4791
f 4792/4792/4792 4793/4793/4793 4794/4794/4794
f 4795/4795/4795 4796/4796/4796 4797/4797/4797
f 4798/4798/4798 4799/4799/4799 4800/4800/4800
f 4801/4801/4801 4802/4802/4802 4803/4803/4803
f 4804/4804/4804 4805/4805/4805 4806/4806/4806
f 4807/4807/4807 4808/4808/4808 4809/4809/4809
f 4810/4810/4810 4811/4811/4811 4812/4812/4812
f 4813/4813/4813 4814/4814/4814 4815/4815/4815
f 4816/4816/4816 4817/4817/4817 4818/4818/4818
f 4819/4819/4819 4820/4820/4820 4821/4821/4821
f 4822/4822/4822 4823/4823/4823 4824/4824/4824
f 4825/4825/4825 4826/4826/4826 4827/4827/4827
f 4828/4828/4828 4829/4829/4829 4830/4830/4830
f 4831/4831/4831 4832/4832/4832 4833/4833/4833
f 4834/4834/4834 4835/4835/4835 4836/4836/4836
f 4837/4837/4837 4838/4838/4838 4839/4839/4839
f 4840/4840/4840 4841/4841/4841 4842/4842/4842
f 4843/4843/4843 4844/4844/4844 4845/4845/4845
f 4846/4846/4846 4847/4847/4847 4848/4848/4848
f 4849/4849/4849 4850/4850/4850 4851/4851/4851
f 4852/4852/4852 4853/4853/4853 4854/4854/4854
f 4855/4855/4855 4856/4856/4856 4857/4857/4857
f 4858/4858/4858 4859/4859/4859 4860/4860/4860
f 4861/4861/4861 4862/4862/4862 4863/4863/4863
f 4864/4864/4864 4865/4865/4865 4866/4866/4866
f 4867/4867/4867 4868/4868/4868 4869/4869/4869
f 4870/4870/4870 4871/4871/4871 4872/4872/4872
f 4873/4873/4873 4874/4874/4874 4875/4875/4875
f 4876/4876/4876 4877/4877/4877 4878/4878/4878
f 4879/4879/4879 4880/4880/4880 4881/4881/4881
f 4882/4882/4882 4883/4883/4883 4884/4884/4884
f 4885/4885/4885 4886/4886/4886 4887/4887/4887
f 4888/4888/4888 4889/4889/4889 4890/4890/4890
f 4891/4891/4891 4892/4892/4892 4893/4893/4893
f 4894/4894/4894 4895/4895/4895 4896/4896/4896
f 4897/4897/4897 4898/4898/4898 4899/4899/4899
f 4900/4900/4900 4901/4901/4901 4902/4902/4902
f 4903/4903/4903 4904/4904/4904 4905/4905/4905
f 4906/4906/4906 4907/4907/4907 4908/4908/4908
f 4909/4909/4909 4910/4910/4910 4911/4911/4911
f 4912/4912/4912 4913/4913/4913 4914/4914/4914
f 4915/4915/4915 4916/4916/4916 4917/4917/4917
f 4918/4918/4918 4919/4919/4919 4920/4920/4920
f 4921/4921/4921 4922/4922/4922 4923/4923/4923
f 4924/4924/4924 4925/4925/4925 4926/4926/4926
f 4927/4927/4927 4928/4928/4928 4929/4929/4929
f 4930/4930/4930 4931/4931/4931 4932/4932/4932
f 4933/4933/4933 4934/4934/4934 4935/4935/4935
f 4936/4936/4936 4937/4937/4937 4938/4938/4938
f 4939/4939/4939 4940/4940/4940 4941/4941/4941
f 4942/4942/4942 4943/4943/4943 4944/4944/4944
f 4945/4945/4945 4946/4946/4946 4947/4947/4947
f 4948/4948/4948 4949/4949/4949 4950/4950/4950
f 4951/4951/4951 4952/4952/4952 4953/4953/4953
f 4954/4954/4954 4955/4955/4955 4956/4956/4956
f 4957/4957/4957 4958/4958/4958 4959/4959/4959
f 4960/4960/4960 4961/4961/4961 4962/4962/4962
f 4963/4963/4963 4964/4964/4964 4965/4965/4965
f 4966/4966/4966 4967/4967/4967 4968/4968/4968
f 4969/4969/4969 4970/4970/4970 4971/4971/4971
f 4972/4972/4972 4973/4973/4973 4974/4974/4974
f 4975/4975/4975 4976/4976/4976 4977/4977/4977
f 4978/4978/4978 4979/4979/4979 4980/4980/4980
f 4981/4981/4981 4982/4982/4982 4983/4983/4983
f 4984/4984/4984 4985/4985/4985 4986/4986/4986
f 4987/4987/4987 4988/4988/4988 4989/4989/4989
f 4990/4990/4990 4991/4991/4991 4992/4992/4992
f 4993/4993/4993 4994/4994/4994 4995/4995/4995
f 4996/4996/4996 4997/4997/4997 4998/4998/4998
f 4999/4999/4999 5000/5000/5000 5001/5001/5001
f 5002/5002/5002 5003/5003/5003 5004/5004/5004
f 5005/5005/5005 5006/5006/5006 5007/5007/5007
f 5008/5008/5008 5009/5009/5009 5010/5010/5010
f 5011/5011/5011 5012/5012/5012 5013/5013/5013
f 5014/5014/5014 5015/5015/5015 5016/5016/5016
f 5017/5017/5017 5018/5018/5018 5019/5019/5019
f 5020/5020/5020 5021/5021/5021 5022/5022/5022
f 5023/5023/5023 5024/5024/5024 5025/5025/5025
f 5026/5026/5026 5027/5027/5027 5028/5028/5028
f 5029/5029/5029 5030/5030/5030 5031/5031/5031
f 5032/5032/5032 5033/5033/5033 5034/5034/5034
f 5035/5035/5035 5036/5036/5036 5037/5037/5037
f 5038/5038/5038 5039/5039/5039 5040/5040/5040
f 5041/5041/5041 5042/5042/5042 5043/5043/5043
f 5044/5044/5044 5045/5045/5045 5046/5046/5046
f 5047/5047/5047 5048/5048/5048 5049/5049/5049
f 5050/5050/5050 5051/5051/5051 5052/5052/5052
f 5053/5053/5053 5054/5054/5054 5055/5055/5055
f 5056/5056/5056 5057/5057/5057 5058/5058/5058
f 5059/5059/5059 5060/5060/5060 5061/5061/5061
f 5062/5062/5062 5063/5063/5063 5064/5064/5064
f 5065/5065/5065 5066/5066/5066 5067/5067/5067
f 5068/5068/5068 5069/5069/5069 5070/5070/5070
f 5071/5071/5071 5072/5072/5072 5073/5073/5073
f 5074/5074/5074 5075/5075/5075 5076/5076/5076
f 5077/5077/5077 5078/5078/5078 5079/5079/5079
f 5080/5080/5080 5081/5081/5081 5082/5082/5082
f 5083/5083/5083 5084/5084/5084 5085/5085/5085
f 5086/5086/5086 5087/5087/5087 5088/5088/5088
f 5089/5089/5089 5090/5090/5090 5091/5091/5091
f 5092/5092/5092 5093/5093/5093 5094/5094/5094
f 5095/5095/5095 5096/5096/5096 5097/5097/5097
f 5098/5098/5098 5099/5099/5099 5100/5100/5100
f 5101/5101/5101 5102/5102/5102 5103/5103/5103
f 5104/5104/5104 5105/5105/5105 5106/5106/5106
f 5107/5107/5107 5108/5108/5108 5109/5109/5109
f 5110/5110/5110 5111/5111/5111 5112/5112/5112
f 5113/5113/5113 5114/5114/5114 5115/5115/5115
f 5116/5116/5116 5117/5117/5117 5118/5118/5118
f 5119/5119/5119 5120/5120/5120 5121/5121/5121
f 5122/5122/5122 5123/5123/5123 5124/5124/5124
f 5125/5125/5125 5126/5126/5126 5127/5127/5127
f 5128/5128/5128 5129/5129/5129 5130/5130/5130
f 5131/5131/5131 5132/5132/5132 5133/5133/5133
f 5134/5134/5134 5135/5135/5135 5136/5136/5136
f 5137/5137/5137 5138/5138/5138 5139/5139/5139
f 5140/5140/5140 5141/5141/5141 5142/5142/5142
f 5143/5143/5143 5144/5144/5144 5145/5145/5145
f 5146/5146/5146 5147/5147/5147 5148/5148/5148
f 5149/5149/5149 5150/5150/5150 5151/5151/5151
f 5152/5152/5152 5153/5153/5153 5154/5154/5154
f 5155/5155/5155 5156/5156/5156 5157/5157/5157
f 5158/5158/5158 5159/5159/5159 5160/5160/5160
f 5161/5161/5161 5162/5162/5162 5163/5163/5163
f 5164/5164/5164 5165/5165/5165 5166/5166/5166
f 5167/5167/5167 5168/5168/5168 5169/5169/5169
f 5170/5170/5170 5171/5171/5171 5172/5172/5172
f 5173/5173/5173 5174/5174/5174 5175/5175/5175
f 5176/5176/5176 5177/5177/5177 5178/5178/5178
f 5179/5179/5179 5180/5180/5180 5181/5181/5181
f 5182/5182/5182 5183/5183/5183 5184/5184/5184
